Timestamp,Sheet,Metric,Stage,Model,WMAPE,MAE,MAPE,Accuracy
2026-02-03 12:16:35,Sheet1,Canceled,Univariate,Baseline_SMA,0.59166,22.56190,0.35046,40.83
2026-02-03 12:16:35,Sheet1,Canceled,Multivariate,Baseline_SMA,0.59166,22.56190,0.35046,40.83
2026-02-03 12:16:41,Sheet1,Canceled,Univariate,TBATS,0.75901,28.94365,0.69177,24.10
2026-02-03 12:16:41,Sheet1,Canceled,Univariate,Prophet,0.63184,24.09426,0.62285,36.82
2026-02-03 12:16:42,Sheet1,Canceled,Univariate,LightGBM,0.60922,23.23147,0.48315,39.08
2026-02-03 12:16:44,Sheet1,Canceled,Univariate,HistGB,0.70784,26.99233,0.76055,29.22
2026-02-03 12:16:44,Sheet1,Canceled,Univariate,ExpSmoothing,0.62406,23.79744,0.53304,37.59
2026-02-03 12:16:44,Sheet1,Canceled,Univariate,SARIMAX,0.65663,25.03964,0.68834,34.34
2026-02-03 12:16:45,Sheet1,Canceled,Multivariate,LightGBM,0.72938,27.81352,0.86457,27.06
2026-02-03 12:16:45,Sheet1,Canceled,Multivariate,XGBoost,1.08044,41.20061,1.19452,-8.04
2026-02-03 12:16:46,Sheet1,Canceled,Multivariate,HistGB,0.72955,27.82014,0.82449,27.05
2026-02-03 12:16:46,Sheet1,Canceled,Multivariate,ExtraTrees,0.57776,22.03201,0.52090,42.22
2026-02-03 12:16:46,Sheet1,Canceled,Multivariate,Ridge,0.58582,22.33933,0.50353,41.42
2026-02-03 12:16:46,Sheet1,Canceled,Multivariate,Huber,0.59250,22.59396,0.51047,40.75
2026-02-03 12:16:48,Sheet1,Canceled,Multivariate,ExtraTrees,0.57038,21.75032,0.52090,42.96
2026-02-03 12:16:48,Sheet1,Closed incomplete,Univariate,Baseline_SMA,0.00000,0.00000,0.00000,0.00
2026-02-03 12:16:48,Sheet1,Closed incomplete,Multivariate,Baseline_SMA,0.00000,0.00000,0.00000,0.00
2026-02-03 12:16:48,Sheet1,Closed incomplete,Univariate,Baseline_SMA,0.00000,0.00000,0.00000,0.00
2026-02-03 12:16:48,Sheet1,Closed incomplete,Multivariate,Baseline_SMA,0.00000,0.00000,0.00000,0.00
2026-02-03 12:25:12,Sheet2,APO Canceled,Univariate,Baseline_SMA,0.60000,0.10000,1.00000,0.00
2026-02-03 12:25:12,Sheet2,APO Canceled,Multivariate,Baseline_SMA,0.60000,0.10000,1.00000,0.00
2026-02-03 12:25:12,Sheet2,APO Canceled,Univariate,Baseline_SMA,0.60000,0.10000,1.00000,0.00
2026-02-03 12:25:12,Sheet2,APO Canceled,Multivariate,Baseline_SMA,0.60000,0.10000,1.00000,0.00
2026-02-03 12:25:12,Sheet2,APO Closed Complete,Univariate,Baseline_SMA,0.53486,7.67241,0.89917,46.51
2026-02-03 12:25:12,Sheet2,APO Closed Complete,Multivariate,Baseline_SMA,0.53486,7.67241,0.89917,46.51
2026-02-03 12:25:17,Sheet2,APO Closed Complete,Univariate,TBATS,0.78788,11.30201,1.12122,21.21
2026-02-03 12:25:17,Sheet2,APO Closed Complete,Univariate,Prophet,0.42755,6.13310,0.76048,57.25
2026-02-03 12:25:18,Sheet2,APO Closed Complete,Univariate,LightGBM,1.16563,16.72070,2.14559,-16.56
2026-02-03 12:25:20,Sheet2,APO Closed Complete,Univariate,HistGB,1.08937,15.62688,2.04811,-8.94
2026-02-03 12:25:20,Sheet2,APO Closed Complete,Univariate,ExpSmoothing,0.50155,7.19465,1.08606,49.85
2026-02-03 12:25:20,Sheet2,APO Closed Complete,Univariate,SARIMAX,0.47358,6.79345,0.97955,52.64
2026-02-03 12:25:20,Sheet2,APO Closed Complete,Multivariate,LightGBM,0.99342,14.25048,1.96840,0.66
2026-02-03 12:25:21,Sheet2,APO Closed Complete,Multivariate,XGBoost,1.09690,15.73491,2.15782,-9.69
2026-02-03 12:25:21,Sheet2,APO Closed Complete,Multivariate,HistGB,1.01086,14.50064,2.03034,-1.09
2026-02-03 12:25:21,Sheet2,APO Closed Complete,Multivariate,ExtraTrees,1.21163,17.38067,2.27136,-21.16
2026-02-03 12:25:21,Sheet2,APO Closed Complete,Multivariate,Ridge,0.82304,11.80640,1.56242,17.70
2026-02-03 12:25:21,Sheet2,APO Closed Complete,Multivariate,Huber,0.56295,8.07539,1.10660,43.71
2026-02-03 12:25:22,Sheet2,Manual  Batch,Univariate,Baseline_SMA,0.59943,6.22167,0.43978,40.06
2026-02-03 12:25:22,Sheet2,Manual  Batch,Multivariate,Baseline_SMA,0.59943,6.22167,0.43978,40.06
2026-02-03 12:25:25,Sheet2,Manual  Batch,Univariate,TBATS,0.60406,6.26971,0.39048,39.59
2026-02-03 12:25:26,Sheet2,Manual  Batch,Univariate,LightGBM,0.79869,8.28981,0.75905,20.13
2026-02-03 12:25:28,Sheet2,Manual  Batch,Univariate,HistGB,0.75259,7.81137,0.68854,24.74
2026-02-03 12:25:28,Sheet2,Manual  Batch,Univariate,ExpSmoothing,0.43215,4.48541,0.34188,56.79
2026-02-03 12:25:28,Sheet2,Manual  Batch,Multivariate,LightGBM,0.43246,4.48867,0.36230,56.75
2026-02-03 12:25:29,Sheet2,Manual  Batch,Multivariate,XGBoost,0.42673,4.42916,0.33189,57.33
2026-02-03 12:25:29,Sheet2,Manual  Batch,Multivariate,HistGB,0.48756,5.06049,0.43349,51.24
2026-02-03 12:25:29,Sheet2,Manual  Batch,Multivariate,ExtraTrees,0.38120,3.95662,0.26858,61.88
2026-02-03 12:25:29,Sheet2,Manual  Batch,Multivariate,Ridge,0.43769,4.54293,0.32072,56.23
2026-02-03 12:25:29,Sheet2,Manual  Batch,Multivariate,Huber,0.44833,4.65340,0.34549,55.17
2026-02-03 12:25:32,Sheet2,Manual  Batch,Multivariate,ExtraTrees,0.38120,3.95662,0.26858,61.88
2026-02-03 12:25:32,Sheet2,Manual MIR 6,Univariate,Baseline_SMA,0.60137,18.74631,0.48516,39.86
2026-02-03 12:25:32,Sheet2,Manual MIR 6,Multivariate,Baseline_SMA,0.60137,18.74631,0.48516,39.86
2026-02-03 12:25:37,Sheet2,Manual MIR 6,Univariate,TBATS,0.65772,20.50283,0.65244,34.23
2026-02-03 12:25:37,Sheet2,Manual MIR 6,Univariate,Prophet,0.40875,12.74161,0.40183,59.13
2026-02-03 12:25:37,Sheet2,Manual MIR 6,Univariate,LightGBM,0.53517,16.68265,0.75160,46.48
2026-02-03 12:25:39,Sheet2,Manual MIR 6,Univariate,HistGB,0.52796,16.45777,0.74566,47.20
2026-02-03 12:25:39,Sheet2,Manual MIR 6,Univariate,ExpSmoothing,0.44848,13.98031,0.39597,55.15
2026-02-03 12:25:40,Sheet2,Manual MIR 6,Univariate,SARIMAX,0.44536,13.88287,0.39573,55.46
2026-02-03 12:25:40,Sheet2,Manual MIR 6,Multivariate,LightGBM,0.27285,8.50533,0.37341,72.72
2026-02-03 12:25:40,Sheet2,Manual MIR 6,Multivariate,XGBoost,0.29065,9.06012,0.35401,70.94
2026-02-03 12:25:40,Sheet2,Manual MIR 6,Multivariate,HistGB,0.28604,8.91666,0.42028,71.40
2026-02-03 12:25:40,Sheet2,Manual MIR 6,Multivariate,ExtraTrees,0.29580,9.22095,0.33400,70.42
2026-02-03 12:25:40,Sheet2,Manual MIR 6,Multivariate,Ridge,0.32804,10.22590,0.46206,67.20
2026-02-03 12:25:40,Sheet2,Manual MIR 6,Multivariate,Huber,0.31097,9.69369,0.39126,68.90
2026-02-03 12:25:41,Sheet2,Manual MIR 6,Multivariate,LightGBM,0.27133,8.45804,0.37341,72.87
2026-02-03 20:00:43,Sheet1,Canceled,Univariate,Baseline_SMA,0.59166,22.56190,0.35046,40.83
2026-02-03 20:00:43,Sheet1,Canceled,Multivariate,Baseline_SMA,0.59166,22.56190,0.35046,40.83
2026-02-03 20:00:49,Sheet1,Canceled,Univariate,TBATS,0.75901,28.94365,0.69177,24.10
2026-02-03 20:00:49,Sheet1,Canceled,Univariate,Prophet,0.63184,24.09426,0.62285,36.82
2026-02-03 20:00:49,Sheet1,Canceled,Univariate,LightGBM,0.60922,23.23147,0.48315,39.08
2026-02-03 20:00:52,Sheet1,Canceled,Univariate,HistGB,0.70784,26.99233,0.76055,29.22
2026-02-03 20:00:52,Sheet1,Canceled,Univariate,ExpSmoothing,0.62406,23.79744,0.53304,37.59
2026-02-03 20:00:52,Sheet1,Canceled,Univariate,SARIMAX,0.65663,25.03964,0.68834,34.34
2026-02-03 20:00:53,Sheet1,Canceled,Multivariate,LightGBM,0.71979,27.44812,0.80596,28.02
2026-02-03 20:00:54,Sheet1,Canceled,Multivariate,XGBoost,0.78617,29.97929,0.86241,21.38
2026-02-03 20:00:54,Sheet1,Canceled,Multivariate,HistGB,0.67406,25.70414,0.71703,32.59
2026-02-03 20:00:54,Sheet1,Canceled,Multivariate,ExtraTrees,0.57752,22.02284,0.48943,42.25
2026-02-03 20:00:54,Sheet1,Canceled,Multivariate,Ridge,0.58582,22.33933,0.50353,41.42
2026-02-03 20:00:54,Sheet1,Canceled,Multivariate,Huber,0.59250,22.59396,0.51047,40.75
2026-02-03 20:00:57,Sheet1,Canceled,Multivariate,ExtraTrees,0.56963,21.72181,0.48943,43.04
2026-02-03 20:01:51,Sheet1,Closed incomplete,Univariate,Baseline_SMA,0.00000,0.00000,0.00000,100.00
2026-02-03 20:01:51,Sheet1,Closed incomplete,Multivariate,Baseline_SMA,0.00000,0.00000,0.00000,100.00
2026-02-03 20:01:51,Sheet1,Closed incomplete,Univariate,Baseline_SMA,0.00000,0.00000,0.00000,100.00
2026-02-03 20:01:51,Sheet1,Closed incomplete,Multivariate,Baseline_SMA,0.00000,0.00000,0.00000,100.00
2026-02-03 20:06:57,Sheet1,Closed incomplete,Univariate,Baseline_SMA,0.00000,0.00000,0.00000,100.00
2026-02-03 20:06:57,Sheet1,Closed incomplete,Multivariate,Baseline_SMA,0.00000,0.00000,0.00000,100.00
2026-02-03 20:06:57,Sheet1,Closed incomplete,Univariate,Baseline_SMA,0.00000,0.00000,0.00000,100.00
2026-02-03 20:06:57,Sheet1,Closed incomplete,Multivariate,Baseline_SMA,0.00000,0.00000,0.00000,100.00
2026-02-03 20:13:40,Sheet1,Canceled,Univariate,Baseline_SMA,0.59166,22.56190,0.35046,40.83
2026-02-03 20:13:40,Sheet1,Canceled,Multivariate,Baseline_SMA,0.59166,22.56190,0.35046,40.83
2026-02-03 20:13:46,Sheet1,Canceled,Univariate,TBATS,0.75901,28.94365,0.69177,24.10
2026-02-03 20:13:46,Sheet1,Canceled,Univariate,Prophet,0.63184,24.09426,0.62285,36.82
2026-02-03 20:13:46,Sheet1,Closed incomplete,Univariate,Baseline_SMA,0.00000,0.00000,0.00000,100.00
2026-02-03 20:13:46,Sheet1,Closed incomplete,Multivariate,Baseline_SMA,0.00000,0.00000,0.00000,100.00
2026-02-03 20:13:46,Sheet1,Closed incomplete,Univariate,Baseline_SMA,0.00000,0.00000,0.00000,100.00
2026-02-03 20:13:46,Sheet1,Closed incomplete,Multivariate,Baseline_SMA,0.00000,0.00000,0.00000,100.00
2026-02-03 20:13:46,Sheet1,Canceled,Univariate,LightGBM,0.60922,23.23147,0.48315,39.08
2026-02-03 20:13:51,Sheet1,Canceled,Univariate,HistGB,0.70784,26.99233,0.76055,29.22
2026-02-03 20:13:51,Sheet1,Canceled,Univariate,ExpSmoothing,0.62406,23.79744,0.53304,37.59
2026-02-03 20:13:51,Sheet1,Canceled,Univariate,SARIMAX,0.65663,25.03964,0.68834,34.34
2026-02-03 20:13:52,Sheet1,Canceled,Multivariate,LightGBM,0.71022,27.08317,0.82619,28.98
2026-02-03 20:13:52,Sheet1,Canceled,Multivariate,XGBoost,0.86541,33.00111,0.95020,13.46
2026-02-03 20:13:53,Sheet1,Canceled,Multivariate,HistGB,0.67486,25.73476,0.70414,32.51
2026-02-03 20:13:53,Sheet1,Canceled,Multivariate,ExtraTrees,0.57084,21.76796,0.48869,42.92
2026-02-03 20:13:53,Sheet1,Canceled,Multivariate,Ridge,0.58582,22.33933,0.50353,41.42
2026-02-03 20:13:53,Sheet1,Canceled,Multivariate,Huber,0.59250,22.59396,0.51047,40.75
2026-02-03 20:13:55,Sheet1,Canceled,Multivariate,ExtraTrees,0.56289,21.46479,0.48869,43.71
2026-02-03 20:26:04,Sheet1,Canceled,Univariate,Baseline_SMA,0.59166,22.56190,0.35046,40.83
2026-02-03 20:26:04,Sheet1,Canceled,Multivariate,Baseline_SMA,0.59166,22.56190,0.35046,40.83
2026-02-03 20:26:10,Sheet1,Canceled,Univariate,TBATS,0.75901,28.94365,0.69177,24.10
2026-02-03 20:26:10,Sheet1,Canceled,Univariate,Prophet,0.63184,24.09426,0.62285,36.82
2026-02-03 20:26:11,Sheet1,Canceled,Univariate,LightGBM,0.60922,23.23147,0.48315,39.08
2026-02-03 20:26:13,Sheet1,Canceled,Univariate,HistGB,0.70784,26.99233,0.76055,29.22
2026-02-03 20:26:13,Sheet1,Canceled,Univariate,ExpSmoothing,0.62406,23.79744,0.53304,37.59
2026-02-03 20:26:14,Sheet1,Canceled,Univariate,SARIMAX,0.65663,25.03964,0.68834,34.34
2026-02-03 20:26:14,Sheet1,Canceled,Multivariate,LightGBM,0.69001,26.31248,0.76478,31.00
2026-02-03 20:26:15,Sheet1,Canceled,Multivariate,XGBoost,0.89713,34.21056,1.06130,10.29
2026-02-03 20:26:15,Sheet1,Canceled,Multivariate,HistGB,0.73818,28.14915,0.84326,26.18
2026-02-03 20:26:16,Sheet1,Canceled,Multivariate,ExtraTrees,0.57053,21.75638,0.48886,42.95
2026-02-03 20:26:16,Sheet1,Canceled,Multivariate,Ridge,0.58582,22.33933,0.50353,41.42
2026-02-03 20:26:16,Sheet1,Canceled,Multivariate,Huber,0.59250,22.59396,0.51047,40.75
2026-02-03 20:26:18,Sheet1,Canceled,Multivariate,ExtraTrees,0.56440,21.52232,0.48886,43.56
2026-02-04 10:36:34,Sheet1,Canceled,Univariate,Baseline_SMA,0.59166,22.56190,0.35046,40.83
2026-02-04 10:36:34,Sheet1,Canceled,Multivariate,Baseline_SMA,0.59166,22.56190,0.35046,40.83
2026-02-04 10:36:44,Sheet1,Canceled,Univariate,TBATS,0.75901,28.94365,0.69177,24.10
2026-02-04 10:36:44,Sheet1,Canceled,Univariate,Prophet,0.63184,24.09426,0.62285,36.82
2026-02-04 10:36:45,Sheet1,Canceled,Univariate,LightGBM,0.60922,23.23147,0.48315,39.08
2026-02-04 10:36:47,Sheet1,Canceled,Univariate,HistGB,0.70784,26.99233,0.76055,29.22
2026-02-04 10:36:47,Sheet1,Canceled,Univariate,ExpSmoothing,0.62406,23.79744,0.53304,37.59
2026-02-04 10:36:48,Sheet1,Canceled,Univariate,SARIMAX,0.65663,25.03964,0.68834,34.34
2026-02-04 10:36:49,Sheet1,Canceled,Multivariate,LightGBM,0.75137,28.65227,0.92612,24.86
2026-02-04 10:36:49,Sheet1,Canceled,Multivariate,XGBoost,1.05452,40.21239,1.13739,-5.45
2026-02-04 10:36:50,Sheet1,Canceled,Multivariate,HistGB,0.67526,25.74983,0.66363,32.47
2026-02-04 10:36:50,Sheet1,Canceled,Multivariate,ExtraTrees,0.57510,21.93033,0.51432,42.49
2026-02-04 10:36:50,Sheet1,Canceled,Multivariate,Ridge,0.58582,22.33933,0.50353,41.42
2026-02-04 10:36:50,Sheet1,Canceled,Multivariate,Huber,0.59250,22.59396,0.51047,40.75
2026-02-04 10:36:53,Sheet1,Canceled,Multivariate,ExtraTrees,0.56833,21.67224,0.51432,43.17
2026-02-04 10:38:38,Sheet1,Canceled,Univariate,Baseline_SMA,0.59166,22.56190,0.35046,40.83
2026-02-04 10:38:38,Sheet1,Canceled,Multivariate,Baseline_SMA,0.59166,22.56190,0.35046,40.83
2026-02-04 10:38:48,Sheet1,Canceled,Univariate,TBATS,0.75901,28.94365,0.69177,24.10
2026-02-04 10:38:49,Sheet1,Canceled,Univariate,Prophet,0.63184,24.09426,0.62285,36.82
2026-02-04 10:38:49,Sheet1,Canceled,Univariate,LightGBM,0.60922,23.23147,0.48315,39.08
2026-02-04 10:38:52,Sheet1,Canceled,Univariate,HistGB,0.70784,26.99233,0.76055,29.22
2026-02-04 10:38:52,Sheet1,Canceled,Univariate,ExpSmoothing,0.62406,23.79744,0.53304,37.59
2026-02-04 10:38:53,Sheet1,Canceled,Univariate,SARIMAX,0.65663,25.03964,0.68834,34.34
2026-02-04 10:38:53,Sheet1,Canceled,Multivariate,LightGBM,0.75117,28.64445,0.88176,24.88
2026-02-04 10:38:54,Sheet1,Canceled,Multivariate,XGBoost,1.00933,38.48908,1.04945,-0.93
2026-02-04 10:38:54,Sheet1,Canceled,Multivariate,HistGB,0.75682,28.85998,0.84385,24.32
2026-02-04 10:38:54,Sheet1,Canceled,Multivariate,ExtraTrees,0.56305,21.47082,0.48204,43.70
2026-02-04 10:38:54,Sheet1,Canceled,Multivariate,Ridge,0.58582,22.33933,0.50353,41.42
2026-02-04 10:38:54,Sheet1,Canceled,Multivariate,Huber,0.59250,22.59396,0.51047,40.75
2026-02-04 10:38:57,Sheet1,Canceled,Multivariate,ExtraTrees,0.55785,21.27254,0.48204,44.22
2026-02-04 10:40:30,Sheet1,Closed incomplete,Univariate,Baseline_SMA,0.00000,0.00000,0.00000,100.00
2026-02-04 10:40:30,Sheet1,Closed incomplete,Multivariate,Baseline_SMA,0.00000,0.00000,0.00000,100.00
2026-02-04 10:40:30,Sheet1,Closed incomplete,Univariate,Baseline_SMA,0.00000,0.00000,0.00000,100.00
2026-02-04 10:40:30,Sheet1,Closed incomplete,Multivariate,Baseline_SMA,0.00000,0.00000,0.00000,100.00
2026-02-04 10:43:19,Sheet1,Closed incomplete,Univariate,Baseline_SMA,0.00000,0.00000,0.00000,100.00
2026-02-04 10:43:19,Sheet1,Closed incomplete,Multivariate,Baseline_SMA,0.00000,0.00000,0.00000,100.00
2026-02-04 10:43:19,Sheet1,Closed incomplete,Univariate,Baseline_SMA,0.00000,0.00000,0.00000,100.00
2026-02-04 10:43:19,Sheet1,Closed incomplete,Multivariate,Baseline_SMA,0.00000,0.00000,0.00000,100.00
2026-02-04 10:43:33,Sheet1,Canceled,Univariate,Baseline_SMA,0.59166,22.56190,0.35046,40.83
2026-02-04 10:43:33,Sheet1,Canceled,Multivariate,Baseline_SMA,0.59166,22.56190,0.35046,40.83
2026-02-04 10:43:43,Sheet1,Canceled,Univariate,TBATS,0.75901,28.94365,0.69177,24.10
2026-02-04 10:43:43,Sheet1,Canceled,Univariate,Prophet,0.63184,24.09426,0.62285,36.82
2026-02-04 10:43:44,Sheet1,Canceled,Univariate,LightGBM,0.60922,23.23147,0.48315,39.08
2026-02-04 10:43:47,Sheet1,Canceled,Univariate,HistGB,0.70784,26.99233,0.76055,29.22
2026-02-04 10:43:47,Sheet1,Canceled,Univariate,ExpSmoothing,0.62406,23.79744,0.53304,37.59
2026-02-04 10:43:47,Sheet1,Canceled,Univariate,SARIMAX,0.65663,25.03964,0.68834,34.34
2026-02-04 10:43:48,Sheet1,Canceled,Multivariate,LightGBM,0.72185,27.52669,0.81534,27.81
2026-02-04 10:43:49,Sheet1,Canceled,Multivariate,XGBoost,0.87931,33.53087,1.02845,12.07
2026-02-04 10:43:50,Sheet1,Canceled,Multivariate,HistGB,0.69739,26.59389,0.67096,30.26
2026-02-04 10:43:50,Sheet1,Canceled,Multivariate,ExtraTrees,0.57656,21.98598,0.51051,42.34
2026-02-04 10:43:50,Sheet1,Canceled,Multivariate,Ridge,0.58582,22.33933,0.50353,41.42
2026-02-04 10:43:50,Sheet1,Canceled,Multivariate,Huber,0.59250,22.59396,0.51047,40.75
2026-02-04 10:43:53,Sheet1,Canceled,Multivariate,ExtraTrees,0.57097,21.77315,0.51051,42.90
2026-02-04 11:05:22,Sheet1,Closed incomplete,Univariate,Baseline_SMA,0.00000,0.00000,0.00000,100.00
2026-02-04 11:05:22,Sheet1,Closed incomplete,Multivariate,Baseline_SMA,0.00000,0.00000,0.00000,100.00
2026-02-04 11:05:22,Sheet1,Closed incomplete,Univariate,Baseline_SMA,0.00000,0.00000,0.00000,100.00
2026-02-04 11:05:22,Sheet1,Closed incomplete,Multivariate,Baseline_SMA,0.00000,0.00000,0.00000,100.00
2026-02-04 11:05:28,Sheet1,Canceled,Univariate,Baseline_SMA,0.59166,22.56190,0.35046,40.83
2026-02-04 11:05:28,Sheet1,Canceled,Multivariate,Baseline_SMA,0.59166,22.56190,0.35046,40.83
2026-02-04 11:05:38,Sheet1,Canceled,Univariate,TBATS,0.75901,28.94365,0.69177,24.10
2026-02-04 11:05:38,Sheet1,Canceled,Univariate,Prophet,0.63184,24.09426,0.62285,36.82
2026-02-04 11:05:39,Sheet1,Canceled,Univariate,LightGBM,0.60922,23.23147,0.48315,39.08
2026-02-04 11:05:41,Sheet1,Canceled,Univariate,HistGB,0.70784,26.99233,0.76055,29.22
2026-02-04 11:05:41,Sheet1,Canceled,Univariate,ExpSmoothing,0.62406,23.79744,0.53304,37.59
2026-02-04 11:05:41,Sheet1,Canceled,Univariate,SARIMAX,0.65663,25.03964,0.68834,34.34
2026-02-04 11:05:42,Sheet1,Canceled,Multivariate,LightGBM,0.77543,29.56978,0.94354,22.46
2026-02-04 11:05:42,Sheet1,Canceled,Multivariate,XGBoost,0.93068,35.49001,1.12159,6.93
2026-02-04 11:05:43,Sheet1,Canceled,Multivariate,HistGB,0.79497,30.31493,1.00469,20.50
2026-02-04 11:05:43,Sheet1,Canceled,Multivariate,ExtraTrees,0.56016,21.36079,0.50051,43.98
2026-02-04 11:05:43,Sheet1,Canceled,Multivariate,Ridge,0.58352,22.25151,0.50009,41.65
2026-02-04 11:05:43,Sheet1,Canceled,Multivariate,Huber,0.58622,22.35437,0.50382,41.38
2026-02-04 11:05:47,Sheet1,Canceled,Multivariate,ExtraTrees,0.55696,21.23890,0.50051,44.30
2026-02-04 11:09:18,Sheet1,Canceled,Univariate,Baseline_SMA,0.59166,22.56190,0.35046,40.83
2026-02-04 11:09:18,Sheet1,Canceled,Multivariate,Baseline_SMA,0.59166,22.56190,0.35046,40.83
2026-02-04 11:09:28,Sheet1,Canceled,Univariate,TBATS,0.75901,28.94365,0.69177,24.10
2026-02-04 11:09:29,Sheet1,Canceled,Univariate,Prophet,0.63184,24.09426,0.62285,36.82
2026-02-04 11:09:29,Sheet1,Canceled,Univariate,LightGBM,0.60922,23.23147,0.48315,39.08
2026-02-04 11:09:32,Sheet1,Canceled,Univariate,HistGB,0.70784,26.99233,0.76055,29.22
2026-02-04 11:09:32,Sheet1,Canceled,Univariate,ExpSmoothing,0.62406,23.79744,0.53304,37.59
2026-02-04 11:09:32,Sheet1,Canceled,Univariate,SARIMAX,0.65663,25.03964,0.68834,34.34
2026-02-04 11:09:33,Sheet1,Canceled,Multivariate,LightGBM,0.78408,29.89975,0.98782,21.59
2026-02-04 11:09:33,Sheet1,Canceled,Multivariate,XGBoost,0.93081,35.49482,1.15549,6.92
2026-02-04 11:09:33,Sheet1,Canceled,Multivariate,HistGB,0.72743,27.73915,0.84739,27.26
2026-02-04 11:09:33,Sheet1,Canceled,Multivariate,ExtraTrees,0.55595,21.20010,0.47618,44.41
2026-02-04 11:09:33,Sheet1,Canceled,Multivariate,Ridge,0.58352,22.25151,0.50009,41.65
2026-02-04 11:09:33,Sheet1,Canceled,Multivariate,Huber,0.58622,22.35437,0.50382,41.38
2026-02-04 11:09:37,Sheet1,Canceled,Multivariate,ExtraTrees,0.55341,21.10350,0.47618,44.66
2026-02-04 11:34:03,Sheet1,Closed complete,Univariate,Baseline_SMA,0.49319,140.95238,0.41944,50.68
2026-02-04 11:34:03,Sheet1,Closed complete,Multivariate,Baseline_SMA,0.49319,140.95238,0.41944,50.68
2026-02-04 11:34:07,Sheet1,Closed complete,Univariate,TBATS,0.65420,186.97130,0.62692,34.58
2026-02-04 11:34:07,Sheet1,Closed complete,Univariate,Prophet,0.50268,143.66500,0.58758,49.73
2026-02-04 11:34:07,Sheet1,Closed complete,Univariate,LightGBM,0.49930,142.70065,0.44168,50.07
2026-02-04 11:34:10,Sheet1,Closed complete,Univariate,HistGB,0.50332,143.84883,0.46144,49.67
2026-02-04 11:34:10,Sheet1,Closed complete,Univariate,ExpSmoothing,0.41744,119.30421,0.51126,58.26
2026-02-04 11:34:10,Sheet1,Closed complete,Univariate,SARIMAX,0.43759,125.06272,0.53196,56.24
2026-02-04 11:34:10,Sheet1,Closed complete,Multivariate,LightGBM,0.50333,143.85105,0.54901,49.67
2026-02-04 11:34:10,Sheet1,Closed complete,Multivariate,XGBoost,0.44651,127.61270,0.50552,55.35
2026-02-04 11:34:11,Sheet1,Closed complete,Multivariate,HistGB,0.51870,148.24328,0.58450,48.13
2026-02-04 11:34:11,Sheet1,Closed complete,Multivariate,ExtraTrees,0.47175,134.82744,0.57117,52.82
2026-02-04 11:34:11,Sheet1,Closed complete,Multivariate,Ridge,0.36871,105.37829,0.37428,63.13
2026-02-04 11:34:11,Sheet1,Closed complete,Multivariate,Huber,0.34897,99.73612,0.32493,65.10
2026-02-04 11:34:12,Sheet1,Closed complete,Multivariate,Huber,0.32699,93.45266,0.32493,67.30
2026-02-05 15:06:36,Sheet1,meantemp,Univariate,Baseline_SMA,0.09747,2.99491,0.09417,90.25
2026-02-05 15:06:36,Sheet1,meantemp,Multivariate,Baseline_SMA,0.09747,2.99491,0.09417,90.25
2026-02-05 15:06:52,Sheet1,meantemp,Univariate,TBATS,0.20270,6.22826,0.20582,79.73
2026-02-05 15:06:52,Sheet1,meantemp,Univariate,Prophet,0.05982,1.83796,0.06266,94.02
2026-02-05 15:06:53,Sheet1,meantemp,Univariate,LightGBM,0.24627,7.56690,0.24568,75.37
2026-02-05 15:06:54,Sheet1,meantemp,Univariate,HistGB,0.26363,8.10041,0.26354,73.64
2026-02-05 15:06:54,Sheet1,meantemp,Univariate,ExpSmoothing,0.10345,3.17874,0.10822,89.65
2026-02-05 15:06:55,Sheet1,meantemp,Univariate,SARIMAX,0.11391,3.50011,0.11849,88.61
2026-02-05 15:21:31,Sheet1,meantemp,Univariate,Baseline_SMA,0.09747,2.99491,0.09417,90.25
2026-02-05 15:21:31,Sheet1,meantemp,Multivariate,Baseline_SMA,0.09747,2.99491,0.09417,90.25
2026-02-05 15:21:43,Sheet1,meantemp,Univariate,TBATS,0.20270,6.22826,0.20582,79.73
2026-02-05 15:21:43,Sheet1,meantemp,Univariate,Prophet,0.05982,1.83796,0.06266,94.02
2026-02-05 15:21:43,Sheet1,meantemp,Univariate,LightGBM,0.24627,7.56690,0.24568,75.37
2026-02-05 15:21:45,Sheet1,meantemp,Univariate,HistGB,0.26363,8.10041,0.26354,73.64
2026-02-05 15:21:45,Sheet1,meantemp,Univariate,ExpSmoothing,0.10345,3.17874,0.10822,89.65
2026-02-05 15:21:45,Sheet1,meantemp,Univariate,SARIMAX,0.11391,3.50011,0.11849,88.61
2026-02-05 15:26:43,Sheet1,meantemp,Univariate,Baseline_SMA,0.09747,2.99491,0.09417,90.25
2026-02-05 15:26:43,Sheet1,meantemp,Multivariate,Baseline_SMA,0.09747,2.99491,0.09417,90.25
2026-02-05 15:26:55,Sheet1,meantemp,Univariate,TBATS,0.20270,6.22826,0.20582,79.73
2026-02-05 15:26:56,Sheet1,meantemp,Univariate,Prophet,0.05982,1.83796,0.06266,94.02
2026-02-05 15:26:56,Sheet1,meantemp,Univariate,LightGBM,0.24627,7.56690,0.24568,75.37
2026-02-05 15:26:58,Sheet1,meantemp,Univariate,HistGB,0.26363,8.10041,0.26354,73.64
2026-02-05 15:26:58,Sheet1,meantemp,Univariate,ExpSmoothing,0.10345,3.17874,0.10822,89.65
2026-02-05 15:26:58,Sheet1,meantemp,Univariate,SARIMAX,0.11391,3.50011,0.11849,88.61
2026-02-05 15:27:59,Sheet1,meantemp,Univariate,Baseline_SMA,0.26247,4.53972,0.28831,73.75
2026-02-05 15:27:59,Sheet1,meantemp,Multivariate,Baseline_SMA,0.26247,4.53972,0.28831,73.75
2026-02-05 15:28:03,Sheet1,meantemp,Univariate,Baseline_SMA,0.26247,4.53972,0.28831,73.75
2026-02-05 15:28:03,Sheet1,meantemp,Multivariate,Baseline_SMA,0.26247,4.53972,0.28831,73.75
2026-02-05 15:28:06,Sheet1,meantemp,Univariate,Prophet,0.74369,12.86309,0.77981,25.63
2026-02-05 15:28:06,Sheet1,meantemp,Univariate,Prophet,0.74369,12.86309,0.77981,25.63
2026-02-05 15:28:07,Sheet1,meantemp,Univariate,ExpSmoothing,0.13598,2.35192,0.15672,86.40
2026-02-05 15:28:07,Sheet1,meantemp,Univariate,ExpSmoothing,0.13598,2.35192,0.15672,86.40
2026-02-05 15:28:08,Sheet1,meantemp,Univariate,SARIMAX,0.19478,3.36893,0.21871,80.52
2026-02-05 15:28:08,Sheet1,meantemp,Univariate,SARIMAX,0.19478,3.36893,0.21871,80.52
2026-02-05 15:31:19,Sheet1,meantemp,Univariate,Baseline_SMA,0.26247,4.53972,0.28831,73.75
2026-02-05 15:31:19,Sheet1,meantemp,Multivariate,Baseline_SMA,0.26247,4.53972,0.28831,73.75
2026-02-05 15:32:07,Sheet1,meantemp,Univariate,TBATS,0.32904,5.69122,0.34849,67.10
2026-02-05 15:32:07,Sheet1,meantemp,Univariate,Prophet,0.74369,12.86309,0.77981,25.63
2026-02-05 15:32:08,Sheet1,meantemp,Univariate,LightGBM,0.12312,2.12951,0.12445,87.69
2026-02-05 15:32:10,Sheet1,meantemp,Univariate,HistGB,0.12152,2.10178,0.12371,87.85
2026-02-05 15:32:10,Sheet1,meantemp,Univariate,ExpSmoothing,0.13598,2.35192,0.15672,86.40
2026-02-05 15:32:11,Sheet1,meantemp,Univariate,SARIMAX,0.19478,3.36893,0.21871,80.52
2026-02-05 15:33:47,Sheet1,meantemp,Univariate,Baseline_SMA,0.09747,2.99491,0.09417,90.25
2026-02-05 15:33:47,Sheet1,meantemp,Multivariate,Baseline_SMA,0.09747,2.99491,0.09417,90.25
2026-02-05 15:34:01,Sheet1,meantemp,Univariate,TBATS,0.20270,6.22826,0.20582,79.73
2026-02-05 15:34:01,Sheet1,meantemp,Univariate,Prophet,0.05982,1.83796,0.06266,94.02
2026-02-05 15:34:01,Sheet1,meantemp,Univariate,LightGBM,0.24627,7.56690,0.24568,75.37
2026-02-05 15:34:03,Sheet1,meantemp,Univariate,HistGB,0.26363,8.10041,0.26354,73.64
2026-02-05 15:34:03,Sheet1,meantemp,Univariate,ExpSmoothing,0.10345,3.17874,0.10822,89.65
2026-02-05 15:34:03,Sheet1,meantemp,Univariate,SARIMAX,0.11391,3.50011,0.11849,88.61
2026-02-05 15:34:42,Sheet1,meantemp,Univariate,Baseline_SMA,0.26247,4.53972,0.28831,73.75
2026-02-05 15:34:42,Sheet1,meantemp,Multivariate,Baseline_SMA,0.26247,4.53972,0.28831,73.75
2026-02-05 15:34:50,Sheet1,meantemp,Univariate,Baseline_SMA,0.26247,4.53972,0.28831,73.75
2026-02-05 15:34:50,Sheet1,meantemp,Multivariate,Baseline_SMA,0.26247,4.53972,0.28831,73.75
2026-02-05 15:34:51,Sheet1,meantemp,Univariate,Prophet,0.74369,12.86309,0.77981,25.63
2026-02-05 15:35:22,Sheet1,meantemp,Univariate,ExpSmoothing,0.13598,2.35192,0.15672,86.40
2026-02-05 15:35:23,Sheet1,meantemp,Univariate,SARIMAX,0.19478,3.36893,0.21871,80.52
2026-02-05 15:35:29,Sheet1,meantemp,Univariate,Prophet,0.74369,12.86309,0.77981,25.63
2026-02-05 15:35:29,Sheet1,meantemp,Univariate,ExpSmoothing,0.13598,2.35192,0.15672,86.40
2026-02-05 15:35:29,Sheet1,meantemp,Univariate,SARIMAX,0.19478,3.36893,0.21871,80.52
2026-02-05 15:36:24,Sheet1,meantemp,Univariate,Baseline_SMA,0.26247,4.53972,0.28831,73.75
2026-02-05 15:36:24,Sheet1,meantemp,Multivariate,Baseline_SMA,0.26247,4.53972,0.28831,73.75
2026-02-05 15:37:11,Sheet1,meantemp,Univariate,TBATS,0.32904,5.69122,0.34849,67.10
2026-02-05 15:37:11,Sheet1,meantemp,Univariate,Prophet,0.74369,12.86309,0.77981,25.63
2026-02-05 15:37:12,Sheet1,meantemp,Univariate,LightGBM,0.12312,2.12951,0.12445,87.69
2026-02-05 15:37:14,Sheet1,meantemp,Univariate,HistGB,0.12152,2.10178,0.12371,87.85
2026-02-05 15:37:14,Sheet1,meantemp,Univariate,ExpSmoothing,0.13598,2.35192,0.15672,86.40
2026-02-05 15:37:15,Sheet1,meantemp,Univariate,SARIMAX,0.19478,3.36893,0.21871,80.52
2026-02-05 15:38:56,Sheet1,meantemp,Univariate,Baseline_SMA,0.26247,4.53972,0.28831,73.75
2026-02-05 15:38:56,Sheet1,meantemp,Multivariate,Baseline_SMA,0.26247,4.53972,0.28831,73.75
2026-02-05 15:39:43,Sheet1,meantemp,Univariate,TBATS,0.32904,5.69122,0.34849,67.10
2026-02-05 15:39:43,Sheet1,meantemp,Univariate,Prophet,0.74369,12.86309,0.77981,25.63
2026-02-05 15:39:44,Sheet1,meantemp,Univariate,LightGBM,0.12312,2.12951,0.12445,87.69
2026-02-05 15:39:46,Sheet1,meantemp,Univariate,HistGB,0.12152,2.10178,0.12371,87.85
2026-02-05 15:39:47,Sheet1,meantemp,Univariate,ExpSmoothing,0.13598,2.35192,0.15672,86.40
2026-02-05 15:39:47,Sheet1,meantemp,Univariate,SARIMAX,0.19478,3.36893,0.21871,80.52
2026-02-05 15:39:49,Sheet1,meantemp,Multivariate,LightGBM,0.11067,1.91426,0.12321,88.93
2026-02-05 15:39:50,Sheet1,meantemp,Multivariate,XGBoost,0.10875,1.88104,0.11997,89.12
2026-02-05 15:39:51,Sheet1,meantemp,Multivariate,HistGB,0.10653,1.84257,0.11772,89.35
2026-02-05 15:39:51,Sheet1,meantemp,Multivariate,ExtraTrees,0.07758,1.34181,0.08666,92.24
2026-02-05 15:39:51,Sheet1,meantemp,Multivariate,Ridge,0.08824,1.52623,0.09731,91.18
2026-02-05 15:39:53,Sheet1,meantemp,Multivariate,Huber,0.08961,1.54987,0.09851,91.04
2026-02-05 15:39:55,Sheet1,meantemp,Multivariate,ExtraTrees,0.07758,1.34181,0.08666,92.24
2026-02-05 15:48:38,Sheet1,meantemp,Univariate,Baseline_SMA,0.26247,4.53972,0.28831,73.75
2026-02-05 15:48:38,Sheet1,meantemp,Multivariate,Baseline_SMA,0.26247,4.53972,0.28831,73.75
2026-02-05 15:49:29,Sheet1,meantemp,Univariate,TBATS,0.32904,5.69122,0.34849,67.10
2026-02-05 15:49:30,Sheet1,meantemp,Univariate,Prophet,0.74369,12.86309,0.77981,25.63
2026-02-05 15:49:30,Sheet1,meantemp,Univariate,LightGBM,0.12312,2.12951,0.12445,87.69
2026-02-05 15:49:33,Sheet1,meantemp,Univariate,HistGB,0.12152,2.10178,0.12371,87.85
2026-02-05 15:49:33,Sheet1,meantemp,Univariate,ExpSmoothing,0.13598,2.35192,0.15672,86.40
2026-02-05 15:49:33,Sheet1,meantemp,Univariate,SARIMAX,0.19478,3.36893,0.21871,80.52
2026-02-05 15:49:36,Sheet1,meantemp,Multivariate,LightGBM,0.08360,1.44599,0.09422,91.64
2026-02-05 15:49:36,Sheet1,meantemp,Multivariate,XGBoost,0.08568,1.48192,0.09477,91.43
2026-02-05 15:49:37,Sheet1,meantemp,Multivariate,HistGB,0.09326,1.61305,0.10287,90.67
2026-02-05 15:49:37,Sheet1,meantemp,Multivariate,ExtraTrees,0.07689,1.32997,0.08396,92.31
2026-02-05 15:49:37,Sheet1,meantemp,Multivariate,Ridge,0.08446,1.46084,0.09357,91.55
2026-02-05 15:49:39,Sheet1,meantemp,Multivariate,Huber,0.08569,1.48205,0.09479,91.43
2026-02-05 15:49:43,Sheet1,meantemp,Multivariate,ExtraTrees,0.07689,1.32997,0.08396,92.31
2026-02-05 17:48:49,Sheet1,meantemp,Univariate,Baseline_SMA,0.26247,4.53972,0.28831,73.75
2026-02-05 17:48:49,Sheet1,meantemp,Multivariate,Baseline_SMA,0.26247,4.53972,0.28831,73.75
2026-02-05 17:49:36,Sheet1,meantemp,Univariate,TBATS,0.32904,5.69122,0.34849,67.10
2026-02-05 17:49:37,Sheet1,meantemp,Univariate,Prophet,0.74369,12.86309,0.77981,25.63
2026-02-05 17:49:37,Sheet1,meantemp,Univariate,LightGBM,0.12312,2.12951,0.12445,87.69
2026-02-05 17:49:40,Sheet1,meantemp,Univariate,HistGB,0.12152,2.10178,0.12371,87.85
2026-02-05 17:49:40,Sheet1,meantemp,Univariate,ExpSmoothing,0.13598,2.35192,0.15672,86.40
2026-02-05 17:49:40,Sheet1,meantemp,Univariate,SARIMAX,0.19478,3.36893,0.21871,80.52
2026-02-05 17:49:43,Sheet1,meantemp,Multivariate,LightGBM,0.08845,1.52983,0.09731,91.16
2026-02-05 17:49:43,Sheet1,meantemp,Multivariate,XGBoost,0.08680,1.50129,0.09465,91.32
2026-02-05 17:49:44,Sheet1,meantemp,Multivariate,HistGB,0.08579,1.48379,0.09336,91.42
2026-02-05 17:49:44,Sheet1,meantemp,Multivariate,ExtraTrees,0.07391,1.27845,0.07957,92.61
2026-02-05 17:49:44,Sheet1,meantemp,Multivariate,Ridge,0.06941,1.20046,0.07336,93.06
2026-02-05 17:49:46,Sheet1,meantemp,Multivariate,Huber,0.07050,1.21936,0.07473,92.95
2026-02-05 17:49:47,Sheet1,meantemp,Multivariate,Ridge,0.06941,1.20046,0.07336,93.06
2026-02-05 19:11:36,Sheet1,meantemp,Univariate,Baseline_SMA,0.26247,4.53972,0.28831,73.75
2026-02-05 19:11:36,Sheet1,meantemp,Multivariate,Baseline_SMA,0.26247,4.53972,0.28831,73.75
2026-02-05 19:12:27,Sheet1,meantemp,Univariate,TBATS,0.32904,5.69122,0.34849,67.10
2026-02-05 19:12:27,Sheet1,meantemp,Univariate,Prophet,0.74369,12.86309,0.77981,25.63
2026-02-05 19:12:28,Sheet1,meantemp,Univariate,LightGBM,0.12312,2.12951,0.12445,87.69
2026-02-05 19:12:30,Sheet1,meantemp,Univariate,HistGB,0.12152,2.10178,0.12371,87.85
2026-02-05 19:12:30,Sheet1,meantemp,Univariate,ExpSmoothing,0.13598,2.35192,0.15672,86.40
2026-02-05 19:12:31,Sheet1,meantemp,Univariate,SARIMAX,0.19478,3.36893,0.21871,80.52
2026-02-05 19:12:33,Sheet1,meantemp,Multivariate,LightGBM,0.08818,1.52523,0.09678,91.18
2026-02-05 19:12:34,Sheet1,meantemp,Multivariate,XGBoost,0.08475,1.46585,0.09333,91.53
2026-02-05 19:12:35,Sheet1,meantemp,Multivariate,HistGB,0.08137,1.40745,0.08915,91.86
2026-02-05 19:12:35,Sheet1,meantemp,Multivariate,ExtraTrees,0.07336,1.26885,0.07919,92.66
2026-02-05 19:12:35,Sheet1,meantemp,Multivariate,Ridge,0.06889,1.19161,0.07308,93.11
2026-02-05 19:12:37,Sheet1,meantemp,Multivariate,Huber,0.07010,1.21244,0.07459,92.99
2026-02-05 19:12:38,Sheet1,meantemp,Multivariate,Ridge,0.06889,1.19161,0.07308,93.11
2026-02-05 19:23:21,Sheet1,Canceled,Univariate,Baseline_SMA,0.59166,22.56190,0.35046,40.83
2026-02-05 19:23:21,Sheet1,Canceled,Multivariate,Baseline_SMA,0.59166,22.56190,0.35046,40.83
2026-02-05 19:23:27,Sheet1,Canceled,Univariate,TBATS,0.75901,28.94365,0.69177,24.10
2026-02-05 19:23:27,Sheet1,Canceled,Univariate,Prophet,0.63184,24.09426,0.62285,36.82
2026-02-05 19:23:28,Sheet1,Canceled,Univariate,LightGBM,0.60922,23.23147,0.48315,39.08
2026-02-05 19:23:30,Sheet1,Canceled,Univariate,HistGB,0.70784,26.99233,0.76055,29.22
2026-02-05 19:23:30,Sheet1,Canceled,Univariate,ExpSmoothing,0.62406,23.79744,0.53304,37.59
2026-02-05 19:23:31,Sheet1,Canceled,Univariate,SARIMAX,0.65663,25.03964,0.68834,34.34
2026-02-05 19:23:31,Sheet1,Canceled,Multivariate,LightGBM,0.76037,28.99561,0.92923,23.96
2026-02-05 19:23:32,Sheet1,Canceled,Multivariate,XGBoost,1.05156,40.09949,1.15356,-5.16
2026-02-05 19:23:32,Sheet1,Canceled,Multivariate,HistGB,0.72998,27.83666,0.81514,27.00
2026-02-05 19:23:32,Sheet1,Canceled,Multivariate,ExtraTrees,0.54289,20.70206,0.46221,45.71
2026-02-05 19:23:32,Sheet1,Canceled,Multivariate,Ridge,0.57451,21.90785,0.45137,42.55
2026-02-05 19:23:32,Sheet1,Canceled,Multivariate,Huber,0.57774,22.03111,0.47100,42.23
2026-02-05 19:23:35,Sheet1,Canceled,Multivariate,ExtraTrees,0.54289,20.70206,0.46221,45.71
2026-02-05 19:33:01,Sheet1,Closed complete,Univariate,Baseline_SMA,0.49319,140.95238,0.41944,50.68
2026-02-05 19:33:01,Sheet1,Closed complete,Multivariate,Baseline_SMA,0.49319,140.95238,0.41944,50.68
2026-02-05 19:33:04,Sheet1,Closed complete,Univariate,TBATS,0.65420,186.97130,0.62692,34.58
2026-02-05 19:33:05,Sheet1,Closed complete,Univariate,Prophet,0.50268,143.66500,0.58758,49.73
2026-02-05 19:33:05,Sheet1,Closed complete,Univariate,LightGBM,0.49930,142.70065,0.44168,50.07
2026-02-05 19:33:07,Sheet1,Closed complete,Univariate,HistGB,0.50332,143.84883,0.46144,49.67
2026-02-05 19:33:07,Sheet1,Closed complete,Univariate,ExpSmoothing,0.41744,119.30421,0.51126,58.26
2026-02-05 19:33:08,Sheet1,Closed complete,Univariate,SARIMAX,0.43759,125.06272,0.53196,56.24
2026-02-05 19:33:08,Sheet1,Closed complete,Multivariate,LightGBM,0.49246,140.74425,0.54734,50.75
2026-02-05 19:33:08,Sheet1,Closed complete,Multivariate,XGBoost,0.40006,114.33766,0.44461,59.99
2026-02-05 19:33:09,Sheet1,Closed complete,Multivariate,HistGB,0.48098,137.46412,0.54205,51.90
2026-02-05 19:33:09,Sheet1,Closed complete,Multivariate,ExtraTrees,0.45318,129.51846,0.54973,54.68
2026-02-05 19:33:09,Sheet1,Closed complete,Multivariate,Ridge,0.36363,103.92666,0.37188,63.64
2026-02-05 19:33:10,Sheet1,Closed complete,Multivariate,Huber,0.34972,99.95008,0.32831,65.03
2026-02-05 19:33:12,Sheet1,Closed complete,Multivariate,Huber,0.34972,99.95008,0.32831,65.03
2026-02-05 19:45:12,Sheet1,Canceled,Univariate,Baseline_SMA,0.59166,22.56190,0.35046,40.83
2026-02-05 19:45:12,Sheet1,Canceled,Multivariate,Baseline_SMA,0.59166,22.56190,0.35046,40.83
2026-02-05 19:45:18,Sheet1,Canceled,Univariate,TBATS,0.75901,28.94365,0.69177,24.10
2026-02-05 19:45:18,Sheet1,Canceled,Univariate,Prophet,0.63184,24.09426,0.62285,36.82
2026-02-05 19:45:19,Sheet1,Canceled,Univariate,LightGBM,0.60922,23.23147,0.48315,39.08
2026-02-05 19:45:21,Sheet1,Canceled,Univariate,HistGB,0.70784,26.99233,0.76055,29.22
2026-02-05 19:45:21,Sheet1,Canceled,Univariate,ExpSmoothing,0.62406,23.79744,0.53304,37.59
2026-02-05 19:45:21,Sheet1,Canceled,Univariate,SARIMAX,0.65663,25.03964,0.68834,34.34
2026-02-05 19:45:22,Sheet1,Canceled,Multivariate,LightGBM,0.73947,28.19849,0.91140,26.05
2026-02-05 19:45:22,Sheet1,Canceled,Multivariate,XGBoost,1.08117,41.22865,1.32713,-8.12
2026-02-05 19:45:23,Sheet1,Canceled,Multivariate,HistGB,0.69031,26.32368,0.83566,30.97
2026-02-05 19:45:23,Sheet1,Canceled,Multivariate,ExtraTrees,0.55791,21.27508,0.50269,44.21
2026-02-05 19:45:23,Sheet1,Canceled,Multivariate,Ridge,0.58735,22.39749,0.47585,41.27
2026-02-05 19:45:23,Sheet1,Canceled,Multivariate,Huber,0.58709,22.38773,0.49851,41.29
2026-02-05 19:45:25,Sheet1,Canceled,Multivariate,ExtraTrees,0.55791,21.27508,0.50269,44.21
2026-02-05 19:57:32,Sheet1,Canceled,Univariate,Baseline_SMA,0.59166,22.56190,0.35046,40.83
2026-02-05 19:57:32,Sheet1,Canceled,Multivariate,Baseline_SMA,0.59166,22.56190,0.35046,40.83
2026-02-05 19:57:38,Sheet1,Canceled,Univariate,TBATS,0.75901,28.94365,0.69177,24.10
2026-02-05 19:57:38,Sheet1,Canceled,Univariate,Prophet,0.63184,24.09426,0.62285,36.82
2026-02-05 19:57:39,Sheet1,Canceled,Univariate,LightGBM,0.60922,23.23147,0.48315,39.08
2026-02-05 19:57:41,Sheet1,Canceled,Univariate,HistGB,0.70784,26.99233,0.76055,29.22
2026-02-05 19:57:41,Sheet1,Canceled,Univariate,ExpSmoothing,0.62406,23.79744,0.53304,37.59
2026-02-05 19:57:42,Sheet1,Canceled,Univariate,SARIMAX,0.65663,25.03964,0.68834,34.34
2026-02-05 19:57:42,Sheet1,Canceled,Multivariate,LightGBM,0.65450,24.95818,0.76188,34.55
2026-02-05 19:57:43,Sheet1,Canceled,Multivariate,XGBoost,0.74405,28.37297,0.97452,25.60
2026-02-05 19:57:43,Sheet1,Canceled,Multivariate,HistGB,0.67218,25.63240,0.79362,32.78
2026-02-05 19:57:43,Sheet1,Canceled,Multivariate,ExtraTrees,0.57068,21.76202,0.52473,42.93
2026-02-05 19:57:43,Sheet1,Canceled,Multivariate,Ridge,0.59429,22.66228,0.49362,40.57
2026-02-05 19:57:43,Sheet1,Canceled,Multivariate,Huber,0.58932,22.47277,0.50807,41.07
2026-02-05 19:57:46,Sheet1,Canceled,Multivariate,ExtraTrees,0.57068,21.76202,0.52473,42.93
2026-02-05 20:02:05,Sheet1,Canceled,Univariate,Baseline_SMA,0.59166,22.56190,0.35046,40.83
2026-02-05 20:02:05,Sheet1,Canceled,Multivariate,Baseline_SMA,0.59166,22.56190,0.35046,40.83
2026-02-05 20:02:11,Sheet1,Canceled,Univariate,TBATS,0.75901,28.94365,0.69177,24.10
2026-02-05 20:02:11,Sheet1,Canceled,Univariate,Prophet,0.63184,24.09426,0.62285,36.82
2026-02-05 20:02:12,Sheet1,Canceled,Univariate,LightGBM,0.60922,23.23147,0.48315,39.08
2026-02-05 20:02:14,Sheet1,Canceled,Univariate,HistGB,0.70784,26.99233,0.76055,29.22
2026-02-05 20:02:14,Sheet1,Canceled,Univariate,ExpSmoothing,0.62406,23.79744,0.53304,37.59
2026-02-05 20:02:14,Sheet1,Canceled,Univariate,SARIMAX,0.65663,25.03964,0.68834,34.34
2026-02-05 20:02:15,Sheet1,Canceled,Multivariate,LightGBM,0.64766,24.69762,0.70731,35.23
2026-02-05 20:02:15,Sheet1,Canceled,Multivariate,XGBoost,0.74372,28.36062,0.90500,25.63
2026-02-05 20:02:15,Sheet1,Canceled,Multivariate,HistGB,0.65759,25.07598,0.75866,34.24
2026-02-05 20:02:16,Sheet1,Canceled,Multivariate,ExtraTrees,0.55648,21.22025,0.49147,44.35
2026-02-05 20:02:16,Sheet1,Canceled,Multivariate,Ridge,0.59429,22.66228,0.49362,40.57
2026-02-05 20:02:16,Sheet1,Canceled,Multivariate,Huber,0.58932,22.47277,0.50807,41.07
2026-02-05 20:02:18,Sheet1,Canceled,Multivariate,ExtraTrees,0.55648,21.22025,0.49147,44.35
2026-02-05 20:11:12,Sheet1,Canceled,Univariate,Baseline_SMA,0.59166,22.56190,0.35046,40.83
2026-02-05 20:11:12,Sheet1,Canceled,Multivariate,Baseline_SMA,0.59166,22.56190,0.35046,40.83
2026-02-05 20:11:17,Sheet1,Canceled,Univariate,Baseline_SMA,0.59166,22.56190,0.35046,40.83
2026-02-05 20:11:17,Sheet1,Canceled,Multivariate,Baseline_SMA,0.59166,22.56190,0.35046,40.83
2026-02-05 20:11:20,Sheet1,Canceled,Univariate,TBATS,0.75901,28.94365,0.69177,24.10
2026-02-05 20:11:20,Sheet1,Canceled,Univariate,Prophet,0.63184,24.09426,0.62285,36.82
2026-02-05 20:11:22,Sheet1,Canceled,Univariate,LightGBM,0.60922,23.23147,0.48315,39.08
2026-02-05 20:11:26,Sheet1,Canceled,Univariate,TBATS,0.75901,28.94365,0.69177,24.10
2026-02-05 20:11:26,Sheet1,Canceled,Univariate,Prophet,0.63184,24.09426,0.62285,36.82
2026-02-05 20:11:27,Sheet1,Canceled,Univariate,LightGBM,0.60922,23.23147,0.48315,39.08
2026-02-05 20:11:31,Sheet1,Canceled,Univariate,HistGB,0.70784,26.99233,0.76055,29.22
2026-02-05 20:11:31,Sheet1,Canceled,Univariate,ExpSmoothing,0.62406,23.79744,0.53304,37.59
2026-02-05 20:11:31,Sheet1,Canceled,Univariate,SARIMAX,0.65663,25.03964,0.68834,34.34
2026-02-05 20:11:32,Sheet1,Canceled,Multivariate,LightGBM,0.64766,24.69762,0.70731,35.23
2026-02-05 20:11:46,Sheet1,Canceled,Univariate,HistGB,0.70784,26.99233,0.76055,29.22
2026-02-05 20:11:46,Sheet1,Canceled,Univariate,ExpSmoothing,0.62406,23.79744,0.53304,37.59
2026-02-05 20:11:46,Sheet1,Canceled,Univariate,SARIMAX,0.65663,25.03964,0.68834,34.34
2026-02-05 20:11:49,Sheet1,Canceled,Multivariate,LightGBM,0.64766,24.69762,0.70731,35.23
2026-02-05 20:11:49,Sheet1,Canceled,Multivariate,XGBoost,0.74372,28.36062,0.90500,25.63
2026-02-05 20:11:50,Sheet1,Canceled,Multivariate,XGBoost,0.74372,28.36062,0.90500,25.63
2026-02-05 20:11:50,Sheet1,Canceled,Multivariate,HistGB,0.65759,25.07598,0.75866,34.24
2026-02-05 20:11:50,Sheet1,Canceled,Multivariate,ExtraTrees,0.55648,21.22025,0.49147,44.35
2026-02-05 20:11:50,Sheet1,Canceled,Multivariate,Ridge,0.59429,22.66228,0.49362,40.57
2026-02-05 20:11:50,Sheet1,Canceled,Multivariate,Huber,0.58932,22.47277,0.50807,41.07
2026-02-05 20:11:53,Sheet1,Canceled,Multivariate,HistGB,0.65759,25.07598,0.75866,34.24
2026-02-05 20:11:53,Sheet1,Canceled,Multivariate,ExtraTrees,0.55648,21.22025,0.49147,44.35
2026-02-05 20:11:53,Sheet1,Canceled,Multivariate,Ridge,0.59429,22.66228,0.49362,40.57
2026-02-05 20:11:53,Sheet1,Canceled,Multivariate,ExtraTrees,0.55648,21.22025,0.49147,44.35
2026-02-05 20:11:53,Sheet1,Canceled,Multivariate,Huber,0.58932,22.47277,0.50807,41.07
2026-02-05 20:11:56,Sheet1,Canceled,Multivariate,ExtraTrees,0.55648,21.22025,0.49147,44.35
2026-02-05 20:16:07,Sheet1,Canceled,Univariate,Baseline_SMA,0.59166,22.56190,0.35046,40.83
2026-02-05 20:16:07,Sheet1,Canceled,Multivariate,Baseline_SMA,0.59166,22.56190,0.35046,40.83
2026-02-05 20:16:13,Sheet1,Canceled,Univariate,TBATS,0.75901,28.94365,0.69177,24.10
2026-02-05 20:16:14,Sheet1,Canceled,Univariate,Prophet,0.63184,24.09426,0.62285,36.82
2026-02-05 20:16:14,Sheet1,Canceled,Univariate,LightGBM,0.60922,23.23147,0.48315,39.08
2026-02-05 20:16:17,Sheet1,Canceled,Univariate,HistGB,0.70784,26.99233,0.76055,29.22
2026-02-05 20:16:17,Sheet1,Canceled,Univariate,ExpSmoothing,0.62406,23.79744,0.53304,37.59
2026-02-05 20:16:17,Sheet1,Canceled,Univariate,SARIMAX,0.65663,25.03964,0.68834,34.34
2026-02-05 20:16:18,Sheet1,Canceled,Multivariate,LightGBM,0.66138,25.22061,0.77016,33.86
2026-02-05 20:16:18,Sheet1,Canceled,Multivariate,XGBoost,0.70154,26.75219,0.85166,29.85
2026-02-05 20:16:18,Sheet1,Canceled,Multivariate,HistGB,0.67186,25.62037,0.80318,32.81
2026-02-05 20:16:18,Sheet1,Canceled,Multivariate,ExtraTrees,0.57578,21.95647,0.54564,42.42
2026-02-05 20:16:18,Sheet1,Canceled,Multivariate,Ridge,0.59429,22.66228,0.49362,40.57
2026-02-05 20:16:18,Sheet1,Canceled,Multivariate,Huber,0.58932,22.47277,0.50807,41.07
2026-02-05 20:16:21,Sheet1,Canceled,Multivariate,ExtraTrees,0.57578,21.95647,0.54564,42.42
2026-02-05 20:54:09,Sheet1,Canceled,Univariate,Baseline_SMA,0.59166,22.56190,0.35046,40.83
2026-02-05 20:54:09,Sheet1,Canceled,Multivariate,Baseline_SMA,0.59166,22.56190,0.35046,40.83
2026-02-05 20:54:20,Sheet1,Canceled,Univariate,TBATS,0.75901,28.94365,0.69177,24.10
2026-02-05 20:54:20,Sheet1,Canceled,Univariate,Prophet,0.63184,24.09426,0.62285,36.82
2026-02-05 20:54:21,Sheet1,Canceled,Univariate,LightGBM,0.60922,23.23147,0.48315,39.08
2026-02-05 20:54:23,Sheet1,Canceled,Univariate,HistGB,0.70784,26.99233,0.76055,29.22
2026-02-05 20:54:23,Sheet1,Canceled,Univariate,ExpSmoothing,0.62406,23.79744,0.53304,37.59
2026-02-05 20:54:23,Sheet1,Canceled,Univariate,SARIMAX,0.65663,25.03964,0.68834,34.34
2026-02-05 20:54:23,Sheet1,Canceled,Univariate,Baseline_SMA,0.59166,22.56190,0.35046,40.83
2026-02-05 20:54:23,Sheet1,Canceled,Multivariate,Baseline_SMA,0.59166,22.56190,0.35046,40.83
2026-02-05 20:54:24,Sheet1,Canceled,Multivariate,LightGBM,0.73118,27.88228,0.89053,26.88
2026-02-05 20:54:24,Sheet1,Canceled,Multivariate,XGBoost,1.08899,41.52678,1.25975,-8.90
2026-02-05 20:54:24,Sheet1,Canceled,Multivariate,HistGB,0.74152,28.27679,0.90915,25.85
2026-02-05 20:54:24,Sheet1,Canceled,Multivariate,ExtraTrees,0.56088,21.38832,0.51376,43.91
2026-02-05 20:54:24,Sheet1,Canceled,Multivariate,Ridge,0.58735,22.39749,0.47585,41.27
2026-02-05 20:54:24,Sheet1,Canceled,Multivariate,Huber,0.58709,22.38773,0.49851,41.29
2026-02-05 20:54:28,Sheet1,Canceled,Multivariate,ExtraTrees,0.56088,21.38832,0.51376,43.91
2026-02-05 20:58:52,Sheet1,Canceled,Univariate,Baseline_SMA,0.59166,22.56190,0.35046,40.83
2026-02-05 20:58:52,Sheet1,Canceled,Multivariate,Baseline_SMA,0.59166,22.56190,0.35046,40.83
2026-02-05 20:59:04,Sheet1,Canceled,Univariate,TBATS,0.75901,28.94365,0.69177,24.10
2026-02-05 20:59:04,Sheet1,Canceled,Univariate,Prophet,0.63184,24.09426,0.62285,36.82
2026-02-05 20:59:04,Sheet1,Canceled,Univariate,LightGBM,0.60922,23.23147,0.48315,39.08
2026-02-05 20:59:07,Sheet1,Canceled,Univariate,HistGB,0.70784,26.99233,0.76055,29.22
2026-02-05 20:59:07,Sheet1,Canceled,Univariate,ExpSmoothing,0.62406,23.79744,0.53304,37.59
2026-02-05 20:59:08,Sheet1,Canceled,Univariate,SARIMAX,0.65663,25.03964,0.68834,34.34
2026-02-05 20:59:08,Sheet1,Canceled,Univariate,Baseline_SMA,0.59166,22.56190,0.35046,40.83
2026-02-05 20:59:08,Sheet1,Canceled,Multivariate,Baseline_SMA,0.59166,22.56190,0.35046,40.83
2026-02-05 20:59:08,Sheet1,Canceled,Multivariate,LightGBM,0.73118,27.88228,0.89053,26.88
2026-02-05 20:59:08,Sheet1,Canceled,Multivariate,XGBoost,1.08899,41.52678,1.25975,-8.90
2026-02-05 20:59:09,Sheet1,Canceled,Multivariate,HistGB,0.74152,28.27679,0.90915,25.85
2026-02-05 20:59:09,Sheet1,Canceled,Multivariate,ExtraTrees,0.56088,21.38832,0.51376,43.91
2026-02-05 20:59:09,Sheet1,Canceled,Multivariate,Ridge,0.58735,22.39749,0.47585,41.27
2026-02-05 20:59:09,Sheet1,Canceled,Multivariate,Huber,0.58709,22.38773,0.49851,41.29
2026-02-05 20:59:12,Sheet1,Canceled,Multivariate,ExtraTrees,0.56088,21.38832,0.51376,43.91
2026-02-05 21:01:56,Sheet1,Canceled,Univariate,Baseline_SMA,0.59166,22.56190,0.35046,40.83
2026-02-05 21:01:56,Sheet1,Canceled,Multivariate,Baseline_SMA,0.59166,22.56190,0.35046,40.83
2026-02-05 21:02:04,Sheet1,Canceled,Univariate,TBATS,0.75901,28.94365,0.69177,24.10
2026-02-05 21:02:05,Sheet1,Canceled,Univariate,Prophet,0.63184,24.09426,0.62285,36.82
2026-02-05 21:02:05,Sheet1,Canceled,Univariate,LightGBM,0.60922,23.23147,0.48315,39.08
2026-02-05 21:02:08,Sheet1,Canceled,Univariate,HistGB,0.70784,26.99233,0.76055,29.22
2026-02-05 21:02:08,Sheet1,Canceled,Univariate,ExpSmoothing,0.62406,23.79744,0.53304,37.59
2026-02-05 21:02:08,Sheet1,Canceled,Univariate,SARIMAX,0.65663,25.03964,0.68834,34.34
2026-02-05 21:02:08,Sheet1,Canceled,Univariate,Baseline_SMA,0.59166,22.56190,0.35046,40.83
2026-02-05 21:02:08,Sheet1,Canceled,Multivariate,Baseline_SMA,0.59166,22.56190,0.35046,40.83
2026-02-05 21:02:08,Sheet1,Canceled,Multivariate,LightGBM,0.78405,29.89846,0.97667,21.59
2026-02-05 21:02:08,Sheet1,Canceled,Multivariate,XGBoost,1.00203,38.21072,1.21187,-0.20
2026-02-05 21:02:09,Sheet1,Canceled,Multivariate,HistGB,0.71653,27.32356,0.85300,28.35
2026-02-05 21:02:09,Sheet1,Canceled,Multivariate,ExtraTrees,0.55094,21.00934,0.48363,44.91
2026-02-05 21:02:09,Sheet1,Canceled,Multivariate,Ridge,0.57451,21.90785,0.45137,42.55
2026-02-05 21:02:09,Sheet1,Canceled,Multivariate,Huber,0.57774,22.03111,0.47100,42.23
2026-02-05 21:02:12,Sheet1,Canceled,Multivariate,ExtraTrees,0.55094,21.00934,0.48363,44.91
2026-02-05 21:03:56,Sheet1,Canceled,Univariate,Baseline_SMA,0.59166,22.56190,0.35046,40.83
2026-02-05 21:03:56,Sheet1,Canceled,Multivariate,Baseline_SMA,0.59166,22.56190,0.35046,40.83
2026-02-05 21:04:07,Sheet1,Canceled,Univariate,TBATS,0.75901,28.94365,0.69177,24.10
2026-02-05 21:04:07,Sheet1,Canceled,Univariate,Prophet,0.63184,24.09426,0.62285,36.82
2026-02-05 21:04:08,Sheet1,Canceled,Univariate,LightGBM,0.60922,23.23147,0.48315,39.08
2026-02-05 21:04:11,Sheet1,Canceled,Univariate,HistGB,0.70784,26.99233,0.76055,29.22
2026-02-05 21:04:11,Sheet1,Canceled,Univariate,ExpSmoothing,0.62406,23.79744,0.53304,37.59
2026-02-05 21:04:11,Sheet1,Canceled,Univariate,SARIMAX,0.65663,25.03964,0.68834,34.34
2026-02-05 21:04:12,Sheet1,Canceled,Multivariate,LightGBM,0.78066,29.76905,0.95797,21.93
2026-02-05 21:04:12,Sheet1,Canceled,Multivariate,XGBoost,0.84585,32.25489,0.98843,15.42
2026-02-05 21:04:13,Sheet1,Canceled,Multivariate,HistGB,0.73482,28.02129,0.85941,26.52
2026-02-05 21:04:13,Sheet1,Canceled,Multivariate,ExtraTrees,0.55256,21.07081,0.48831,44.74
2026-02-05 21:04:13,Sheet1,Canceled,Multivariate,Ridge,0.57451,21.90785,0.45137,42.55
2026-02-05 21:04:13,Sheet1,Canceled,Multivariate,Huber,0.57774,22.03111,0.47100,42.23
2026-02-05 21:04:17,Sheet1,Canceled,Multivariate,ExtraTrees,0.55256,21.07081,0.48831,44.74
2026-02-05 21:04:49,Sheet1,Canceled,Univariate,Baseline_SMA,0.59166,22.56190,0.35046,40.83
2026-02-05 21:04:49,Sheet1,Canceled,Multivariate,Baseline_SMA,0.59166,22.56190,0.35046,40.83
2026-02-05 21:05:00,Sheet1,Canceled,Univariate,TBATS,0.75901,28.94365,0.69177,24.10
2026-02-05 21:05:00,Sheet1,Canceled,Univariate,Prophet,0.63184,24.09426,0.62285,36.82
2026-02-05 21:05:01,Sheet1,Canceled,Univariate,LightGBM,0.60922,23.23147,0.48315,39.08
2026-02-05 21:05:04,Sheet1,Canceled,Univariate,HistGB,0.70784,26.99233,0.76055,29.22
2026-02-05 21:05:04,Sheet1,Canceled,Univariate,ExpSmoothing,0.62406,23.79744,0.53304,37.59
2026-02-05 21:05:04,Sheet1,Canceled,Univariate,SARIMAX,0.65663,25.03964,0.68834,34.34
2026-02-05 21:05:05,Sheet1,Canceled,Multivariate,LightGBM,0.71877,27.40913,0.88993,28.12
2026-02-05 21:05:05,Sheet1,Canceled,Multivariate,XGBoost,0.85374,32.55593,0.99790,14.63
2026-02-05 21:05:06,Sheet1,Canceled,Multivariate,HistGB,0.73373,27.97967,0.91911,26.63
2026-02-05 21:05:06,Sheet1,Canceled,Multivariate,ExtraTrees,0.54984,20.96733,0.49363,45.02
2026-02-05 21:05:06,Sheet1,Canceled,Multivariate,Ridge,0.58735,22.39749,0.47585,41.27
2026-02-05 21:05:06,Sheet1,Canceled,Multivariate,Huber,0.58709,22.38773,0.49851,41.29
2026-02-05 21:05:09,Sheet1,Canceled,Multivariate,ExtraTrees,0.54984,20.96733,0.49363,45.02
2026-02-05 21:09:53,Sheet1,Canceled,Univariate,Baseline_SMA,0.59166,22.56190,0.35046,40.83
2026-02-05 21:09:53,Sheet1,Canceled,Multivariate,Baseline_SMA,0.59166,22.56190,0.35046,40.83
2026-02-05 21:10:02,Sheet1,Canceled,Univariate,Baseline_SMA,0.59166,22.56190,0.35046,40.83
2026-02-05 21:10:02,Sheet1,Canceled,Multivariate,Baseline_SMA,0.59166,22.56190,0.35046,40.83
2026-02-05 21:10:06,Sheet1,Canceled,Univariate,TBATS,0.75901,28.94365,0.69177,24.10
2026-02-05 21:10:07,Sheet1,Canceled,Univariate,Prophet,0.63184,24.09426,0.62285,36.82
2026-02-05 21:10:09,Sheet1,Canceled,Univariate,LightGBM,0.60922,23.23147,0.48315,39.08
2026-02-05 21:10:13,Sheet1,Canceled,Univariate,TBATS,0.75901,28.94365,0.69177,24.10
2026-02-05 21:10:13,Sheet1,Canceled,Univariate,Prophet,0.63184,24.09426,0.62285,36.82
2026-02-05 21:10:15,Sheet1,Canceled,Univariate,LightGBM,0.60922,23.23147,0.48315,39.08
2026-02-05 21:10:19,Sheet1,Canceled,Univariate,HistGB,0.70784,26.99233,0.76055,29.22
2026-02-05 21:10:19,Sheet1,Canceled,Univariate,ExpSmoothing,0.62406,23.79744,0.53304,37.59
2026-02-05 21:10:20,Sheet1,Canceled,Univariate,SARIMAX,0.65663,25.03964,0.68834,34.34
2026-02-05 21:10:21,Sheet1,Canceled,Multivariate,LightGBM,0.71135,27.12612,0.87949,28.87
2026-02-05 21:10:46,Sheet1,Canceled,Univariate,HistGB,0.70784,26.99233,0.76055,29.22
2026-02-05 21:10:46,Sheet1,Canceled,Univariate,ExpSmoothing,0.62406,23.79744,0.53304,37.59
2026-02-05 21:10:47,Sheet1,Canceled,Univariate,SARIMAX,0.65663,25.03964,0.68834,34.34
2026-02-05 21:10:54,Sheet1,Canceled,Multivariate,LightGBM,0.71135,27.12612,0.87949,28.87
2026-02-05 21:10:54,Sheet1,Canceled,Multivariate,XGBoost,0.87626,33.41480,1.03738,12.37
2026-02-05 21:10:55,Sheet1,Canceled,Multivariate,XGBoost,0.87626,33.41480,1.03738,12.37
2026-02-05 21:10:55,Sheet1,Canceled,Multivariate,HistGB,0.73433,28.00245,0.92071,26.57
2026-02-05 21:10:55,Sheet1,Canceled,Multivariate,ExtraTrees,0.54876,20.92591,0.51263,45.12
2026-02-05 21:10:55,Sheet1,Canceled,Multivariate,Ridge,0.58735,22.39749,0.47585,41.27
2026-02-05 21:10:55,Sheet1,Canceled,Multivariate,Huber,0.58709,22.38773,0.49851,41.29
2026-02-05 21:10:59,Sheet1,Canceled,Multivariate,ExtraTrees,0.54876,20.92591,0.51263,45.12
2026-02-05 21:10:59,Sheet1,Canceled,Multivariate,HistGB,0.73433,28.00245,0.92071,26.57
2026-02-05 21:10:59,Sheet1,Canceled,Multivariate,ExtraTrees,0.54876,20.92591,0.51263,45.12
2026-02-05 21:10:59,Sheet1,Canceled,Multivariate,Ridge,0.58735,22.39749,0.47585,41.27
2026-02-05 21:10:59,Sheet1,Canceled,Multivariate,Huber,0.58709,22.38773,0.49851,41.29
2026-02-05 21:11:03,Sheet1,Canceled,Multivariate,ExtraTrees,0.54876,20.92591,0.51263,45.12
2026-02-09 11:30:28,Sheet1,Canceled,Univariate,Baseline_SMA,0.59166,22.56190,0.35046,40.83
2026-02-09 11:30:28,Sheet1,Canceled,Multivariate,Baseline_SMA,0.59166,22.56190,0.35046,40.83
2026-02-09 11:30:33,Sheet1,Canceled,Univariate,TBATS,0.75901,28.94365,0.69177,24.10
2026-02-09 11:30:33,Sheet1,Canceled,Univariate,Prophet,0.63184,24.09426,0.62285,36.82
2026-02-09 11:30:34,Sheet1,Canceled,Univariate,LightGBM,0.60922,23.23147,0.48315,39.08
2026-02-09 11:30:36,Sheet1,Canceled,Univariate,HistGB,0.70784,26.99233,0.76055,29.22
2026-02-09 11:30:36,Sheet1,Canceled,Univariate,ExpSmoothing,0.62406,23.79744,0.53304,37.59
2026-02-09 11:30:37,Sheet1,Canceled,Univariate,SARIMAX,0.65663,25.03964,0.68834,34.34
2026-02-09 11:30:37,Sheet1,Canceled,Multivariate,LightGBM,0.69279,26.41856,0.86642,30.72
2026-02-09 11:30:38,Sheet1,Canceled,Multivariate,XGBoost,0.79062,30.14893,1.11885,20.94
2026-02-09 11:30:38,Sheet1,Canceled,Multivariate,HistGB,0.64045,24.42237,0.68730,35.96
2026-02-09 11:30:38,Sheet1,Canceled,Multivariate,ExtraTrees,0.55924,21.32568,0.50982,44.08
2026-02-09 11:30:38,Sheet1,Canceled,Multivariate,Ridge,0.58748,22.40247,0.47947,41.25
2026-02-09 11:30:38,Sheet1,Canceled,Multivariate,Huber,0.58828,22.43311,0.50663,41.17
2026-02-09 11:30:41,Sheet1,Canceled,Multivariate,ExtraTrees,0.55924,21.32568,0.50982,44.08
2026-02-09 11:34:00,Sheet1,Canceled,Univariate,Baseline_SMA,0.59166,22.56190,0.35046,40.83
2026-02-09 11:34:00,Sheet1,Canceled,Multivariate,Baseline_SMA,0.59166,22.56190,0.35046,40.83
2026-02-09 11:34:06,Sheet1,Canceled,Univariate,TBATS,0.75901,28.94365,0.69177,24.10
2026-02-09 11:34:06,Sheet1,Canceled,Univariate,Prophet,0.63184,24.09426,0.62285,36.82
2026-02-09 11:34:06,Sheet1,Canceled,Univariate,LightGBM,0.60922,23.23147,0.48315,39.08
2026-02-09 11:34:09,Sheet1,Canceled,Univariate,HistGB,0.70784,26.99233,0.76055,29.22
2026-02-09 11:34:09,Sheet1,Canceled,Univariate,ExpSmoothing,0.62406,23.79744,0.53304,37.59
2026-02-09 11:34:09,Sheet1,Canceled,Univariate,SARIMAX,0.65663,25.03964,0.68834,34.34
2026-02-09 11:34:10,Sheet1,Canceled,Multivariate,LightGBM,0.68283,26.03877,0.81126,31.72
2026-02-09 11:34:10,Sheet1,Canceled,Multivariate,XGBoost,0.79322,30.24810,1.03660,20.68
2026-02-09 11:34:10,Sheet1,Canceled,Multivariate,HistGB,0.68247,26.02469,0.81269,31.75
2026-02-09 11:34:11,Sheet1,Canceled,Multivariate,ExtraTrees,0.55782,21.27148,0.49144,44.22
2026-02-09 11:34:11,Sheet1,Canceled,Multivariate,Ridge,0.58748,22.40247,0.47947,41.25
2026-02-09 11:34:11,Sheet1,Canceled,Multivariate,Huber,0.58828,22.43311,0.50663,41.17
2026-02-09 11:34:13,Sheet1,Canceled,Multivariate,ExtraTrees,0.55782,21.27148,0.49144,44.22
2026-02-10 00:47:06,Sheet1,Daily_Sales,Univariate,Baseline_SMA,0.19287,175.84595,0.17456,80.71
2026-02-10 00:47:06,Sheet1,Daily_Sales,Multivariate,Baseline_SMA,0.19287,175.84595,0.17456,80.71
2026-02-10 00:47:33,Sheet1,Daily_Sales,Univariate,TBATS,0.28518,260.01492,0.26915,71.48
2026-02-10 00:47:34,Sheet1,Daily_Sales,Univariate,Prophet,0.49690,453.04795,0.49856,50.31
2026-02-10 00:47:34,Sheet1,Daily_Sales,Univariate,LightGBM,0.19499,177.78673,0.19658,80.50
2026-02-10 00:47:37,Sheet1,Daily_Sales,Univariate,HistGB,0.21017,191.62501,0.21186,78.98
2026-02-10 00:47:37,Sheet1,Daily_Sales,Univariate,ExpSmoothing,0.07309,66.64011,0.07563,92.69
2026-02-10 00:47:37,Sheet1,Daily_Sales,Univariate,SARIMAX,0.14949,136.30042,0.14406,85.05
2026-02-10 01:08:22,Sheet1,Daily_Sales,Univariate,Baseline_SMA,0.19287,175.84595,0.17456,80.71
2026-02-10 01:08:22,Sheet1,Daily_Sales,Multivariate,Baseline_SMA,0.19287,175.84595,0.17456,80.71
2026-02-10 01:08:49,Sheet1,Daily_Sales,Univariate,TBATS,0.28518,260.01492,0.26915,71.48
2026-02-10 01:08:49,Sheet1,Daily_Sales,Univariate,Prophet,0.49690,453.04795,0.49856,50.31
2026-02-10 01:08:49,Sheet1,Daily_Sales,Univariate,LightGBM,0.19499,177.78673,0.19658,80.50
2026-02-10 01:08:52,Sheet1,Daily_Sales,Univariate,HistGB,0.21017,191.62501,0.21186,78.98
2026-02-10 01:08:52,Sheet1,Daily_Sales,Univariate,ExpSmoothing,0.07309,66.64011,0.07563,92.69
2026-02-10 01:08:52,Sheet1,Daily_Sales,Univariate,SARIMAX,0.14949,136.30042,0.14406,85.05
2026-02-10 01:09:52,Sheet1,Daily_Sales,Univariate,Baseline_SMA,0.19287,175.84595,0.17456,80.71
2026-02-10 01:09:52,Sheet1,Daily_Sales,Multivariate,Baseline_SMA,0.19287,175.84595,0.17456,80.71
2026-02-10 01:10:20,Sheet1,Daily_Sales,Univariate,TBATS,0.28518,260.01492,0.26915,71.48
2026-02-10 01:10:20,Sheet1,Daily_Sales,Univariate,Prophet,0.49690,453.04795,0.49856,50.31
2026-02-10 01:10:21,Sheet1,Daily_Sales,Univariate,LightGBM,0.19499,177.78673,0.19658,80.50
2026-02-10 01:10:23,Sheet1,Daily_Sales,Univariate,HistGB,0.21017,191.62501,0.21186,78.98
2026-02-10 01:10:23,Sheet1,Daily_Sales,Univariate,ExpSmoothing,0.07309,66.64011,0.07563,92.69
2026-02-10 01:10:24,Sheet1,Daily_Sales,Univariate,SARIMAX,0.14949,136.30042,0.14406,85.05
2026-02-10 01:16:39,Sheet1,Daily_Sales,Univariate,Baseline_SMA,0.19287,175.84595,0.17456,80.71
2026-02-10 01:16:39,Sheet1,Daily_Sales,Multivariate,Baseline_SMA,0.19287,175.84595,0.17456,80.71
2026-02-10 01:17:06,Sheet1,Daily_Sales,Univariate,TBATS,0.28518,260.01492,0.26915,71.48
2026-02-10 01:17:06,Sheet1,Daily_Sales,Univariate,Prophet,0.49690,453.04795,0.49856,50.31
2026-02-10 01:17:07,Sheet1,Daily_Sales,Univariate,LightGBM,0.19499,177.78673,0.19658,80.50
2026-02-10 01:17:09,Sheet1,Daily_Sales,Univariate,HistGB,0.21017,191.62501,0.21186,78.98
2026-02-10 01:17:09,Sheet1,Daily_Sales,Univariate,ExpSmoothing,0.07309,66.64011,0.07563,92.69
2026-02-10 01:17:10,Sheet1,Daily_Sales,Univariate,SARIMAX,0.14949,136.30042,0.14406,85.05
2026-02-11 12:56:52,Sheet1,Daily_Sales,Univariate,Baseline_SMA,0.19287,175.84595,0.17456,80.71
2026-02-11 12:56:52,Sheet1,Daily_Sales,Multivariate,Baseline_SMA,0.19287,175.84595,0.17456,80.71
2026-02-11 12:57:18,Sheet1,Daily_Sales,Univariate,TBATS,0.28518,260.01492,0.26915,71.48
2026-02-11 12:57:18,Sheet1,Daily_Sales,Univariate,Prophet,0.49690,453.04795,0.49856,50.31
2026-02-11 12:57:19,Sheet1,Daily_Sales,Univariate,LightGBM,0.19499,177.78673,0.19658,80.50
2026-02-11 12:57:21,Sheet1,Daily_Sales,Univariate,HistGB,0.21017,191.62501,0.21186,78.98
2026-02-11 12:57:21,Sheet1,Daily_Sales,Univariate,ExpSmoothing,0.07309,66.64011,0.07563,92.69
2026-02-11 12:57:22,Sheet1,Daily_Sales,Univariate,SARIMAX,0.14949,136.30042,0.14406,85.05
2026-02-11 13:23:10,Sheet1,Daily_Sales,Univariate,Baseline_SMA,0.19287,175.84595,0.17456,80.71
2026-02-11 13:23:10,Sheet1,Daily_Sales,Multivariate,Baseline_SMA,0.19287,175.84595,0.17456,80.71
2026-02-11 13:23:37,Sheet1,Daily_Sales,Univariate,TBATS,0.28518,260.01492,0.26915,71.48
2026-02-11 13:23:37,Sheet1,Daily_Sales,Univariate,Prophet,0.49690,453.04795,0.49856,50.31
2026-02-11 13:23:38,Sheet1,Daily_Sales,Univariate,LightGBM,0.19499,177.78673,0.19658,80.50
2026-02-11 13:23:40,Sheet1,Daily_Sales,Univariate,HistGB,0.21017,191.62501,0.21186,78.98
2026-02-11 13:23:40,Sheet1,Daily_Sales,Univariate,ExpSmoothing,0.07309,66.64011,0.07563,92.69
2026-02-11 13:23:41,Sheet1,Daily_Sales,Univariate,SARIMAX,0.14949,136.30042,0.14406,85.05
2026-02-11 13:24:11,Sheet1,Daily_Sales,Univariate,Baseline_SMA,0.19287,175.84595,0.17456,80.71
2026-02-11 13:24:11,Sheet1,Daily_Sales,Multivariate,Baseline_SMA,0.19287,175.84595,0.17456,80.71
2026-02-11 13:24:41,Sheet1,Daily_Sales,Univariate,TBATS,0.28518,260.01492,0.26915,71.48
2026-02-11 13:24:42,Sheet1,Daily_Sales,Univariate,Prophet,0.49690,453.04795,0.49856,50.31
2026-02-11 13:24:42,Sheet1,Daily_Sales,Univariate,LightGBM,0.19499,177.78673,0.19658,80.50
2026-02-11 13:24:45,Sheet1,Daily_Sales,Univariate,HistGB,0.21017,191.62501,0.21186,78.98
2026-02-11 13:24:45,Sheet1,Daily_Sales,Univariate,ExpSmoothing,0.07309,66.64011,0.07563,92.69
2026-02-11 13:24:45,Sheet1,Daily_Sales,Univariate,SARIMAX,0.14949,136.30042,0.14406,85.05
2026-02-11 13:41:49,Sheet1,Canceled,Univariate,Baseline_SMA,0.59166,22.56190,0.35046,40.83
2026-02-11 13:41:49,Sheet1,Canceled,Multivariate,Baseline_SMA,0.59166,22.56190,0.35046,40.83
2026-02-11 13:41:55,Sheet1,Canceled,Univariate,TBATS,0.72028,27.46678,0.58859,27.97
2026-02-11 13:41:55,Sheet1,Canceled,Univariate,Prophet,0.60310,22.99831,0.50500,39.69
2026-02-11 13:41:55,Sheet1,Canceled,Univariate,LightGBM,0.67324,25.67296,0.50873,32.68
2026-02-11 13:41:58,Sheet1,Canceled,Univariate,HistGB,0.72642,27.70070,0.63943,27.36
2026-02-11 13:41:58,Sheet1,Canceled,Univariate,ExpSmoothing,0.59909,22.84519,0.50022,40.09
2026-02-11 13:41:58,Sheet1,Canceled,Univariate,SARIMAX,0.59032,22.51089,0.47572,40.97
2026-02-11 13:41:58,Sheet1,Canceled,Multivariate,LightGBM,0.62237,23.73318,0.56415,37.76
2026-02-11 13:41:59,Sheet1,Canceled,Multivariate,XGBoost,0.47581,18.14405,0.48906,52.42
2026-02-11 13:41:59,Sheet1,Canceled,Multivariate,HistGB,0.50171,19.13202,0.50759,49.83
2026-02-11 13:41:59,Sheet1,Canceled,Multivariate,ExtraTrees,0.51688,19.71038,0.52898,48.31
2026-02-11 13:41:59,Sheet1,Canceled,Multivariate,Ridge,0.50446,19.23680,0.53825,49.55
2026-02-11 13:42:01,Sheet1,Canceled,Multivariate,Huber,0.48738,18.58542,0.52366,51.26
2026-02-11 13:42:02,Sheet1,Canceled,Multivariate,XGBoost,0.47581,18.14405,0.48906,52.42
2026-02-11 14:07:29,Sheet1,Canceled,Univariate,Baseline_SMA,0.59166,22.56190,0.35046,40.83
2026-02-11 14:07:29,Sheet1,Canceled,Multivariate,Baseline_SMA,0.59166,22.56190,0.35046,40.83
2026-02-11 14:07:34,Sheet1,Canceled,Univariate,TBATS,0.72028,27.46678,0.58859,27.97
2026-02-11 14:07:34,Sheet1,Canceled,Univariate,Prophet,0.60310,22.99831,0.50500,39.69
2026-02-11 14:07:34,Sheet1,Canceled,Univariate,LightGBM,0.67324,25.67296,0.50873,32.68
2026-02-11 14:07:37,Sheet1,Canceled,Univariate,HistGB,0.72642,27.70070,0.63943,27.36
2026-02-11 14:07:37,Sheet1,Canceled,Univariate,ExpSmoothing,0.59909,22.84519,0.50022,40.09
2026-02-11 14:07:37,Sheet1,Canceled,Univariate,SARIMAX,0.59032,22.51089,0.47572,40.97
2026-02-11 14:07:37,Sheet1,Canceled,Multivariate,LightGBM,0.51753,19.73499,0.51192,48.25
2026-02-11 14:07:38,Sheet1,Canceled,Multivariate,XGBoost,0.49123,18.73232,0.58934,50.88
2026-02-11 14:07:38,Sheet1,Canceled,Multivariate,HistGB,0.63118,24.06889,0.57402,36.88
2026-02-11 14:07:38,Sheet1,Canceled,Multivariate,ExtraTrees,0.50624,19.30461,0.52153,49.38
2026-02-11 14:07:38,Sheet1,Canceled,Multivariate,Ridge,0.50446,19.23680,0.53825,49.55
2026-02-11 14:07:40,Sheet1,Canceled,Multivariate,Huber,0.48735,18.58441,0.52362,51.26
2026-02-11 14:07:41,Sheet1,Canceled,Multivariate,Huber,0.48735,18.58441,0.52362,51.26
2026-02-11 14:22:36,Sheet1,Canceled,Univariate,Baseline_SMA,0.59166,22.56190,0.35046,40.83
2026-02-11 14:22:36,Sheet1,Canceled,Multivariate,Baseline_SMA,0.59166,22.56190,0.35046,40.83
2026-02-11 14:22:41,Sheet1,Canceled,Univariate,TBATS,0.72028,27.46678,0.58859,27.97
2026-02-11 14:22:42,Sheet1,Canceled,Univariate,Prophet,0.60310,22.99831,0.50500,39.69
2026-02-11 14:22:42,Sheet1,Canceled,Univariate,LightGBM,0.67324,25.67296,0.50873,32.68
2026-02-11 14:22:45,Sheet1,Canceled,Univariate,HistGB,0.72642,27.70070,0.63943,27.36
2026-02-11 14:22:45,Sheet1,Canceled,Univariate,ExpSmoothing,0.59909,22.84519,0.50022,40.09
2026-02-11 14:22:45,Sheet1,Canceled,Univariate,SARIMAX,0.59032,22.51089,0.47572,40.97
2026-02-11 14:22:45,Sheet1,Canceled,Multivariate,LightGBM,0.51806,19.75520,0.52852,48.19
2026-02-11 14:22:46,Sheet1,Canceled,Multivariate,XGBoost,0.49534,18.88906,0.55662,50.47
2026-02-11 14:22:46,Sheet1,Canceled,Multivariate,HistGB,0.53280,20.31743,0.55161,46.72
2026-02-11 14:22:46,Sheet1,Canceled,Multivariate,ExtraTrees,0.51545,19.65593,0.54276,48.45
2026-02-11 14:22:46,Sheet1,Canceled,Multivariate,Ridge,0.50446,19.23680,0.53825,49.55
2026-02-11 14:22:48,Sheet1,Canceled,Multivariate,Huber,0.48739,18.58571,0.52367,51.26
2026-02-11 14:22:50,Sheet1,Canceled,Multivariate,Huber,0.48739,18.58571,0.52367,51.26
2026-02-11 15:23:57,Sheet1,Canceled,Univariate,Baseline_SMA,0.59166,22.56190,0.35046,40.83
2026-02-11 15:23:57,Sheet1,Canceled,Multivariate,Baseline_SMA,0.59166,22.56190,0.35046,40.83
2026-02-11 15:24:07,Sheet1,Canceled,Univariate,TBATS,0.76846,29.30394,0.70773,23.15
2026-02-11 15:24:07,Sheet1,Canceled,Univariate,Prophet,0.64801,24.71082,0.67947,35.20
2026-02-11 15:24:08,Sheet1,Canceled,Univariate,LightGBM,0.61526,23.46197,0.48726,38.47
2026-02-11 15:24:10,Sheet1,Canceled,Univariate,HistGB,0.68747,26.21561,0.67122,31.25
2026-02-11 15:24:10,Sheet1,Canceled,Univariate,ExpSmoothing,0.61513,23.45678,0.53869,38.49
2026-02-11 15:24:10,Sheet1,Canceled,Univariate,SARIMAX,0.62966,24.01099,0.62534,37.03
2026-02-11 15:24:10,Sheet1,Canceled,Multivariate,LightGBM,0.56999,21.73546,0.59191,43.00
2026-02-11 15:24:11,Sheet1,Canceled,Multivariate,XGBoost,0.47869,18.25387,0.57673,52.13
2026-02-11 15:24:11,Sheet1,Canceled,Multivariate,HistGB,0.51387,19.59543,0.52726,48.61
2026-02-11 15:24:11,Sheet1,Canceled,Multivariate,ExtraTrees,0.46915,17.89027,0.37647,53.08
2026-02-11 15:24:11,Sheet1,Canceled,Multivariate,Ridge,0.50482,19.25031,0.39460,49.52
2026-02-11 15:24:11,Sheet1,Canceled,Multivariate,Huber,0.50124,19.11385,0.45964,49.88
2026-02-11 15:24:14,Sheet1,Canceled,Multivariate,ExtraTrees,0.46915,17.89027,0.37647,53.08
2026-02-11 19:16:55,Sheet1,Daily_Sales,Univariate,Baseline_SMA,0.19287,175.84595,0.17456,80.71
2026-02-11 19:16:55,Sheet1,Daily_Sales,Multivariate,Baseline_SMA,0.19287,175.84595,0.17456,80.71
2026-02-11 19:17:22,Sheet1,Daily_Sales,Univariate,TBATS,0.28518,260.01492,0.26915,71.48
2026-02-11 19:17:22,Sheet1,Daily_Sales,Univariate,Prophet,0.49690,453.04795,0.49856,50.31
2026-02-11 19:17:23,Sheet1,Daily_Sales,Univariate,LightGBM,0.19499,177.78673,0.19658,80.50
2026-02-11 19:17:26,Sheet1,Daily_Sales,Univariate,HistGB,0.21017,191.62501,0.21186,78.98
2026-02-11 19:17:26,Sheet1,Daily_Sales,Univariate,ExpSmoothing,0.07309,66.64011,0.07563,92.69
2026-02-11 19:17:26,Sheet1,Daily_Sales,Univariate,SARIMAX,0.14949,136.30042,0.14406,85.05
2026-02-11 19:30:15,Sheet1,Daily_Sales,Univariate,Baseline_SMA,0.19287,175.84595,0.17456,80.71
2026-02-11 19:30:15,Sheet1,Daily_Sales,Multivariate,Baseline_SMA,0.19287,175.84595,0.17456,80.71
2026-02-11 19:30:43,Sheet1,Daily_Sales,Univariate,TBATS,0.28518,260.01492,0.26915,71.48
2026-02-11 19:30:43,Sheet1,Daily_Sales,Univariate,Prophet,0.49690,453.04795,0.49856,50.31
2026-02-11 19:30:44,Sheet1,Daily_Sales,Univariate,LightGBM,0.19499,177.78673,0.19658,80.50
2026-02-11 19:30:47,Sheet1,Daily_Sales,Univariate,HistGB,0.21017,191.62501,0.21186,78.98
2026-02-11 19:30:47,Sheet1,Daily_Sales,Univariate,ExpSmoothing,0.07309,66.64011,0.07563,92.69
2026-02-11 19:30:47,Sheet1,Daily_Sales,Univariate,SARIMAX,0.14949,136.30042,0.14406,85.05
2026-02-11 19:36:02,Sheet1,Daily_Sales,Univariate,Baseline_SMA,0.19287,175.84595,0.17456,80.71
2026-02-11 19:36:02,Sheet1,Daily_Sales,Multivariate,Baseline_SMA,0.19287,175.84595,0.17456,80.71
2026-02-11 19:36:28,Sheet1,Daily_Sales,Univariate,TBATS,0.28518,260.01492,0.26915,71.48
2026-02-11 19:36:28,Sheet1,Daily_Sales,Univariate,Prophet,0.49690,453.04795,0.49856,50.31
2026-02-11 19:36:29,Sheet1,Daily_Sales,Univariate,LightGBM,0.19499,177.78673,0.19658,80.50
2026-02-11 19:36:31,Sheet1,Daily_Sales,Univariate,HistGB,0.21017,191.62501,0.21186,78.98
2026-02-11 19:36:31,Sheet1,Daily_Sales,Univariate,ExpSmoothing,0.07309,66.64011,0.07563,92.69
2026-02-11 19:36:32,Sheet1,Daily_Sales,Univariate,SARIMAX,0.14949,136.30042,0.14406,85.05
2026-02-11 19:40:26,Sheet1,Daily_Sales,Univariate,Baseline_SMA,0.19287,175.84595,0.17456,80.71
2026-02-11 19:40:26,Sheet1,Daily_Sales,Multivariate,Baseline_SMA,0.19287,175.84595,0.17456,80.71
2026-02-11 19:40:54,Sheet1,Daily_Sales,Univariate,TBATS,0.28518,260.01492,0.26915,71.48
2026-02-11 19:40:54,Sheet1,Daily_Sales,Univariate,Prophet,0.49690,453.04795,0.49856,50.31
2026-02-11 19:40:55,Sheet1,Daily_Sales,Univariate,LightGBM,0.19499,177.78673,0.19658,80.50
2026-02-11 19:40:58,Sheet1,Daily_Sales,Univariate,HistGB,0.21017,191.62501,0.21186,78.98
2026-02-11 19:40:58,Sheet1,Daily_Sales,Univariate,ExpSmoothing,0.07309,66.64011,0.07563,92.69
2026-02-11 19:40:59,Sheet1,Daily_Sales,Univariate,SARIMAX,0.14949,136.30042,0.14406,85.05
2026-02-11 19:41:56,Sheet1,Daily_Sales,Univariate,Baseline_SMA,0.19287,175.84595,0.17456,80.71
2026-02-11 19:41:56,Sheet1,Daily_Sales,Multivariate,Baseline_SMA,0.19287,175.84595,0.17456,80.71
2026-02-11 19:42:24,Sheet1,Daily_Sales,Univariate,TBATS,0.28518,260.01492,0.26915,71.48
2026-02-11 19:42:24,Sheet1,Daily_Sales,Univariate,Prophet,0.49690,453.04795,0.49856,50.31
2026-02-11 19:42:25,Sheet1,Daily_Sales,Univariate,LightGBM,0.19499,177.78673,0.19658,80.50
2026-02-11 19:42:28,Sheet1,Daily_Sales,Univariate,HistGB,0.21017,191.62501,0.21186,78.98
2026-02-11 19:42:28,Sheet1,Daily_Sales,Univariate,ExpSmoothing,0.07309,66.64011,0.07563,92.69
2026-02-11 19:42:29,Sheet1,Daily_Sales,Univariate,SARIMAX,0.14949,136.30042,0.14406,85.05
2026-02-11 19:47:59,Sheet1,Daily_Sales,Univariate,Baseline_SMA,0.19287,175.84595,0.17456,80.71
2026-02-11 19:47:59,Sheet1,Daily_Sales,Multivariate,Baseline_SMA,0.19287,175.84595,0.17456,80.71
2026-02-11 19:48:31,Sheet1,Daily_Sales,Univariate,TBATS,0.28518,260.01492,0.26915,71.48
2026-02-11 19:48:31,Sheet1,Daily_Sales,Univariate,Prophet,0.49690,453.04795,0.49856,50.31
2026-02-11 19:48:32,Sheet1,Daily_Sales,Univariate,LightGBM,0.19499,177.78673,0.19658,80.50
2026-02-11 19:48:35,Sheet1,Daily_Sales,Univariate,HistGB,0.21017,191.62501,0.21186,78.98
2026-02-11 19:48:35,Sheet1,Daily_Sales,Univariate,ExpSmoothing,0.07309,66.64011,0.07563,92.69
2026-02-11 19:48:36,Sheet1,Daily_Sales,Univariate,SARIMAX,0.14949,136.30042,0.14406,85.05
2026-02-11 20:16:59,Sheet1,Daily_Sales,Univariate,Baseline_SMA,0.19287,175.84595,0.17456,80.71
2026-02-11 20:16:59,Sheet1,Daily_Sales,Multivariate,Baseline_SMA,0.19287,175.84595,0.17456,80.71
2026-02-11 20:17:32,Sheet1,Daily_Sales,Univariate,TBATS,0.28518,260.01492,0.26915,71.48
2026-02-11 20:17:32,Sheet1,Daily_Sales,Univariate,Prophet,0.49690,453.04795,0.49856,50.31
2026-02-11 20:17:33,Sheet1,Daily_Sales,Univariate,LightGBM,0.19499,177.78673,0.19658,80.50
2026-02-11 20:17:36,Sheet1,Daily_Sales,Univariate,HistGB,0.21017,191.62501,0.21186,78.98
2026-02-11 20:17:36,Sheet1,Daily_Sales,Univariate,ExpSmoothing,0.07309,66.64011,0.07563,92.69
2026-02-11 20:17:36,Sheet1,Daily_Sales,Univariate,SARIMAX,0.14949,136.30042,0.14406,85.05
2026-02-11 20:21:18,Sheet1,Daily_Sales,Univariate,Baseline_SMA,0.19287,175.84595,0.17456,80.71
2026-02-11 20:21:18,Sheet1,Daily_Sales,Multivariate,Baseline_SMA,0.19287,175.84595,0.17456,80.71
2026-02-11 20:21:51,Sheet1,Daily_Sales,Univariate,TBATS,0.28518,260.01492,0.26915,71.48
2026-02-11 20:21:51,Sheet1,Daily_Sales,Univariate,Prophet,0.49690,453.04795,0.49856,50.31
2026-02-11 20:21:52,Sheet1,Daily_Sales,Univariate,LightGBM,0.19499,177.78673,0.19658,80.50
2026-02-11 20:21:55,Sheet1,Daily_Sales,Univariate,HistGB,0.21017,191.62501,0.21186,78.98
2026-02-11 20:21:55,Sheet1,Daily_Sales,Univariate,ExpSmoothing,0.07309,66.64011,0.07563,92.69
2026-02-11 20:21:56,Sheet1,Daily_Sales,Univariate,SARIMAX,0.14949,136.30042,0.14406,85.05
2026-02-11 20:32:01,Sheet1,Daily_Sales,Univariate,Baseline_SMA,0.19287,175.84595,0.17456,80.71
2026-02-11 20:32:01,Sheet1,Daily_Sales,Multivariate,Baseline_SMA,0.19287,175.84595,0.17456,80.71
2026-02-11 20:32:34,Sheet1,Daily_Sales,Univariate,TBATS,0.28518,260.01492,0.26915,71.48
2026-02-11 20:32:34,Sheet1,Daily_Sales,Univariate,Prophet,0.49690,453.04795,0.49856,50.31
2026-02-11 20:32:34,Sheet1,Daily_Sales,Univariate,LightGBM,0.19499,177.78673,0.19658,80.50
2026-02-11 20:32:37,Sheet1,Daily_Sales,Univariate,HistGB,0.21017,191.62501,0.21186,78.98
2026-02-11 20:32:37,Sheet1,Daily_Sales,Univariate,ExpSmoothing,0.07309,66.64011,0.07563,92.69
2026-02-13 11:30:29,Sheet1,Daily_Sales,Univariate,Baseline_SMA,0.19287,175.84595,0.17456,80.71
2026-02-13 11:30:29,Sheet1,Daily_Sales,Multivariate,Baseline_SMA,0.19287,175.84595,0.17456,80.71
2026-02-13 11:30:59,Sheet1,Daily_Sales,Univariate,TBATS,0.28518,260.01492,0.26915,71.48
2026-02-13 11:31:00,Sheet1,Daily_Sales,Univariate,Prophet,0.49690,453.04795,0.49856,50.31
2026-02-13 11:31:00,Sheet1,Daily_Sales,Univariate,LightGBM,0.19499,177.78673,0.19658,80.50
2026-02-13 11:31:03,Sheet1,Daily_Sales,Univariate,HistGB,0.21017,191.62501,0.21186,78.98
2026-02-13 11:31:03,Sheet1,Daily_Sales,Univariate,ExpSmoothing,0.07309,66.64011,0.07563,92.69
2026-02-13 11:31:03,Sheet1,Daily_Sales,Univariate,SARIMAX,0.14949,136.30042,0.14406,85.05
2026-02-13 11:32:03,Sheet1,Daily_Sales,Univariate,Baseline_SMA,0.19287,175.84595,0.17456,80.71
2026-02-13 11:32:03,Sheet1,Daily_Sales,Multivariate,Baseline_SMA,0.19287,175.84595,0.17456,80.71
2026-02-13 11:32:34,Sheet1,Daily_Sales,Univariate,TBATS,0.28518,260.01492,0.26915,71.48
2026-02-13 11:32:34,Sheet1,Daily_Sales,Univariate,Prophet,0.49690,453.04795,0.49856,50.31
2026-02-13 11:32:35,Sheet1,Daily_Sales,Univariate,LightGBM,0.19499,177.78673,0.19658,80.50
2026-02-13 11:32:37,Sheet1,Daily_Sales,Univariate,HistGB,0.21017,191.62501,0.21186,78.98
2026-02-13 11:32:37,Sheet1,Daily_Sales,Univariate,ExpSmoothing,0.07309,66.64011,0.07563,92.69
2026-02-13 11:32:38,Sheet1,Daily_Sales,Univariate,SARIMAX,0.14949,136.30042,0.14406,85.05
2026-02-13 11:44:35,Sheet1,Daily_Sales,Univariate,Baseline_SMA,0.19287,175.84595,0.17456,80.71
2026-02-13 11:44:35,Sheet1,Daily_Sales,Multivariate,Baseline_SMA,0.19287,175.84595,0.17456,80.71
2026-02-13 11:45:06,Sheet1,Daily_Sales,Univariate,TBATS,0.28518,260.01492,0.26915,71.48
2026-02-13 11:45:07,Sheet1,Daily_Sales,Univariate,Prophet,0.49690,453.04795,0.49856,50.31
2026-02-13 11:45:07,Sheet1,Daily_Sales,Univariate,LightGBM,0.19499,177.78673,0.19658,80.50
2026-02-13 11:45:10,Sheet1,Daily_Sales,Univariate,HistGB,0.21017,191.62501,0.21186,78.98
2026-02-13 11:45:10,Sheet1,Daily_Sales,Univariate,ExpSmoothing,0.07309,66.64011,0.07563,92.69
2026-02-13 11:45:10,Sheet1,Daily_Sales,Univariate,SARIMAX,0.14949,136.30042,0.14406,85.05
2026-02-13 11:52:35,Sheet1,Daily_Sales,Univariate,Baseline_SMA,0.19287,175.84595,0.17456,80.71
2026-02-13 11:52:35,Sheet1,Daily_Sales,Multivariate,Baseline_SMA,0.19287,175.84595,0.17456,80.71
2026-02-13 11:53:06,Sheet1,Daily_Sales,Univariate,TBATS,0.28518,260.01492,0.26915,71.48
2026-02-13 11:53:06,Sheet1,Daily_Sales,Univariate,Prophet,0.49690,453.04795,0.49856,50.31
2026-02-13 11:53:07,Sheet1,Daily_Sales,Univariate,LightGBM,0.19499,177.78673,0.19658,80.50
2026-02-13 11:53:09,Sheet1,Daily_Sales,Univariate,HistGB,0.21017,191.62501,0.21186,78.98
2026-02-13 11:53:09,Sheet1,Daily_Sales,Univariate,ExpSmoothing,0.07309,66.64011,0.07563,92.69
2026-02-13 11:53:09,Sheet1,Daily_Sales,Univariate,SARIMAX,0.14949,136.30042,0.14406,85.05
2026-02-13 11:54:39,Sheet1,Daily_Sales,Univariate,Baseline_SMA,0.19287,175.84595,0.17456,80.71
2026-02-13 11:54:39,Sheet1,Daily_Sales,Multivariate,Baseline_SMA,0.19287,175.84595,0.17456,80.71
2026-02-13 11:55:10,Sheet1,Daily_Sales,Univariate,TBATS,0.28518,260.01492,0.26915,71.48
2026-02-13 11:55:10,Sheet1,Daily_Sales,Univariate,Prophet,0.49690,453.04795,0.49856,50.31
2026-02-13 11:55:11,Sheet1,Daily_Sales,Univariate,LightGBM,0.19499,177.78673,0.19658,80.50
2026-02-13 11:55:13,Sheet1,Daily_Sales,Univariate,HistGB,0.21017,191.62501,0.21186,78.98
2026-02-13 11:55:13,Sheet1,Daily_Sales,Univariate,ExpSmoothing,0.07309,66.64011,0.07563,92.69
2026-02-13 11:55:14,Sheet1,Daily_Sales,Univariate,SARIMAX,0.14949,136.30042,0.14406,85.05
2026-02-13 12:40:20,Sheet1,Daily_Sales,Univariate,Baseline_SMA,0.19287,175.84595,0.17456,80.71
2026-02-13 12:40:20,Sheet1,Daily_Sales,Multivariate,Baseline_SMA,0.19287,175.84595,0.17456,80.71
2026-02-13 12:40:53,Sheet1,Daily_Sales,Univariate,TBATS,0.28518,260.01492,0.26915,71.48
2026-02-13 12:40:54,Sheet1,Daily_Sales,Univariate,Prophet,0.49690,453.04795,0.49856,50.31
2026-02-13 12:40:54,Sheet1,Daily_Sales,Univariate,LightGBM,0.19499,177.78673,0.19658,80.50
2026-02-13 12:40:57,Sheet1,Daily_Sales,Univariate,HistGB,0.21017,191.62501,0.21186,78.98
2026-02-13 12:40:57,Sheet1,Daily_Sales,Univariate,ExpSmoothing,0.07309,66.64011,0.07563,92.69
2026-02-13 12:40:58,Sheet1,Daily_Sales,Univariate,SARIMAX,0.14949,136.30042,0.14406,85.05
2026-02-13 15:39:15,Sheet1,Daily_Sales,Univariate,Baseline_SMA,0.19287,175.84595,0.17456,80.71
2026-02-13 15:39:15,Sheet1,Daily_Sales,Multivariate,Baseline_SMA,0.19287,175.84595,0.17456,80.71
2026-02-13 15:39:43,Sheet1,Daily_Sales,Univariate,TBATS,0.28518,260.01492,0.26915,71.48
2026-02-13 15:39:43,Sheet1,Daily_Sales,Univariate,Prophet,0.49690,453.04795,0.49856,50.31
2026-02-13 15:39:44,Sheet1,Daily_Sales,Univariate,LightGBM,0.19499,177.78673,0.19658,80.50
2026-02-13 15:39:46,Sheet1,Daily_Sales,Univariate,HistGB,0.21017,191.62501,0.21186,78.98
2026-02-13 15:39:47,Sheet1,Daily_Sales,Univariate,ExpSmoothing,0.07309,66.64011,0.07563,92.69
2026-02-13 15:39:47,Sheet1,Daily_Sales,Univariate,SARIMAX,0.14949,136.30042,0.14406,85.05
2026-02-13 15:47:10,Sheet1,Daily_Sales,Univariate,Baseline_SMA,0.19287,175.84595,0.17456,80.71
2026-02-13 15:47:10,Sheet1,Daily_Sales,Multivariate,Baseline_SMA,0.19287,175.84595,0.17456,80.71
2026-02-13 15:47:38,Sheet1,Daily_Sales,Univariate,TBATS,0.28518,260.01492,0.26915,71.48
2026-02-13 15:47:38,Sheet1,Daily_Sales,Univariate,Prophet,0.49690,453.04795,0.49856,50.31
2026-02-13 15:47:39,Sheet1,Daily_Sales,Univariate,LightGBM,0.19499,177.78673,0.19658,80.50
2026-02-13 15:47:42,Sheet1,Daily_Sales,Univariate,HistGB,0.21017,191.62501,0.21186,78.98
2026-02-13 15:47:42,Sheet1,Daily_Sales,Univariate,ExpSmoothing,0.07309,66.64011,0.07563,92.69
2026-02-13 15:47:42,Sheet1,Daily_Sales,Univariate,SARIMAX,0.14949,136.30042,0.14406,85.05
2026-02-13 15:54:03,Sheet1,Daily_Sales,Univariate,Baseline_SMA,0.19287,175.84595,0.17456,80.71
2026-02-13 15:54:03,Sheet1,Daily_Sales,Multivariate,Baseline_SMA,0.19287,175.84595,0.17456,80.71
2026-02-13 15:54:30,Sheet1,Daily_Sales,Univariate,TBATS,0.28518,260.01492,0.26915,71.48
2026-02-13 15:54:31,Sheet1,Daily_Sales,Univariate,Prophet,0.49690,453.04795,0.49856,50.31
2026-02-13 15:54:31,Sheet1,Daily_Sales,Univariate,LightGBM,0.19499,177.78673,0.19658,80.50
2026-02-13 15:54:34,Sheet1,Daily_Sales,Univariate,HistGB,0.21017,191.62501,0.21186,78.98
2026-02-13 15:54:34,Sheet1,Daily_Sales,Univariate,ExpSmoothing,0.07309,66.64011,0.07563,92.69
2026-02-13 15:54:35,Sheet1,Daily_Sales,Univariate,SARIMAX,0.14949,136.30042,0.14406,85.05
2026-02-13 16:18:30,Sheet1,Daily_Sales,Univariate,Baseline_SMA,0.19287,175.84595,0.17456,80.71
2026-02-13 16:18:30,Sheet1,Daily_Sales,Multivariate,Baseline_SMA,0.19287,175.84595,0.17456,80.71
2026-02-13 16:18:56,Sheet1,Daily_Sales,Univariate,TBATS,0.28518,260.01492,0.26915,71.48
2026-02-13 16:18:56,Sheet1,Daily_Sales,Univariate,Prophet,0.49690,453.04795,0.49856,50.31
2026-02-13 16:18:57,Sheet1,Daily_Sales,Univariate,LightGBM,0.19499,177.78673,0.19658,80.50
2026-02-13 16:18:59,Sheet1,Daily_Sales,Univariate,HistGB,0.21017,191.62501,0.21186,78.98
2026-02-13 16:18:59,Sheet1,Daily_Sales,Univariate,ExpSmoothing,0.07309,66.64011,0.07563,92.69
2026-02-13 16:19:00,Sheet1,Daily_Sales,Univariate,SARIMAX,0.14949,136.30042,0.14406,85.05
2026-02-13 16:28:04,Sheet1,Daily_Sales,Univariate,Baseline_SMA,0.19287,175.84595,0.17456,80.71
2026-02-13 16:28:04,Sheet1,Daily_Sales,Multivariate,Baseline_SMA,0.19287,175.84595,0.17456,80.71
2026-02-13 16:28:31,Sheet1,Daily_Sales,Univariate,TBATS,0.28518,260.01492,0.26915,71.48
2026-02-13 16:28:31,Sheet1,Daily_Sales,Univariate,Prophet,0.49690,453.04795,0.49856,50.31
2026-02-13 16:28:32,Sheet1,Daily_Sales,Univariate,LightGBM,0.19499,177.78673,0.19658,80.50
2026-02-13 16:28:34,Sheet1,Daily_Sales,Univariate,HistGB,0.21017,191.62501,0.21186,78.98
2026-02-13 16:28:34,Sheet1,Daily_Sales,Univariate,ExpSmoothing,0.07309,66.64011,0.07563,92.69
2026-02-13 16:28:34,Sheet1,Daily_Sales,Univariate,SARIMAX,0.14949,136.30042,0.14406,85.05
2026-02-13 16:28:45,Sheet1,Daily_Sales,Univariate,Baseline_SMA,0.19287,175.84595,0.17456,80.71
2026-02-13 16:28:45,Sheet1,Daily_Sales,Multivariate,Baseline_SMA,0.19287,175.84595,0.17456,80.71
2026-02-13 16:29:12,Sheet1,Daily_Sales,Univariate,TBATS,0.28518,260.01492,0.26915,71.48
2026-02-13 16:29:13,Sheet1,Daily_Sales,Univariate,Prophet,0.49690,453.04795,0.49856,50.31
2026-02-13 16:29:13,Sheet1,Daily_Sales,Univariate,LightGBM,0.19499,177.78673,0.19658,80.50
2026-02-13 16:29:15,Sheet1,Daily_Sales,Univariate,HistGB,0.21017,191.62501,0.21186,78.98
2026-02-13 16:29:16,Sheet1,Daily_Sales,Univariate,ExpSmoothing,0.07309,66.64011,0.07563,92.69
2026-02-13 16:29:16,Sheet1,Daily_Sales,Univariate,SARIMAX,0.14949,136.30042,0.14406,85.05
2026-02-13 16:41:35,Sheet1,Daily_Sales,Univariate,Baseline_SMA,0.19287,175.84595,0.17456,80.71
2026-02-13 16:41:35,Sheet1,Daily_Sales,Multivariate,Baseline_SMA,0.19287,175.84595,0.17456,80.71
2026-02-13 16:42:01,Sheet1,Daily_Sales,Univariate,TBATS,0.28518,260.01492,0.26915,71.48
2026-02-13 16:42:01,Sheet1,Daily_Sales,Univariate,Prophet,0.49690,453.04795,0.49856,50.31
2026-02-13 16:42:02,Sheet1,Daily_Sales,Univariate,LightGBM,0.19499,177.78673,0.19658,80.50
2026-02-13 16:42:04,Sheet1,Daily_Sales,Univariate,HistGB,0.21017,191.62501,0.21186,78.98
2026-02-13 16:42:04,Sheet1,Daily_Sales,Univariate,ExpSmoothing,0.07309,66.64011,0.07563,92.69
2026-02-13 16:42:05,Sheet1,Daily_Sales,Univariate,SARIMAX,0.14949,136.30042,0.14406,85.05
2026-02-13 16:47:43,Sheet1,Daily_Sales,Univariate,Baseline_SMA,0.19287,175.84595,0.17456,80.71
2026-02-13 16:47:43,Sheet1,Daily_Sales,Multivariate,Baseline_SMA,0.19287,175.84595,0.17456,80.71
2026-02-13 16:48:08,Sheet1,Daily_Sales,Univariate,TBATS,0.28518,260.01492,0.26915,71.48
2026-02-13 16:48:08,Sheet1,Daily_Sales,Univariate,Prophet,0.49690,453.04795,0.49856,50.31
2026-02-13 16:48:09,Sheet1,Daily_Sales,Univariate,LightGBM,0.19499,177.78673,0.19658,80.50
2026-02-13 16:48:11,Sheet1,Daily_Sales,Univariate,HistGB,0.21017,191.62501,0.21186,78.98
2026-02-13 16:48:12,Sheet1,Daily_Sales,Univariate,ExpSmoothing,0.07309,66.64011,0.07563,92.69
2026-02-13 16:48:12,Sheet1,Daily_Sales,Univariate,SARIMAX,0.14949,136.30042,0.14406,85.05
2026-02-13 16:51:40,Sheet1,Daily_Sales,Univariate,Baseline_SMA,0.19287,175.84595,0.17456,80.71
2026-02-13 16:51:40,Sheet1,Daily_Sales,Multivariate,Baseline_SMA,0.19287,175.84595,0.17456,80.71
2026-02-13 16:52:06,Sheet1,Daily_Sales,Univariate,TBATS,0.28518,260.01492,0.26915,71.48
2026-02-13 16:52:06,Sheet1,Daily_Sales,Univariate,Prophet,0.49690,453.04795,0.49856,50.31
2026-02-13 16:52:07,Sheet1,Daily_Sales,Univariate,LightGBM,0.19499,177.78673,0.19658,80.50
2026-02-13 16:52:09,Sheet1,Daily_Sales,Univariate,HistGB,0.21017,191.62501,0.21186,78.98
2026-02-13 16:52:09,Sheet1,Daily_Sales,Univariate,ExpSmoothing,0.07309,66.64011,0.07563,92.69
2026-02-13 16:52:10,Sheet1,Daily_Sales,Univariate,SARIMAX,0.14949,136.30042,0.14406,85.05
2026-02-13 16:55:22,Sheet1,Daily_Sales,Univariate,Baseline_SMA,0.19287,175.84595,0.17456,80.71
2026-02-13 16:55:22,Sheet1,Daily_Sales,Multivariate,Baseline_SMA,0.19287,175.84595,0.17456,80.71
2026-02-13 16:55:49,Sheet1,Daily_Sales,Univariate,TBATS,0.28518,260.01492,0.26915,71.48
2026-02-13 16:55:49,Sheet1,Daily_Sales,Univariate,Prophet,0.49690,453.04795,0.49856,50.31
2026-02-13 16:55:50,Sheet1,Daily_Sales,Univariate,LightGBM,0.19499,177.78673,0.19658,80.50
2026-02-13 16:55:53,Sheet1,Daily_Sales,Univariate,HistGB,0.21017,191.62501,0.21186,78.98
2026-02-13 16:55:53,Sheet1,Daily_Sales,Univariate,ExpSmoothing,0.07309,66.64011,0.07563,92.69
2026-02-13 16:55:54,Sheet1,Daily_Sales,Univariate,SARIMAX,0.14949,136.30042,0.14406,85.05
2026-02-13 17:00:15,Sheet1,Daily_Sales,Univariate,Baseline_SMA,0.19287,175.84595,0.17456,80.71
2026-02-13 17:00:15,Sheet1,Daily_Sales,Multivariate,Baseline_SMA,0.19287,175.84595,0.17456,80.71
2026-02-13 17:00:42,Sheet1,Daily_Sales,Univariate,TBATS,0.28518,260.01492,0.26915,71.48
2026-02-13 17:00:42,Sheet1,Daily_Sales,Univariate,Prophet,0.49690,453.04795,0.49856,50.31
2026-02-13 17:00:43,Sheet1,Daily_Sales,Univariate,LightGBM,0.19499,177.78673,0.19658,80.50
2026-02-13 17:00:46,Sheet1,Daily_Sales,Univariate,HistGB,0.21017,191.62501,0.21186,78.98
2026-02-13 17:00:46,Sheet1,Daily_Sales,Univariate,ExpSmoothing,0.07309,66.64011,0.07563,92.69
2026-02-13 17:00:46,Sheet1,Daily_Sales,Univariate,SARIMAX,0.14949,136.30042,0.14406,85.05
2026-02-13 17:01:13,Sheet1,Daily_Sales,Univariate,Baseline_SMA,0.19287,175.84595,0.17456,80.71
2026-02-13 17:01:13,Sheet1,Daily_Sales,Multivariate,Baseline_SMA,0.19287,175.84595,0.17456,80.71
2026-02-13 17:01:40,Sheet1,Daily_Sales,Univariate,TBATS,0.28518,260.01492,0.26915,71.48
2026-02-13 17:01:41,Sheet1,Daily_Sales,Univariate,Prophet,0.49690,453.04795,0.49856,50.31
2026-02-13 17:01:41,Sheet1,Daily_Sales,Univariate,LightGBM,0.19499,177.78673,0.19658,80.50
2026-02-13 17:01:43,Sheet1,Daily_Sales,Univariate,HistGB,0.21017,191.62501,0.21186,78.98
2026-02-13 17:01:44,Sheet1,Daily_Sales,Univariate,ExpSmoothing,0.07309,66.64011,0.07563,92.69
2026-02-13 17:01:44,Sheet1,Daily_Sales,Univariate,SARIMAX,0.14949,136.30042,0.14406,85.05
2026-02-13 17:16:36,Sheet1,Daily_Sales,Univariate,Baseline_SMA,0.19287,175.84595,0.17456,80.71
2026-02-13 17:16:36,Sheet1,Daily_Sales,Multivariate,Baseline_SMA,0.19287,175.84595,0.17456,80.71
2026-02-13 17:17:02,Sheet1,Daily_Sales,Univariate,TBATS,0.28518,260.01492,0.26915,71.48
2026-02-13 17:17:02,Sheet1,Daily_Sales,Univariate,Prophet,0.49690,453.04795,0.49856,50.31
2026-02-13 17:17:03,Sheet1,Daily_Sales,Univariate,LightGBM,0.19499,177.78673,0.19658,80.50
2026-02-13 17:17:05,Sheet1,Daily_Sales,Univariate,HistGB,0.21017,191.62501,0.21186,78.98
2026-02-13 17:17:05,Sheet1,Daily_Sales,Univariate,ExpSmoothing,0.07309,66.64011,0.07563,92.69
2026-02-13 17:17:06,Sheet1,Daily_Sales,Univariate,SARIMAX,0.14949,136.30042,0.14406,85.05
2026-02-13 17:17:44,Sheet1,Daily_Sales,Univariate,Baseline_SMA,0.19287,175.84595,0.17456,80.71
2026-02-13 17:17:44,Sheet1,Daily_Sales,Multivariate,Baseline_SMA,0.19287,175.84595,0.17456,80.71
2026-02-13 17:18:11,Sheet1,Daily_Sales,Univariate,TBATS,0.28518,260.01492,0.26915,71.48
2026-02-13 17:18:11,Sheet1,Daily_Sales,Univariate,Prophet,0.49690,453.04795,0.49856,50.31
2026-02-13 17:18:11,Sheet1,Daily_Sales,Univariate,LightGBM,0.19499,177.78673,0.19658,80.50
2026-02-13 17:18:14,Sheet1,Daily_Sales,Univariate,HistGB,0.21017,191.62501,0.21186,78.98
2026-02-13 17:18:14,Sheet1,Daily_Sales,Univariate,ExpSmoothing,0.07309,66.64011,0.07563,92.69
2026-02-13 17:18:15,Sheet1,Daily_Sales,Univariate,SARIMAX,0.14949,136.30042,0.14406,85.05
2026-02-13 17:32:54,Sheet1,Daily_Sales,Univariate,Baseline_SMA,0.19287,175.84595,0.17456,80.71
2026-02-13 17:32:54,Sheet1,Daily_Sales,Multivariate,Baseline_SMA,0.19287,175.84595,0.17456,80.71
2026-02-13 17:33:25,Sheet1,Daily_Sales,Univariate,TBATS,0.28518,260.01492,0.26915,71.48
2026-02-13 17:33:26,Sheet1,Daily_Sales,Univariate,Prophet,0.49690,453.04795,0.49856,50.31
2026-02-13 17:33:26,Sheet1,Daily_Sales,Univariate,LightGBM,0.19499,177.78673,0.19658,80.50
2026-02-13 17:33:29,Sheet1,Daily_Sales,Univariate,HistGB,0.21017,191.62501,0.21186,78.98
2026-02-13 17:33:29,Sheet1,Daily_Sales,Univariate,ExpSmoothing,0.07309,66.64011,0.07563,92.69
2026-02-13 17:33:29,Sheet1,Daily_Sales,Univariate,SARIMAX,0.14949,136.30042,0.14406,85.05
2026-02-13 17:34:46,Sheet1,Daily_Sales,Univariate,Baseline_SMA,0.19287,175.84595,0.17456,80.71
2026-02-13 17:34:46,Sheet1,Daily_Sales,Multivariate,Baseline_SMA,0.19287,175.84595,0.17456,80.71
2026-02-13 17:35:17,Sheet1,Daily_Sales,Univariate,TBATS,0.28518,260.01492,0.26915,71.48
2026-02-13 17:35:17,Sheet1,Daily_Sales,Univariate,Prophet,0.49690,453.04795,0.49856,50.31
2026-02-13 17:35:18,Sheet1,Daily_Sales,Univariate,LightGBM,0.19499,177.78673,0.19658,80.50
2026-02-13 17:35:20,Sheet1,Daily_Sales,Univariate,HistGB,0.21017,191.62501,0.21186,78.98
2026-02-13 17:35:20,Sheet1,Daily_Sales,Univariate,ExpSmoothing,0.07309,66.64011,0.07563,92.69
2026-02-13 17:35:21,Sheet1,Daily_Sales,Univariate,SARIMAX,0.14949,136.30042,0.14406,85.05
2026-02-13 17:38:49,Sheet1,Daily_Sales,Univariate,Baseline_SMA,0.19287,175.84595,0.17456,80.71
2026-02-13 17:38:49,Sheet1,Daily_Sales,Multivariate,Baseline_SMA,0.19287,175.84595,0.17456,80.71
2026-02-13 17:39:20,Sheet1,Daily_Sales,Univariate,TBATS,0.28518,260.01492,0.26915,71.48
2026-02-13 17:39:20,Sheet1,Daily_Sales,Univariate,Prophet,0.49690,453.04795,0.49856,50.31
2026-02-13 17:39:21,Sheet1,Daily_Sales,Univariate,LightGBM,0.19499,177.78673,0.19658,80.50
2026-02-13 17:39:23,Sheet1,Daily_Sales,Univariate,HistGB,0.21017,191.62501,0.21186,78.98
2026-02-13 17:39:23,Sheet1,Daily_Sales,Univariate,ExpSmoothing,0.07309,66.64011,0.07563,92.69
2026-02-13 17:39:24,Sheet1,Daily_Sales,Univariate,SARIMAX,0.14949,136.30042,0.14406,85.05
2026-02-13 17:39:56,Sheet1,Daily_Sales,Univariate,Baseline_SMA,0.19287,175.84595,0.17456,80.71
2026-02-13 17:39:56,Sheet1,Daily_Sales,Multivariate,Baseline_SMA,0.19287,175.84595,0.17456,80.71
2026-02-13 17:40:28,Sheet1,Daily_Sales,Univariate,TBATS,0.28518,260.01492,0.26915,71.48
2026-02-13 17:40:28,Sheet1,Daily_Sales,Univariate,Prophet,0.49690,453.04795,0.49856,50.31
2026-02-13 17:40:29,Sheet1,Daily_Sales,Univariate,LightGBM,0.19499,177.78673,0.19658,80.50
2026-02-13 17:40:31,Sheet1,Daily_Sales,Univariate,HistGB,0.21017,191.62501,0.21186,78.98
2026-02-13 17:40:31,Sheet1,Daily_Sales,Univariate,ExpSmoothing,0.07309,66.64011,0.07563,92.69
2026-02-13 17:40:32,Sheet1,Daily_Sales,Univariate,SARIMAX,0.14949,136.30042,0.14406,85.05
2026-02-13 17:57:36,Sheet1,Daily_Sales,Univariate,Baseline_SMA,0.19287,175.84595,0.17456,80.71
2026-02-13 17:57:36,Sheet1,Daily_Sales,Multivariate,Baseline_SMA,0.19287,175.84595,0.17456,80.71
2026-02-13 17:58:07,Sheet1,Daily_Sales,Univariate,TBATS,0.28518,260.01492,0.26915,71.48
2026-02-13 17:58:08,Sheet1,Daily_Sales,Univariate,Prophet,0.49690,453.04795,0.49856,50.31
2026-02-13 17:58:08,Sheet1,Daily_Sales,Univariate,LightGBM,0.19499,177.78673,0.19658,80.50
2026-02-13 17:58:11,Sheet1,Daily_Sales,Univariate,HistGB,0.21017,191.62501,0.21186,78.98
2026-02-13 17:58:11,Sheet1,Daily_Sales,Univariate,ExpSmoothing,0.07309,66.64011,0.07563,92.69
2026-02-13 17:58:12,Sheet1,Daily_Sales,Univariate,SARIMAX,0.14949,136.30042,0.14406,85.05
2026-02-13 17:58:46,Sheet1,Daily_Sales,Univariate,Baseline_SMA,0.19287,175.84595,0.17456,80.71
2026-02-13 17:58:46,Sheet1,Daily_Sales,Multivariate,Baseline_SMA,0.19287,175.84595,0.17456,80.71
2026-02-13 17:59:02,Sheet1,Marketing_Spend,Univariate,Baseline_SMA,0.18916,165.44790,0.18218,81.08
2026-02-13 17:59:02,Sheet1,Marketing_Spend,Multivariate,Baseline_SMA,0.18916,165.44790,0.18218,81.08
2026-02-13 17:59:04,Sheet1,Daily_Sales,Univariate,Prophet,0.49690,453.04795,0.49856,50.31
2026-02-13 17:59:27,Sheet1,Daily_Sales,Univariate,ExpSmoothing,0.07309,66.64011,0.07563,92.69
2026-02-13 17:59:28,Sheet1,Daily_Sales,Univariate,SARIMAX,0.14949,136.30042,0.14406,85.05
2026-02-13 17:59:29,Sheet1,Marketing_Spend,Univariate,TBATS,0.26085,228.14382,0.25247,73.92
2026-02-13 17:59:29,Sheet1,Marketing_Spend,Univariate,Prophet,0.54355,475.40285,0.53058,45.65
2026-02-13 17:59:30,Sheet1,Marketing_Spend,Univariate,LightGBM,0.10645,93.10822,0.11342,89.35
2026-02-13 17:59:33,Sheet1,Marketing_Spend,Univariate,HistGB,0.09973,87.22266,0.10662,90.03
2026-02-13 17:59:33,Sheet1,Marketing_Spend,Univariate,ExpSmoothing,0.08775,76.74469,0.09443,91.23
2026-02-13 17:59:34,Sheet1,Marketing_Spend,Univariate,SARIMAX,0.18170,158.92237,0.17567,81.83
2026-02-13 18:02:51,Sheet1,Daily_Sales,Univariate,Baseline_SMA,0.19287,175.84595,0.17456,80.71
2026-02-13 18:02:51,Sheet1,Daily_Sales,Multivariate,Baseline_SMA,0.19287,175.84595,0.17456,80.71
2026-02-13 18:03:21,Sheet1,Daily_Sales,Univariate,TBATS,0.28518,260.01492,0.26915,71.48
2026-02-13 18:03:22,Sheet1,Daily_Sales,Univariate,Prophet,0.49690,453.04795,0.49856,50.31
2026-02-13 18:03:22,Sheet1,Daily_Sales,Univariate,LightGBM,0.19499,177.78673,0.19658,80.50
2026-02-13 18:03:25,Sheet1,Daily_Sales,Univariate,HistGB,0.21017,191.62501,0.21186,78.98
2026-02-13 18:03:25,Sheet1,Daily_Sales,Univariate,ExpSmoothing,0.07309,66.64011,0.07563,92.69
2026-02-13 18:03:25,Sheet1,Daily_Sales,Univariate,SARIMAX,0.14949,136.30042,0.14406,85.05
2026-02-13 18:05:06,Sheet1,Daily_Sales,Univariate,Baseline_SMA,0.19287,175.84595,0.17456,80.71
2026-02-13 18:05:06,Sheet1,Daily_Sales,Multivariate,Baseline_SMA,0.19287,175.84595,0.17456,80.71
2026-02-13 18:05:13,Sheet1,Daily_Sales,Univariate,Baseline_SMA,0.19287,175.84595,0.17456,80.71
2026-02-13 18:05:13,Sheet1,Daily_Sales,Multivariate,Baseline_SMA,0.19287,175.84595,0.17456,80.71
2026-02-13 18:05:14,Sheet1,Daily_Sales,Univariate,Prophet,0.49690,453.04795,0.49856,50.31
2026-02-13 18:05:14,Sheet1,Daily_Sales,Univariate,ExpSmoothing,0.07309,66.64011,0.07563,92.69
2026-02-13 18:05:15,Sheet1,Daily_Sales,Univariate,Prophet,0.49690,453.04795,0.49856,50.31
2026-02-13 18:05:15,Sheet1,Daily_Sales,Univariate,ExpSmoothing,0.07309,66.64011,0.07563,92.69
2026-02-13 18:05:15,Sheet1,Daily_Sales,Univariate,SARIMAX,0.14949,136.30042,0.14406,85.05
2026-02-13 18:05:16,Sheet1,Daily_Sales,Univariate,SARIMAX,0.14949,136.30042,0.14406,85.05
2026-02-13 18:09:46,Sheet1,Daily_Sales,Univariate,Baseline_SMA,0.19287,175.84595,0.17456,80.71
2026-02-13 18:09:46,Sheet1,Daily_Sales,Multivariate,Baseline_SMA,0.19287,175.84595,0.17456,80.71
2026-02-13 18:10:18,Sheet1,Daily_Sales,Univariate,TBATS,0.28518,260.01492,0.26915,71.48
2026-02-13 18:10:18,Sheet1,Daily_Sales,Univariate,Prophet,0.49690,453.04795,0.49856,50.31
2026-02-13 18:10:19,Sheet1,Daily_Sales,Univariate,LightGBM,0.19499,177.78673,0.19658,80.50
2026-02-13 18:10:22,Sheet1,Daily_Sales,Univariate,HistGB,0.21017,191.62501,0.21186,78.98
2026-02-13 18:10:22,Sheet1,Daily_Sales,Univariate,ExpSmoothing,0.07309,66.64011,0.07563,92.69
2026-02-13 18:10:22,Sheet1,Daily_Sales,Univariate,SARIMAX,0.14949,136.30042,0.14406,85.05
2026-02-13 18:14:43,Sheet1,Daily_Sales,Univariate,Baseline_SMA,0.19287,175.84595,0.17456,80.71
2026-02-13 18:14:43,Sheet1,Daily_Sales,Multivariate,Baseline_SMA,0.19287,175.84595,0.17456,80.71
2026-02-13 18:14:46,Sheet1,Daily_Sales,Univariate,Baseline_SMA,0.19287,175.84595,0.17456,80.71
2026-02-13 18:14:46,Sheet1,Daily_Sales,Multivariate,Baseline_SMA,0.19287,175.84595,0.17456,80.71
2026-02-13 18:14:49,Sheet1,Daily_Sales,Univariate,Prophet,0.49690,453.04795,0.49856,50.31
2026-02-13 18:15:10,Sheet1,Daily_Sales,Univariate,Baseline_SMA,0.19287,175.84595,0.17456,80.71
2026-02-13 18:15:10,Sheet1,Daily_Sales,Multivariate,Baseline_SMA,0.19287,175.84595,0.17456,80.71
2026-02-13 18:15:11,Sheet1,Daily_Sales,Univariate,Prophet,0.49690,453.04795,0.49856,50.31
2026-02-13 18:15:14,Sheet1,Daily_Sales,Univariate,ExpSmoothing,0.07309,66.64011,0.07563,92.69
2026-02-13 18:15:16,Sheet1,Daily_Sales,Univariate,SARIMAX,0.14949,136.30042,0.14406,85.05
2026-02-13 18:15:39,Sheet1,Daily_Sales,Univariate,ExpSmoothing,0.07309,66.64011,0.07563,92.69
2026-02-13 18:15:40,Sheet1,Daily_Sales,Univariate,SARIMAX,0.14949,136.30042,0.14406,85.05
2026-02-13 18:15:40,Sheet1,Daily_Sales,Univariate,Prophet,0.49690,453.04795,0.49856,50.31
2026-02-13 18:15:40,Sheet1,Daily_Sales,Univariate,ExpSmoothing,0.07309,66.64011,0.07563,92.69
2026-02-13 18:15:41,Sheet1,Daily_Sales,Univariate,SARIMAX,0.14949,136.30042,0.14406,85.05
2026-02-13 18:25:46,Sheet1,Daily_Sales,Univariate,Baseline_SMA,0.19287,175.84595,0.17456,80.71
2026-02-13 18:25:46,Sheet1,Daily_Sales,Multivariate,Baseline_SMA,0.19287,175.84595,0.17456,80.71
2026-02-13 18:26:17,Sheet1,Daily_Sales,Univariate,TBATS,0.28518,260.01492,0.26915,71.48
2026-02-13 18:26:17,Sheet1,Daily_Sales,Univariate,Prophet,0.49690,453.04795,0.49856,50.31
2026-02-13 18:26:18,Sheet1,Daily_Sales,Univariate,LightGBM,0.19499,177.78673,0.19658,80.50
2026-02-13 18:26:20,Sheet1,Daily_Sales,Univariate,HistGB,0.21017,191.62501,0.21186,78.98
2026-02-13 18:26:20,Sheet1,Daily_Sales,Univariate,ExpSmoothing,0.07309,66.64011,0.07563,92.69
2026-02-13 18:26:21,Sheet1,Daily_Sales,Univariate,SARIMAX,0.14949,136.30042,0.14406,85.05
2026-02-13 18:27:25,Sheet1,Daily_Sales,Univariate,Baseline_SMA,0.19287,175.84595,0.17456,80.71
2026-02-13 18:27:25,Sheet1,Daily_Sales,Multivariate,Baseline_SMA,0.19287,175.84595,0.17456,80.71
2026-02-13 18:27:57,Sheet1,Daily_Sales,Univariate,TBATS,0.28518,260.01492,0.26915,71.48
2026-02-13 18:27:57,Sheet1,Daily_Sales,Univariate,Prophet,0.49690,453.04795,0.49856,50.31
2026-02-13 18:27:58,Sheet1,Daily_Sales,Univariate,LightGBM,0.19499,177.78673,0.19658,80.50
2026-02-13 18:28:00,Sheet1,Daily_Sales,Univariate,HistGB,0.21017,191.62501,0.21186,78.98
2026-02-13 18:28:00,Sheet1,Daily_Sales,Univariate,ExpSmoothing,0.07309,66.64011,0.07563,92.69
2026-02-13 18:28:01,Sheet1,Daily_Sales,Univariate,SARIMAX,0.14949,136.30042,0.14406,85.05
2026-02-17 10:19:04,Sheet1,Daily_Sales,Univariate,Baseline_SMA,0.19287,175.84595,0.17456,80.71
2026-02-17 10:19:04,Sheet1,Daily_Sales,Multivariate,Baseline_SMA,0.19287,175.84595,0.17456,80.71
2026-02-17 10:19:30,Sheet1,Daily_Sales,Univariate,TBATS,0.28518,260.01492,0.26915,71.48
2026-02-17 10:19:30,Sheet1,Daily_Sales,Univariate,Prophet,0.49690,453.04795,0.49856,50.31
2026-02-17 10:19:31,Sheet1,Daily_Sales,Univariate,LightGBM,0.19499,177.78673,0.19658,80.50
2026-02-17 10:19:34,Sheet1,Daily_Sales,Univariate,HistGB,0.21017,191.62501,0.21186,78.98
2026-02-17 10:19:34,Sheet1,Daily_Sales,Univariate,ExpSmoothing,0.07309,66.64011,0.07563,92.69
2026-02-17 10:19:34,Sheet1,Daily_Sales,Univariate,SARIMAX,0.14949,136.30042,0.14406,85.05
2026-02-17 10:30:46,Sheet1,Daily_Sales,Univariate,Baseline_SMA,0.19287,175.84595,0.17456,80.71
2026-02-17 10:30:46,Sheet1,Daily_Sales,Multivariate,Baseline_SMA,0.19287,175.84595,0.17456,80.71
2026-02-17 10:31:14,Sheet1,Daily_Sales,Univariate,TBATS,0.28518,260.01492,0.26915,71.48
2026-02-17 10:31:14,Sheet1,Daily_Sales,Univariate,Prophet,0.49690,453.04795,0.49856,50.31
2026-02-17 10:31:15,Sheet1,Daily_Sales,Univariate,LightGBM,0.19499,177.78673,0.19658,80.50
2026-02-17 10:31:17,Sheet1,Daily_Sales,Univariate,HistGB,0.21017,191.62501,0.21186,78.98
2026-02-17 10:31:18,Sheet1,Daily_Sales,Univariate,ExpSmoothing,0.07309,66.64011,0.07563,92.69
2026-02-17 10:31:18,Sheet1,Daily_Sales,Univariate,SARIMAX,0.14949,136.30042,0.14406,85.05
2026-02-18 00:04:23,Sheet1,GRA,Univariate,Baseline_SMA,0.41947,6.26237,1.24590,58.05
2026-02-18 00:04:23,Sheet1,GRA,Multivariate,Baseline_SMA,0.41947,6.26237,1.24590,58.05
2026-02-18 00:04:36,Sheet1,GRA,Univariate,TBATS,0.40453,6.03938,1.26717,59.55
2026-02-18 00:04:36,Sheet1,GRA,Univariate,Prophet,0.38977,5.81907,1.32293,61.02
2026-02-18 00:04:37,Sheet1,GRA,Univariate,LightGBM,0.39804,5.94245,1.20596,60.20
2026-02-18 00:04:39,Sheet1,GRA,Univariate,HistGB,0.43955,6.56215,1.18427,56.05
2026-02-18 00:04:39,Sheet1,GRA,Univariate,ExpSmoothing,0.39571,5.90763,1.23651,60.43
2026-02-18 00:04:39,Sheet1,GRA,Univariate,SARIMAX,0.40391,6.03015,1.38878,59.61
2026-02-18 00:04:40,Sheet1,GRA,Multivariate,LightGBM,0.37279,5.56550,1.26817,62.72
2026-02-18 00:04:41,Sheet1,GRA,Multivariate,XGBoost,0.36822,5.49735,1.39201,63.18
2026-02-18 00:04:41,Sheet1,GRA,Multivariate,HistGB,0.37000,5.52383,1.19744,63.00
2026-02-18 00:04:41,Sheet1,GRA,Multivariate,ExtraTrees,0.36252,5.41222,1.31533,63.75
2026-02-18 00:04:41,Sheet1,GRA,Multivariate,Ridge,0.38086,5.68593,1.13053,61.91
2026-02-18 00:04:42,Sheet1,GRA,Multivariate,Huber,0.40341,6.02266,1.21448,59.66
2026-02-18 00:04:45,Sheet1,GRA,Multivariate,ExtraTrees,0.36252,5.41222,1.31533,63.75
2026-02-18 00:19:27,Sheet1,GRA,Univariate,Baseline_SMA,0.41947,6.26237,1.24590,58.05
2026-02-18 00:19:27,Sheet1,GRA,Multivariate,Baseline_SMA,0.41947,6.26237,1.24590,58.05
2026-02-18 00:19:41,Sheet1,GRA,Univariate,TBATS,0.40453,6.03938,1.26717,59.55
2026-02-18 00:19:41,Sheet1,GRA,Univariate,Prophet,0.38977,5.81907,1.32293,61.02
2026-02-18 00:19:42,Sheet1,GRA,Univariate,LightGBM,0.39804,5.94245,1.20596,60.20
2026-02-18 00:19:44,Sheet1,GRA,Univariate,HistGB,0.43955,6.56215,1.18427,56.05
2026-02-18 00:19:44,Sheet1,GRA,Univariate,ExpSmoothing,0.39571,5.90763,1.23651,60.43
2026-02-18 00:19:44,Sheet1,GRA,Univariate,SARIMAX,0.40391,6.03015,1.38878,59.61
2026-02-18 00:19:45,Sheet1,GRA,Multivariate,LightGBM,0.37279,5.56550,1.26817,62.72
2026-02-18 00:19:46,Sheet1,GRA,Multivariate,XGBoost,0.36822,5.49735,1.39201,63.18
2026-02-18 00:19:47,Sheet1,GRA,Multivariate,HistGB,0.37000,5.52383,1.19744,63.00
2026-02-18 00:19:47,Sheet1,GRA,Multivariate,ExtraTrees,0.36252,5.41222,1.31533,63.75
2026-02-18 00:19:47,Sheet1,GRA,Multivariate,Ridge,0.38086,5.68593,1.13053,61.91
2026-02-18 00:19:48,Sheet1,GRA,Multivariate,Huber,0.40341,6.02266,1.21448,59.66
2026-02-18 00:19:50,Sheet1,GRA,Multivariate,ExtraTrees,0.36252,5.41222,1.31533,63.75
2026-02-18 00:35:04,Sheet1,Canceled,Univariate,Baseline_SMA,0.59166,22.56190,0.35046,40.83
2026-02-18 00:35:04,Sheet1,Canceled,Multivariate,Baseline_SMA,0.59166,22.56190,0.35046,40.83
2026-02-18 00:35:11,Sheet1,Canceled,Univariate,TBATS,0.76846,29.30394,0.70773,23.15
2026-02-18 00:35:11,Sheet1,Canceled,Univariate,Prophet,0.64801,24.71082,0.67947,35.20
2026-02-18 00:35:12,Sheet1,Canceled,Univariate,LightGBM,0.61526,23.46197,0.48726,38.47
2026-02-18 00:35:14,Sheet1,Canceled,Univariate,HistGB,0.68747,26.21561,0.67122,31.25
2026-02-18 00:35:14,Sheet1,Canceled,Univariate,ExpSmoothing,0.61513,23.45678,0.53869,38.49
2026-02-18 00:35:15,Sheet1,Canceled,Univariate,SARIMAX,0.62966,24.01099,0.62534,37.03
2026-02-18 00:35:15,Sheet1,Canceled,Multivariate,LightGBM,0.55554,21.18470,0.60682,44.45
2026-02-18 00:35:16,Sheet1,Canceled,Multivariate,XGBoost,0.51857,19.77476,0.64395,48.14
2026-02-18 00:35:16,Sheet1,Canceled,Multivariate,HistGB,0.50213,19.14783,0.54435,49.79
2026-02-18 00:35:17,Sheet1,Canceled,Multivariate,ExtraTrees,0.47062,17.94649,0.38777,52.94
2026-02-18 00:35:17,Sheet1,Canceled,Multivariate,Ridge,0.50482,19.25031,0.39460,49.52
2026-02-18 00:35:17,Sheet1,Canceled,Multivariate,Huber,0.50124,19.11385,0.45964,49.88
2026-02-18 00:35:19,Sheet1,Canceled,Multivariate,ExtraTrees,0.47062,17.94649,0.38777,52.94
2026-02-18 00:42:29,Sheet1,Canceled,Univariate,Baseline_SMA,0.59166,22.56190,0.35046,40.83
2026-02-18 00:42:29,Sheet1,Canceled,Multivariate,Baseline_SMA,0.59166,22.56190,0.35046,40.83
2026-02-18 00:42:35,Sheet1,Canceled,Univariate,TBATS,0.76846,29.30394,0.70773,23.15
2026-02-18 00:42:35,Sheet1,Canceled,Univariate,Prophet,0.64801,24.71082,0.67947,35.20
2026-02-18 00:42:36,Sheet1,Canceled,Univariate,LightGBM,0.61526,23.46197,0.48726,38.47
2026-02-18 00:42:38,Sheet1,Canceled,Univariate,HistGB,0.68747,26.21561,0.67122,31.25
2026-02-18 00:42:38,Sheet1,Canceled,Univariate,ExpSmoothing,0.61513,23.45678,0.53869,38.49
2026-02-18 00:42:39,Sheet1,Canceled,Univariate,SARIMAX,0.62966,24.01099,0.62534,37.03
2026-02-18 00:42:39,Sheet1,Canceled,Multivariate,LightGBM,0.55571,21.19089,0.58827,44.43
2026-02-18 00:42:39,Sheet1,Canceled,Multivariate,XGBoost,0.52852,20.15407,0.67005,47.15
2026-02-18 00:42:39,Sheet1,Canceled,Multivariate,HistGB,0.49703,18.95326,0.50999,50.30
2026-02-18 00:42:40,Sheet1,Canceled,Multivariate,ExtraTrees,0.47077,17.95209,0.38650,52.92
2026-02-18 00:42:40,Sheet1,Canceled,Multivariate,Ridge,0.50482,19.25031,0.39460,49.52
2026-02-18 00:42:40,Sheet1,Canceled,Multivariate,Huber,0.50124,19.11385,0.45964,49.88
2026-02-18 00:42:42,Sheet1,Canceled,Multivariate,ExtraTrees,0.47077,17.95209,0.38650,52.92
2026-02-18 00:46:46,Sheet1,GRA,Univariate,Baseline_SMA,0.41947,6.26237,1.24590,58.05
2026-02-18 00:46:46,Sheet1,GRA,Multivariate,Baseline_SMA,0.41947,6.26237,1.24590,58.05
2026-02-18 00:47:00,Sheet1,GRA,Univariate,TBATS,0.40453,6.03938,1.26717,59.55
2026-02-18 00:47:00,Sheet1,GRA,Univariate,Prophet,0.38977,5.81907,1.32293,61.02
2026-02-18 00:47:01,Sheet1,GRA,Univariate,LightGBM,0.39804,5.94245,1.20596,60.20
2026-02-18 00:47:03,Sheet1,GRA,Univariate,HistGB,0.43955,6.56215,1.18427,56.05
2026-02-18 00:47:03,Sheet1,GRA,Univariate,ExpSmoothing,0.39571,5.90763,1.23651,60.43
2026-02-18 00:47:03,Sheet1,GRA,Univariate,SARIMAX,0.40391,6.03015,1.38878,59.61
2026-02-18 00:47:04,Sheet1,GRA,Multivariate,LightGBM,0.38327,5.72192,1.30236,61.67
2026-02-18 00:47:04,Sheet1,GRA,Multivariate,XGBoost,0.39926,5.96075,1.50921,60.07
2026-02-18 00:47:04,Sheet1,GRA,Multivariate,HistGB,0.39362,5.87655,1.31370,60.64
2026-02-18 00:47:04,Sheet1,GRA,Multivariate,ExtraTrees,0.37699,5.62828,1.33371,62.30
2026-02-18 00:47:04,Sheet1,GRA,Multivariate,Ridge,0.38086,5.68593,1.13053,61.91
2026-02-18 00:47:05,Sheet1,GRA,Multivariate,Huber,0.40341,6.02266,1.21448,59.66
2026-02-18 00:47:08,Sheet1,GRA,Multivariate,ExtraTrees,0.37699,5.62828,1.33371,62.30
2026-02-18 00:58:33,Sheet1,Canceled,Univariate,Baseline_SMA,0.59166,22.56190,0.35046,40.83
2026-02-18 00:58:33,Sheet1,Canceled,Multivariate,Baseline_SMA,0.59166,22.56190,0.35046,40.83
2026-02-18 00:58:39,Sheet1,Canceled,Univariate,TBATS,0.76846,29.30394,0.70773,23.15
2026-02-18 00:58:39,Sheet1,Canceled,Univariate,Prophet,0.64801,24.71082,0.67947,35.20
2026-02-18 00:58:40,Sheet1,Canceled,Univariate,LightGBM,0.61526,23.46197,0.48726,38.47
2026-02-18 00:58:42,Sheet1,Canceled,Univariate,HistGB,0.68747,26.21561,0.67122,31.25
2026-02-18 00:58:42,Sheet1,Canceled,Univariate,ExpSmoothing,0.61513,23.45678,0.53869,38.49
2026-02-18 00:58:42,Sheet1,Canceled,Univariate,SARIMAX,0.62966,24.01099,0.62534,37.03
2026-02-18 00:58:43,Sheet1,Canceled,Multivariate,LightGBM,0.54794,20.89459,0.59187,45.21
2026-02-18 00:58:43,Sheet1,Canceled,Multivariate,XGBoost,0.49546,18.89373,0.64798,50.45
2026-02-18 00:58:43,Sheet1,Canceled,Multivariate,HistGB,0.51416,19.60659,0.59280,48.58
2026-02-18 00:58:44,Sheet1,Canceled,Multivariate,ExtraTrees,0.48466,18.48179,0.41309,51.53
2026-02-18 00:58:44,Sheet1,Canceled,Multivariate,Ridge,0.50482,19.25031,0.39460,49.52
2026-02-18 00:58:44,Sheet1,Canceled,Multivariate,Huber,0.50124,19.11385,0.45964,49.88
2026-02-18 00:58:46,Sheet1,Canceled,Multivariate,ExtraTrees,0.48466,18.48179,0.41309,51.53
2026-02-18 01:08:57,Sheet1,Canceled,Univariate,Baseline_SMA,0.59166,22.56190,0.35046,40.83
2026-02-18 01:08:57,Sheet1,Canceled,Multivariate,Baseline_SMA,0.59166,22.56190,0.35046,40.83
2026-02-18 01:09:03,Sheet1,Canceled,Univariate,TBATS,0.76846,29.30394,0.70773,23.15
2026-02-18 01:09:03,Sheet1,Canceled,Univariate,Prophet,0.64801,24.71082,0.67947,35.20
2026-02-18 01:09:04,Sheet1,Canceled,Univariate,LightGBM,0.61526,23.46197,0.48726,38.47
2026-02-18 01:09:06,Sheet1,Canceled,Univariate,HistGB,0.68747,26.21561,0.67122,31.25
2026-02-18 01:09:06,Sheet1,Canceled,Univariate,ExpSmoothing,0.61513,23.45678,0.53869,38.49
2026-02-18 01:09:06,Sheet1,Canceled,Univariate,SARIMAX,0.62966,24.01099,0.62534,37.03
2026-02-18 01:09:07,Sheet1,Canceled,Multivariate,LightGBM,0.53045,20.22768,0.55701,46.96
2026-02-18 01:09:07,Sheet1,Canceled,Multivariate,XGBoost,0.56251,21.45042,0.65697,43.75
2026-02-18 01:09:08,Sheet1,Canceled,Multivariate,HistGB,0.53571,20.42825,0.57549,46.43
2026-02-18 01:09:08,Sheet1,Canceled,Multivariate,ExtraTrees,0.48372,18.44586,0.40482,51.63
2026-02-18 01:09:08,Sheet1,Canceled,Multivariate,Ridge,0.50482,19.25031,0.39460,49.52
2026-02-18 01:09:08,Sheet1,Canceled,Multivariate,Huber,0.50124,19.11385,0.45964,49.88
2026-02-18 01:09:10,Sheet1,Canceled,Multivariate,ExtraTrees,0.48372,18.44586,0.40482,51.63
2026-02-18 01:16:06,Sheet1,Canceled,Univariate,Baseline_SMA,0.59166,22.56190,0.35046,40.83
2026-02-18 01:16:06,Sheet1,Canceled,Multivariate,Baseline_SMA,0.59166,22.56190,0.35046,40.83
2026-02-18 01:16:11,Sheet1,Canceled,Univariate,TBATS,0.76846,29.30394,0.70773,23.15
2026-02-18 01:16:11,Sheet1,Canceled,Univariate,Prophet,0.64801,24.71082,0.67947,35.20
2026-02-18 01:16:12,Sheet1,Canceled,Univariate,LightGBM,0.61526,23.46197,0.48726,38.47
2026-02-18 01:16:15,Sheet1,Canceled,Univariate,HistGB,0.68747,26.21561,0.67122,31.25
2026-02-18 01:16:15,Sheet1,Canceled,Univariate,ExpSmoothing,0.61513,23.45678,0.53869,38.49
2026-02-18 01:16:15,Sheet1,Canceled,Univariate,SARIMAX,0.62966,24.01099,0.62534,37.03
2026-02-18 01:16:15,Sheet1,Canceled,Multivariate,LightGBM,0.51497,19.63740,0.51147,48.50
2026-02-18 01:16:16,Sheet1,Canceled,Multivariate,XGBoost,0.56426,21.51729,0.65087,43.57
2026-02-18 01:16:17,Sheet1,Canceled,Multivariate,HistGB,0.52217,19.91196,0.59974,47.78
2026-02-18 01:16:17,Sheet1,Canceled,Multivariate,ExtraTrees,0.48174,18.37038,0.37446,51.83
2026-02-18 01:16:17,Sheet1,Canceled,Multivariate,Ridge,0.50482,19.25031,0.39460,49.52
2026-02-18 01:16:17,Sheet1,Canceled,Multivariate,Huber,0.50124,19.11385,0.45964,49.88
2026-02-18 01:16:20,Sheet1,Canceled,Multivariate,ExtraTrees,0.48174,18.37038,0.37446,51.83
2026-02-18 01:37:36,Sheet1,GRA,Univariate,Baseline_SMA,0.41947,6.26237,1.24590,58.05
2026-02-18 01:37:36,Sheet1,GRA,Multivariate,Baseline_SMA,0.41947,6.26237,1.24590,58.05
2026-02-18 01:37:50,Sheet1,GRA,Univariate,TBATS,0.40453,6.03938,1.26717,59.55
2026-02-18 01:37:50,Sheet1,GRA,Univariate,Prophet,0.38977,5.81907,1.32293,61.02
2026-02-18 01:37:51,Sheet1,GRA,Univariate,LightGBM,0.39804,5.94245,1.20596,60.20
2026-02-18 01:37:53,Sheet1,GRA,Univariate,HistGB,0.43955,6.56215,1.18427,56.05
2026-02-18 01:37:53,Sheet1,GRA,Univariate,ExpSmoothing,0.39571,5.90763,1.23651,60.43
2026-02-18 01:37:54,Sheet1,GRA,Univariate,SARIMAX,0.40391,6.03015,1.38878,59.61
2026-02-18 01:37:54,Sheet1,GRA,Multivariate,LightGBM,0.37960,5.66722,1.29142,62.04
2026-02-18 01:37:54,Sheet1,GRA,Multivariate,XGBoost,0.38080,5.68504,1.47297,61.92
2026-02-18 01:37:55,Sheet1,GRA,Multivariate,HistGB,0.40311,6.01819,1.35267,59.69
2026-02-18 01:37:55,Sheet1,GRA,Multivariate,ExtraTrees,0.36671,5.47472,1.33347,63.33
2026-02-18 01:37:55,Sheet1,GRA,Multivariate,Ridge,0.38086,5.68593,1.13053,61.91
2026-02-18 01:37:56,Sheet1,GRA,Multivariate,Huber,0.40341,6.02266,1.21448,59.66
2026-02-18 01:37:59,Sheet1,GRA,Multivariate,ExtraTrees,0.36671,5.47472,1.33347,63.33
2026-02-18 01:41:14,Sheet1,Canceled,Univariate,Baseline_SMA,0.59166,22.56190,0.35046,40.83
2026-02-18 01:41:14,Sheet1,Canceled,Multivariate,Baseline_SMA,0.59166,22.56190,0.35046,40.83
2026-02-18 01:41:20,Sheet1,Canceled,Univariate,TBATS,0.76846,29.30394,0.70773,23.15
2026-02-18 01:41:20,Sheet1,Canceled,Univariate,Prophet,0.64801,24.71082,0.67947,35.20
2026-02-18 01:41:21,Sheet1,Canceled,Univariate,LightGBM,0.61526,23.46197,0.48726,38.47
2026-02-18 01:41:23,Sheet1,Canceled,Univariate,HistGB,0.68747,26.21561,0.67122,31.25
2026-02-18 01:41:23,Sheet1,Canceled,Univariate,ExpSmoothing,0.61513,23.45678,0.53869,38.49
2026-02-18 01:41:23,Sheet1,Canceled,Univariate,SARIMAX,0.62966,24.01099,0.62534,37.03
2026-02-18 01:41:23,Sheet1,Canceled,Multivariate,LightGBM,0.51951,19.81051,0.55639,48.05
2026-02-18 01:41:24,Sheet1,Canceled,Multivariate,XGBoost,0.53580,20.43175,0.68012,46.42
2026-02-18 01:41:24,Sheet1,Canceled,Multivariate,HistGB,0.49953,19.04884,0.47202,50.05
2026-02-18 01:41:24,Sheet1,Canceled,Multivariate,ExtraTrees,0.48286,18.41317,0.40342,51.71
2026-02-18 01:41:24,Sheet1,Canceled,Multivariate,Ridge,0.50482,19.25031,0.39460,49.52
2026-02-18 01:41:24,Sheet1,Canceled,Multivariate,Huber,0.50124,19.11385,0.45964,49.88
2026-02-18 01:41:27,Sheet1,Canceled,Multivariate,ExtraTrees,0.48286,18.41317,0.40342,51.71
2026-02-18 01:43:02,Sheet1,Canceled,Univariate,Baseline_SMA,0.59166,22.56190,0.35046,40.83
2026-02-18 01:43:02,Sheet1,Canceled,Multivariate,Baseline_SMA,0.59166,22.56190,0.35046,40.83
2026-02-18 01:43:07,Sheet1,Canceled,Univariate,TBATS,0.76846,29.30394,0.70773,23.15
2026-02-18 01:43:07,Sheet1,Canceled,Univariate,Prophet,0.64801,24.71082,0.67947,35.20
2026-02-18 01:43:08,Sheet1,Canceled,Univariate,LightGBM,0.61526,23.46197,0.48726,38.47
2026-02-18 01:43:10,Sheet1,Canceled,Univariate,HistGB,0.68747,26.21561,0.67122,31.25
2026-02-18 01:43:10,Sheet1,Canceled,Univariate,ExpSmoothing,0.61513,23.45678,0.53869,38.49
2026-02-18 01:43:11,Sheet1,Canceled,Univariate,SARIMAX,0.62966,24.01099,0.62534,37.03
2026-02-18 01:43:11,Sheet1,Canceled,Multivariate,LightGBM,0.54921,20.94323,0.56384,45.08
2026-02-18 01:43:11,Sheet1,Canceled,Multivariate,XGBoost,0.57529,21.93786,0.69635,42.47
2026-02-18 01:43:11,Sheet1,Canceled,Multivariate,HistGB,0.51717,19.72149,0.53143,48.28
2026-02-18 01:43:12,Sheet1,Canceled,Multivariate,ExtraTrees,0.46949,17.90306,0.38727,53.05
2026-02-18 01:43:12,Sheet1,Canceled,Multivariate,Ridge,0.50482,19.25031,0.39460,49.52
2026-02-18 01:43:12,Sheet1,Canceled,Multivariate,Huber,0.50124,19.11385,0.45964,49.88
2026-02-18 01:43:14,Sheet1,Canceled,Multivariate,ExtraTrees,0.46949,17.90306,0.38727,53.05
2026-02-18 11:56:07,Sheet1,Canceled,Univariate,Baseline_SMA,0.59166,22.56190,0.35046,40.83
2026-02-18 11:56:07,Sheet1,Canceled,Multivariate,Baseline_SMA,0.59166,22.56190,0.35046,40.83
2026-02-18 11:56:08,Sheet1,Canceled,Univariate,Baseline_SMA,0.59166,22.56190,0.35046,40.83
2026-02-18 11:56:08,Sheet1,Canceled,Multivariate,Baseline_SMA,0.59166,22.56190,0.35046,40.83
2026-02-18 11:56:08,Sheet1,Canceled,Univariate,Baseline_SMA,0.59166,22.56190,0.35046,40.83
2026-02-18 11:56:08,Sheet1,Canceled,Multivariate,Baseline_SMA,0.59166,22.56190,0.35046,40.83
2026-02-18 11:56:28,Sheet1,Canceled,Univariate,TBATS,0.76846,29.30394,0.70773,23.15
2026-02-18 11:56:28,Sheet1,Canceled,Univariate,TBATS,0.76846,29.30394,0.70773,23.15
2026-02-18 11:56:28,Sheet1,Canceled,Univariate,TBATS,0.76846,29.30394,0.70773,23.15
2026-02-18 11:56:28,Sheet1,Canceled,Univariate,Prophet,0.64801,24.71082,0.67947,35.20
2026-02-18 11:56:28,Sheet1,Canceled,Univariate,Prophet,0.64801,24.71082,0.67947,35.20
2026-02-18 11:56:28,Sheet1,Canceled,Univariate,Prophet,0.64801,24.71082,0.67947,35.20
2026-02-18 11:56:31,Sheet1,Canceled,Univariate,LightGBM,0.61526,23.46197,0.48726,38.47
2026-02-18 11:56:31,Sheet1,Canceled,Univariate,LightGBM,0.61526,23.46197,0.48726,38.47
2026-02-18 11:56:31,Sheet1,Canceled,Univariate,LightGBM,0.61526,23.46197,0.48726,38.47
2026-02-18 11:56:43,Sheet1,Canceled,Univariate,HistGB,0.68747,26.21561,0.67122,31.25
2026-02-18 11:56:43,Sheet1,Canceled,Univariate,ExpSmoothing,0.61513,23.45678,0.53869,38.49
2026-02-18 11:56:44,Sheet1,Canceled,Univariate,SARIMAX,0.62966,24.01099,0.62534,37.03
2026-02-18 11:56:44,Sheet1,Canceled,Univariate,HistGB,0.68747,26.21561,0.67122,31.25
2026-02-18 11:56:44,Sheet1,Canceled,Univariate,HistGB,0.68747,26.21561,0.67122,31.25
2026-02-18 11:56:44,Sheet1,Canceled,Univariate,ExpSmoothing,0.61513,23.45678,0.53869,38.49
2026-02-18 11:56:44,Sheet1,Canceled,Univariate,ExpSmoothing,0.61513,23.45678,0.53869,38.49
2026-02-18 11:56:44,Sheet1,Canceled,Univariate,SARIMAX,0.62966,24.01099,0.62534,37.03
2026-02-18 11:56:45,Sheet1,Canceled,Univariate,SARIMAX,0.62966,24.01099,0.62534,37.03
2026-02-18 12:00:58,Sheet1,Canceled,Univariate,Baseline_SMA,0.59166,22.56190,0.35046,40.83
2026-02-18 12:00:58,Sheet1,Canceled,Multivariate,Baseline_SMA,0.59166,22.56190,0.35046,40.83
2026-02-18 12:01:04,Sheet1,Canceled,Univariate,TBATS,0.76846,29.30394,0.70773,23.15
2026-02-18 12:01:04,Sheet1,Canceled,Univariate,Prophet,0.64801,24.71082,0.67947,35.20
2026-02-18 12:01:05,Sheet1,Canceled,Univariate,LightGBM,0.61526,23.46197,0.48726,38.47
2026-02-18 12:01:07,Sheet1,Canceled,Univariate,HistGB,0.68747,26.21561,0.67122,31.25
2026-02-18 12:01:07,Sheet1,Canceled,Univariate,ExpSmoothing,0.61513,23.45678,0.53869,38.49
2026-02-18 12:01:08,Sheet1,Canceled,Univariate,SARIMAX,0.62966,24.01099,0.62534,37.03
2026-02-18 12:01:08,Sheet1,Canceled,Multivariate,LightGBM,0.52788,20.12982,0.54236,47.21
2026-02-18 12:01:08,Sheet1,Canceled,Multivariate,XGBoost,0.55520,21.17177,0.57502,44.48
2026-02-18 12:01:09,Sheet1,Canceled,Multivariate,HistGB,0.59213,22.57996,0.66899,40.79
2026-02-18 12:01:09,Sheet1,Canceled,Multivariate,ExtraTrees,0.47365,18.06190,0.38336,52.63
2026-02-18 12:01:09,Sheet1,Canceled,Multivariate,Ridge,0.50482,19.25031,0.39460,49.52
2026-02-18 12:01:09,Sheet1,Canceled,Multivariate,Huber,0.50124,19.11385,0.45964,49.88
2026-02-18 12:01:12,Sheet1,Canceled,Multivariate,ExtraTrees,0.47365,18.06190,0.38336,52.63
2026-02-20 15:11:24,Sheet1,Canceled,Univariate,Baseline_SMA,0.59166,22.56190,0.35046,40.83
2026-02-20 15:11:24,Sheet1,Canceled,Multivariate,Baseline_SMA,0.59166,22.56190,0.35046,40.83
2026-02-20 15:11:34,Sheet1,Canceled,Univariate,TBATS,0.76846,29.30394,0.70773,23.15
2026-02-20 15:11:35,Sheet1,Canceled,Univariate,Prophet,0.64801,24.71082,0.67947,35.20
2026-02-20 15:11:35,Sheet1,Canceled,Univariate,LightGBM,0.61526,23.46197,0.48726,38.47
2026-02-20 15:11:38,Sheet1,Canceled,Univariate,HistGB,0.68747,26.21561,0.67122,31.25
2026-02-20 15:11:38,Sheet1,Canceled,Univariate,ExpSmoothing,0.61513,23.45678,0.53869,38.49
2026-02-20 15:11:38,Sheet1,Canceled,Univariate,SARIMAX,0.62966,24.01099,0.62534,37.03
2026-02-20 15:11:38,Sheet1,Canceled,Multivariate,LightGBM,0.54512,20.78719,0.56796,45.49
2026-02-20 15:11:39,Sheet1,Canceled,Multivariate,XGBoost,0.55002,20.97398,0.65964,45.00
2026-02-20 15:11:39,Sheet1,Canceled,Multivariate,HistGB,0.50157,19.12651,0.53663,49.84
2026-02-20 15:11:39,Sheet1,Canceled,Multivariate,ExtraTrees,0.47608,18.15463,0.39003,52.39
2026-02-20 15:11:39,Sheet1,Canceled,Multivariate,Ridge,0.50482,19.25031,0.39460,49.52
2026-02-20 15:11:39,Sheet1,Canceled,Multivariate,Huber,0.50124,19.11385,0.45964,49.88
2026-02-20 15:11:43,Sheet1,Canceled,Multivariate,ExtraTrees,0.47608,18.15463,0.39003,52.39
2026-02-20 15:41:18,Sheet1,Canceled,Univariate,Baseline_SMA,0.59166,22.56190,0.35046,40.83
2026-02-20 15:41:18,Sheet1,Canceled,Multivariate,Baseline_SMA,0.59166,22.56190,0.35046,40.83
2026-02-20 15:41:23,Sheet1,Canceled,Univariate,TBATS,0.76846,29.30394,0.70773,23.15
2026-02-20 15:41:23,Sheet1,Canceled,Univariate,Prophet,0.64801,24.71082,0.67947,35.20
2026-02-20 15:41:24,Sheet1,Canceled,Univariate,LightGBM,0.61526,23.46197,0.48726,38.47
2026-02-20 15:41:26,Sheet1,Canceled,Univariate,HistGB,0.68747,26.21561,0.67122,31.25
2026-02-20 15:41:26,Sheet1,Canceled,Univariate,ExpSmoothing,0.61513,23.45678,0.53869,38.49
2026-02-20 15:41:27,Sheet1,Canceled,Univariate,SARIMAX,0.62966,24.01099,0.62534,37.03
2026-02-20 15:41:27,Sheet1,Canceled,Multivariate,LightGBM,0.53471,20.39019,0.54265,46.53
2026-02-20 15:41:27,Sheet1,Canceled,Multivariate,XGBoost,0.51969,19.81755,0.62600,48.03
2026-02-20 15:41:28,Sheet1,Canceled,Multivariate,HistGB,0.49077,18.71454,0.48380,50.92
2026-02-20 15:41:28,Sheet1,Canceled,Multivariate,ExtraTrees,0.47414,18.08051,0.38719,52.59
2026-02-20 15:41:28,Sheet1,Canceled,Multivariate,Ridge,0.50482,19.25031,0.39460,49.52
2026-02-20 15:41:28,Sheet1,Canceled,Multivariate,Huber,0.50124,19.11385,0.45964,49.88
2026-02-20 15:41:30,Sheet1,Canceled,Multivariate,ExtraTrees,0.47414,18.08051,0.38719,52.59
2026-02-20 15:42:44,Sheet1,GRA,Univariate,Baseline_SMA,0.41947,6.26237,1.24590,58.05
2026-02-20 15:42:44,Sheet1,GRA,Multivariate,Baseline_SMA,0.41947,6.26237,1.24590,58.05
2026-02-20 15:42:58,Sheet1,GRA,Univariate,TBATS,0.40453,6.03938,1.26717,59.55
2026-02-20 15:42:58,Sheet1,GRA,Univariate,Prophet,0.38977,5.81907,1.32293,61.02
2026-02-20 15:42:58,Sheet1,GRA,Univariate,LightGBM,0.39804,5.94245,1.20596,60.20
2026-02-20 15:43:01,Sheet1,GRA,Univariate,HistGB,0.43955,6.56215,1.18427,56.05
2026-02-20 15:43:01,Sheet1,GRA,Univariate,ExpSmoothing,0.39571,5.90763,1.23651,60.43
2026-02-20 15:43:01,Sheet1,GRA,Univariate,SARIMAX,0.40391,6.03015,1.38878,59.61
2026-02-20 15:43:01,Sheet1,GRA,Multivariate,LightGBM,0.36688,5.47734,1.26944,63.31
2026-02-20 15:43:01,Sheet1,GRA,Multivariate,XGBoost,0.39962,5.96609,1.55747,60.04
2026-02-20 15:43:02,Sheet1,GRA,Multivariate,HistGB,0.36718,5.48183,1.20978,63.28
2026-02-20 15:43:02,Sheet1,GRA,Multivariate,ExtraTrees,0.37771,5.63893,1.33992,62.23
2026-02-20 15:43:02,Sheet1,GRA,Multivariate,Ridge,0.38086,5.68593,1.13053,61.91
2026-02-20 15:43:03,Sheet1,GRA,Multivariate,Huber,0.40341,6.02266,1.21448,59.66
2026-02-20 15:43:04,Sheet1,GRA,Multivariate,LightGBM,0.36688,5.47734,1.26944,63.31
2026-02-20 15:50:41,Sheet1,Daily_Sales,Univariate,Baseline_SMA,0.19287,175.84595,0.17456,80.71
2026-02-20 15:50:41,Sheet1,Daily_Sales,Multivariate,Baseline_SMA,0.19287,175.84595,0.17456,80.71
2026-02-20 15:51:08,Sheet1,Daily_Sales,Univariate,TBATS,0.28518,260.01492,0.26915,71.48
2026-02-20 15:51:08,Sheet1,Daily_Sales,Univariate,Prophet,0.49690,453.04795,0.49856,50.31
2026-02-20 15:51:09,Sheet1,Daily_Sales,Univariate,LightGBM,0.19499,177.78673,0.19658,80.50
2026-02-20 15:51:11,Sheet1,Daily_Sales,Univariate,HistGB,0.21017,191.62501,0.21186,78.98
2026-02-20 15:51:12,Sheet1,Daily_Sales,Univariate,ExpSmoothing,0.07309,66.64011,0.07563,92.69
2026-02-20 15:51:12,Sheet1,Daily_Sales,Univariate,SARIMAX,0.14949,136.30042,0.14406,85.05
2026-02-20 15:58:31,Sheet1,Daily_Sales,Univariate,Baseline_SMA,0.19287,175.84595,0.17456,80.71
2026-02-20 15:58:31,Sheet1,Daily_Sales,Multivariate,Baseline_SMA,0.19287,175.84595,0.17456,80.71
2026-02-20 15:58:58,Sheet1,Daily_Sales,Univariate,TBATS,0.28518,260.01492,0.26915,71.48
2026-02-20 15:58:58,Sheet1,Daily_Sales,Univariate,Prophet,0.49690,453.04795,0.49856,50.31
2026-02-20 15:58:59,Sheet1,Daily_Sales,Univariate,LightGBM,0.19499,177.78673,0.19658,80.50
2026-02-20 15:59:01,Sheet1,Daily_Sales,Univariate,HistGB,0.21017,191.62501,0.21186,78.98
2026-02-20 15:59:01,Sheet1,Daily_Sales,Univariate,ExpSmoothing,0.07309,66.64011,0.07563,92.69
2026-02-20 15:59:02,Sheet1,Daily_Sales,Univariate,SARIMAX,0.14949,136.30042,0.14406,85.05
2026-02-20 16:04:30,Sheet1,Daily_Sales,Univariate,Baseline_SMA,0.19287,175.84595,0.17456,80.71
2026-02-20 16:04:30,Sheet1,Daily_Sales,Multivariate,Baseline_SMA,0.19287,175.84595,0.17456,80.71
2026-02-20 16:04:57,Sheet1,Daily_Sales,Univariate,TBATS,0.28518,260.01492,0.26915,71.48
2026-02-20 16:04:57,Sheet1,Daily_Sales,Univariate,Prophet,0.49690,453.04795,0.49856,50.31
2026-02-20 16:04:58,Sheet1,Daily_Sales,Univariate,LightGBM,0.19499,177.78673,0.19658,80.50
2026-02-20 16:05:01,Sheet1,Daily_Sales,Univariate,HistGB,0.21017,191.62501,0.21186,78.98
2026-02-20 16:05:01,Sheet1,Daily_Sales,Univariate,ExpSmoothing,0.07309,66.64011,0.07563,92.69
2026-02-20 16:05:01,Sheet1,Daily_Sales,Univariate,SARIMAX,0.14949,136.30042,0.14406,85.05
2026-02-20 16:08:20,Sheet1,Daily_Sales,Univariate,Baseline_SMA,0.19287,175.84595,0.17456,80.71
2026-02-20 16:08:20,Sheet1,Daily_Sales,Multivariate,Baseline_SMA,0.19287,175.84595,0.17456,80.71
2026-02-20 16:08:47,Sheet1,Daily_Sales,Univariate,TBATS,0.28518,260.01492,0.26915,71.48
2026-02-20 16:08:47,Sheet1,Daily_Sales,Univariate,Prophet,0.49690,453.04795,0.49856,50.31
2026-02-20 16:08:48,Sheet1,Daily_Sales,Univariate,LightGBM,0.19499,177.78673,0.19658,80.50
2026-02-20 16:08:50,Sheet1,Daily_Sales,Univariate,HistGB,0.21017,191.62501,0.21186,78.98
2026-02-20 16:08:51,Sheet1,Daily_Sales,Univariate,ExpSmoothing,0.07309,66.64011,0.07563,92.69
2026-02-20 16:08:51,Sheet1,Daily_Sales,Univariate,SARIMAX,0.14949,136.30042,0.14406,85.05
2026-02-20 16:10:47,Sheet1,Daily_Sales,Univariate,Baseline_SMA,0.19287,175.84595,0.17456,80.71
2026-02-20 16:10:47,Sheet1,Daily_Sales,Multivariate,Baseline_SMA,0.19287,175.84595,0.17456,80.71
2026-02-20 16:11:14,Sheet1,Daily_Sales,Univariate,TBATS,0.28518,260.01492,0.26915,71.48
2026-02-20 16:11:14,Sheet1,Daily_Sales,Univariate,Prophet,0.49690,453.04795,0.49856,50.31
2026-02-20 16:11:15,Sheet1,Daily_Sales,Univariate,LightGBM,0.19499,177.78673,0.19658,80.50
2026-02-20 16:11:17,Sheet1,Daily_Sales,Univariate,HistGB,0.21017,191.62501,0.21186,78.98
2026-02-20 16:11:18,Sheet1,Daily_Sales,Univariate,ExpSmoothing,0.07309,66.64011,0.07563,92.69
2026-02-20 16:11:18,Sheet1,Daily_Sales,Univariate,SARIMAX,0.14949,136.30042,0.14406,85.05
2026-02-20 16:40:29,Sheet1,Daily_Sales,Univariate,Baseline_SMA,0.19287,175.84595,0.17456,80.71
2026-02-20 16:40:29,Sheet1,Daily_Sales,Multivariate,Baseline_SMA,0.19287,175.84595,0.17456,80.71
2026-02-20 16:40:54,Sheet1,Daily_Sales,Univariate,TBATS,0.28518,260.01492,0.26915,71.48
2026-02-20 16:40:54,Sheet1,Daily_Sales,Univariate,Prophet,0.49690,453.04795,0.49856,50.31
2026-02-20 16:40:55,Sheet1,Daily_Sales,Univariate,LightGBM,0.19499,177.78673,0.19658,80.50
2026-02-20 16:40:57,Sheet1,Daily_Sales,Univariate,HistGB,0.21017,191.62501,0.21186,78.98
2026-02-20 16:40:58,Sheet1,Daily_Sales,Univariate,ExpSmoothing,0.07309,66.64011,0.07563,92.69
2026-02-20 16:40:58,Sheet1,Daily_Sales,Univariate,SARIMAX,0.14949,136.30042,0.14406,85.05
2026-02-20 16:41:28,Sheet1,Daily_Sales,Univariate,Baseline_SMA,0.19287,175.84595,0.17456,80.71
2026-02-20 16:41:28,Sheet1,Daily_Sales,Multivariate,Baseline_SMA,0.19287,175.84595,0.17456,80.71
2026-02-20 16:41:54,Sheet1,Daily_Sales,Univariate,TBATS,0.28518,260.01492,0.26915,71.48
2026-02-20 16:41:54,Sheet1,Daily_Sales,Univariate,Prophet,0.49690,453.04795,0.49856,50.31
2026-02-20 16:41:55,Sheet1,Daily_Sales,Univariate,LightGBM,0.19499,177.78673,0.19658,80.50
2026-02-20 16:41:57,Sheet1,Daily_Sales,Univariate,HistGB,0.21017,191.62501,0.21186,78.98
2026-02-20 16:41:57,Sheet1,Daily_Sales,Univariate,ExpSmoothing,0.07309,66.64011,0.07563,92.69
2026-02-20 16:41:58,Sheet1,Daily_Sales,Univariate,SARIMAX,0.14949,136.30042,0.14406,85.05
2026-02-20 17:02:36,Sheet1,Daily_Sales,Univariate,Baseline_SMA,0.19287,175.84595,0.17456,80.71
2026-02-20 17:02:36,Sheet1,Daily_Sales,Multivariate,Baseline_SMA,0.19287,175.84595,0.17456,80.71
2026-02-20 17:03:02,Sheet1,Daily_Sales,Univariate,TBATS,0.28518,260.01492,0.26915,71.48
2026-02-20 17:03:02,Sheet1,Daily_Sales,Univariate,Prophet,0.49690,453.04795,0.49856,50.31
2026-02-20 17:03:03,Sheet1,Daily_Sales,Univariate,LightGBM,0.19499,177.78673,0.19658,80.50
2026-02-20 17:03:05,Sheet1,Daily_Sales,Univariate,HistGB,0.21017,191.62501,0.21186,78.98
2026-02-20 17:03:06,Sheet1,Daily_Sales,Univariate,ExpSmoothing,0.07309,66.64011,0.07563,92.69
2026-02-20 17:03:06,Sheet1,Daily_Sales,Univariate,SARIMAX,0.14949,136.30042,0.14406,85.05
2026-02-20 17:04:19,Sheet1,Daily_Sales,Univariate,Baseline_SMA,0.19287,175.84595,0.17456,80.71
2026-02-20 17:04:19,Sheet1,Daily_Sales,Multivariate,Baseline_SMA,0.19287,175.84595,0.17456,80.71
2026-02-20 17:04:46,Sheet1,Daily_Sales,Univariate,TBATS,0.28518,260.01492,0.26915,71.48
2026-02-20 17:04:46,Sheet1,Daily_Sales,Univariate,Prophet,0.49690,453.04795,0.49856,50.31
2026-02-20 17:04:46,Sheet1,Daily_Sales,Univariate,LightGBM,0.19499,177.78673,0.19658,80.50
2026-02-20 17:04:49,Sheet1,Daily_Sales,Univariate,HistGB,0.21017,191.62501,0.21186,78.98
2026-02-20 17:04:49,Sheet1,Daily_Sales,Univariate,ExpSmoothing,0.07309,66.64011,0.07563,92.69
2026-02-20 17:04:49,Sheet1,Daily_Sales,Univariate,SARIMAX,0.14949,136.30042,0.14406,85.05
2026-02-20 17:04:50,Sheet1,Daily_Sales,Multivariate,LightGBM,0.09007,82.12329,0.09424,90.99
2026-02-20 17:04:50,Sheet1,Daily_Sales,Multivariate,XGBoost,0.10419,94.99249,0.11064,89.58
2026-02-20 17:04:51,Sheet1,Daily_Sales,Multivariate,HistGB,0.09502,86.63121,0.09900,90.50
2026-02-20 17:04:51,Sheet1,Daily_Sales,Multivariate,ExtraTrees,0.10647,97.07416,0.10622,89.35
2026-02-20 17:04:51,Sheet1,Daily_Sales,Multivariate,Ridge,0.07311,66.65621,0.07654,92.69
2026-02-20 17:04:52,Sheet1,Daily_Sales,Multivariate,Huber,0.06646,60.59928,0.06956,93.35
2026-02-20 17:04:54,Sheet1,Daily_Sales,Multivariate,Huber,0.06646,60.59928,0.06956,93.35
2026-02-20 17:19:39,Sheet1,Daily_Sales,Univariate,Baseline_SMA,0.19287,175.84595,0.17456,80.71
2026-02-20 17:19:39,Sheet1,Daily_Sales,Multivariate,Baseline_SMA,0.19287,175.84595,0.17456,80.71
2026-02-20 17:20:06,Sheet1,Daily_Sales,Univariate,TBATS,0.28518,260.01492,0.26915,71.48
2026-02-20 17:20:07,Sheet1,Daily_Sales,Univariate,Prophet,0.49690,453.04795,0.49856,50.31
2026-02-20 17:20:07,Sheet1,Daily_Sales,Univariate,LightGBM,0.19499,177.78673,0.19658,80.50
2026-02-20 17:20:10,Sheet1,Daily_Sales,Univariate,HistGB,0.21017,191.62501,0.21186,78.98
2026-02-20 17:20:10,Sheet1,Daily_Sales,Univariate,ExpSmoothing,0.07309,66.64011,0.07563,92.69
2026-02-20 17:20:11,Sheet1,Daily_Sales,Univariate,SARIMAX,0.14949,136.30042,0.14406,85.05
2026-02-20 17:20:11,Sheet1,Daily_Sales,Multivariate,LightGBM,0.08890,81.05824,0.08895,91.11
2026-02-20 17:20:11,Sheet1,Daily_Sales,Multivariate,XGBoost,0.09046,82.47281,0.08991,90.95
2026-02-20 17:20:12,Sheet1,Daily_Sales,Multivariate,HistGB,0.07708,70.28058,0.07885,92.29
2026-02-20 17:20:12,Sheet1,Daily_Sales,Multivariate,ExtraTrees,0.10036,91.50327,0.09685,89.96
2026-02-20 17:20:12,Sheet1,Daily_Sales,Multivariate,Ridge,0.04879,44.48309,0.04799,95.12
2026-02-20 17:20:14,Sheet1,Daily_Sales,Multivariate,Huber,0.04836,44.09294,0.04760,95.16
2026-02-20 17:20:16,Sheet1,Daily_Sales,Multivariate,Huber,0.04836,44.09294,0.04760,95.16
2026-02-20 17:22:50,Sheet1,Daily_Sales,Univariate,Baseline_SMA,0.19287,175.84595,0.17456,80.71
2026-02-20 17:22:50,Sheet1,Daily_Sales,Multivariate,Baseline_SMA,0.19287,175.84595,0.17456,80.71
2026-02-20 17:23:18,Sheet1,Daily_Sales,Univariate,TBATS,0.28518,260.01492,0.26915,71.48
2026-02-20 17:23:18,Sheet1,Daily_Sales,Univariate,Prophet,0.49690,453.04795,0.49856,50.31
2026-02-20 17:23:19,Sheet1,Daily_Sales,Univariate,LightGBM,0.19499,177.78673,0.19658,80.50
2026-02-20 17:23:22,Sheet1,Daily_Sales,Univariate,HistGB,0.21017,191.62501,0.21186,78.98
2026-02-20 17:23:22,Sheet1,Daily_Sales,Univariate,ExpSmoothing,0.07309,66.64011,0.07563,92.69
2026-02-20 17:23:22,Sheet1,Daily_Sales,Univariate,SARIMAX,0.14949,136.30042,0.14406,85.05
2026-02-20 17:23:23,Sheet1,Daily_Sales,Multivariate,LightGBM,0.09228,84.13767,0.09784,90.77
2026-02-20 17:23:23,Sheet1,Daily_Sales,Multivariate,XGBoost,0.09663,88.10098,0.10351,90.34
2026-02-20 17:23:24,Sheet1,Daily_Sales,Multivariate,HistGB,0.09147,83.39771,0.09538,90.85
2026-02-20 17:23:24,Sheet1,Daily_Sales,Multivariate,ExtraTrees,0.10750,98.01553,0.10699,89.25
2026-02-20 17:23:24,Sheet1,Daily_Sales,Multivariate,Ridge,0.07311,66.65621,0.07654,92.69
2026-02-20 17:23:26,Sheet1,Daily_Sales,Multivariate,Huber,0.06648,60.61174,0.06957,93.35
2026-02-20 17:23:27,Sheet1,Daily_Sales,Multivariate,Huber,0.06648,60.61174,0.06957,93.35
2026-02-20 17:36:36,Sheet1,Daily_Sales,Univariate,Baseline_SMA,0.19287,175.84595,0.17456,80.71
2026-02-20 17:36:36,Sheet1,Daily_Sales,Multivariate,Baseline_SMA,0.19287,175.84595,0.17456,80.71
2026-02-20 17:37:03,Sheet1,Daily_Sales,Univariate,TBATS,0.28518,260.01492,0.26915,71.48
2026-02-20 17:37:03,Sheet1,Daily_Sales,Univariate,Prophet,0.49690,453.04795,0.49856,50.31
2026-02-20 17:37:04,Sheet1,Daily_Sales,Univariate,LightGBM,0.19499,177.78673,0.19658,80.50
2026-02-20 17:37:06,Sheet1,Daily_Sales,Univariate,HistGB,0.21017,191.62501,0.21186,78.98
2026-02-20 17:37:06,Sheet1,Daily_Sales,Univariate,ExpSmoothing,0.07309,66.64011,0.07563,92.69
2026-02-20 17:37:07,Sheet1,Daily_Sales,Univariate,SARIMAX,0.14949,136.30042,0.14406,85.05
2026-02-20 17:37:07,Sheet1,Daily_Sales,Multivariate,LightGBM,0.08603,78.43897,0.09059,91.40
2026-02-20 17:37:07,Sheet1,Daily_Sales,Multivariate,XGBoost,0.09229,84.15013,0.09818,90.77
2026-02-20 17:37:08,Sheet1,Daily_Sales,Multivariate,HistGB,0.09747,88.86790,0.10175,90.25
2026-02-20 17:37:08,Sheet1,Daily_Sales,Multivariate,ExtraTrees,0.11147,101.63458,0.11070,88.85
2026-02-20 17:37:08,Sheet1,Daily_Sales,Multivariate,Ridge,0.07311,66.65621,0.07654,92.69
2026-02-20 17:37:10,Sheet1,Daily_Sales,Multivariate,Huber,0.06650,60.62714,0.06959,93.35
2026-02-20 17:37:12,Sheet1,Daily_Sales,Multivariate,Huber,0.06650,60.62714,0.06959,93.35
2026-02-20 17:38:37,Sheet1,Daily_Sales,Univariate,Baseline_SMA,0.19287,175.84595,0.17456,80.71
2026-02-20 17:38:37,Sheet1,Daily_Sales,Multivariate,Baseline_SMA,0.19287,175.84595,0.17456,80.71
2026-02-20 17:39:04,Sheet1,Daily_Sales,Univariate,TBATS,0.28518,260.01492,0.26915,71.48
2026-02-20 17:39:04,Sheet1,Daily_Sales,Univariate,Prophet,0.49690,453.04795,0.49856,50.31
2026-02-20 17:39:05,Sheet1,Daily_Sales,Univariate,LightGBM,0.19499,177.78673,0.19658,80.50
2026-02-20 17:39:07,Sheet1,Daily_Sales,Univariate,HistGB,0.21017,191.62501,0.21186,78.98
2026-02-20 17:39:07,Sheet1,Daily_Sales,Univariate,ExpSmoothing,0.07309,66.64011,0.07563,92.69
2026-02-20 17:39:08,Sheet1,Daily_Sales,Univariate,SARIMAX,0.14949,136.30042,0.14406,85.05
2026-02-20 17:39:08,Sheet1,Daily_Sales,Multivariate,LightGBM,0.08510,77.59170,0.08534,91.49
2026-02-20 17:39:09,Sheet1,Daily_Sales,Multivariate,XGBoost,0.07473,68.13423,0.07643,92.53
2026-02-20 17:39:10,Sheet1,Daily_Sales,Multivariate,HistGB,0.07682,70.04197,0.07835,92.32
2026-02-20 17:39:10,Sheet1,Daily_Sales,Multivariate,ExtraTrees,0.10371,94.56145,0.10105,89.63
2026-02-20 17:39:10,Sheet1,Daily_Sales,Multivariate,Ridge,0.04879,44.48309,0.04799,95.12
2026-02-20 17:39:12,Sheet1,Daily_Sales,Multivariate,Huber,0.04836,44.09295,0.04760,95.16
2026-02-20 17:39:14,Sheet1,Daily_Sales,Multivariate,Huber,0.04836,44.09295,0.04760,95.16
2026-02-20 17:39:58,Sheet1,Daily_Sales,Univariate,Baseline_SMA,0.19287,175.84595,0.17456,80.71
2026-02-20 17:39:58,Sheet1,Daily_Sales,Multivariate,Baseline_SMA,0.19287,175.84595,0.17456,80.71
2026-02-20 17:40:25,Sheet1,Daily_Sales,Univariate,TBATS,0.28518,260.01492,0.26915,71.48
2026-02-20 17:40:25,Sheet1,Daily_Sales,Univariate,Prophet,0.49690,453.04795,0.49856,50.31
2026-02-20 17:40:26,Sheet1,Daily_Sales,Univariate,LightGBM,0.19499,177.78673,0.19658,80.50
2026-02-20 17:40:28,Sheet1,Daily_Sales,Univariate,HistGB,0.21017,191.62501,0.21186,78.98
2026-02-20 17:40:29,Sheet1,Daily_Sales,Univariate,ExpSmoothing,0.07309,66.64011,0.07563,92.69
2026-02-20 17:40:29,Sheet1,Daily_Sales,Univariate,SARIMAX,0.14949,136.30042,0.14406,85.05
2026-02-20 17:40:29,Sheet1,Daily_Sales,Multivariate,LightGBM,0.08603,78.43897,0.09059,91.40
2026-02-20 17:40:30,Sheet1,Daily_Sales,Multivariate,XGBoost,0.09229,84.15013,0.09818,90.77
2026-02-20 17:40:30,Sheet1,Daily_Sales,Multivariate,HistGB,0.09747,88.86790,0.10175,90.25
2026-02-20 17:40:31,Sheet1,Daily_Sales,Multivariate,ExtraTrees,0.11147,101.63458,0.11070,88.85
2026-02-20 17:40:31,Sheet1,Daily_Sales,Multivariate,Ridge,0.07311,66.65621,0.07654,92.69
2026-02-20 17:40:32,Sheet1,Daily_Sales,Multivariate,Huber,0.06650,60.62714,0.06959,93.35
2026-02-20 17:40:34,Sheet1,Daily_Sales,Multivariate,Huber,0.06650,60.62714,0.06959,93.35
2026-02-20 17:50:02,Sheet1,Daily_Sales,Univariate,Baseline_SMA,0.19287,175.84595,0.17456,80.71
2026-02-20 17:50:02,Sheet1,Daily_Sales,Multivariate,Baseline_SMA,0.19287,175.84595,0.17456,80.71
2026-02-20 17:50:29,Sheet1,Daily_Sales,Univariate,TBATS,0.28518,260.01492,0.26915,71.48
2026-02-20 17:50:29,Sheet1,Daily_Sales,Univariate,Prophet,0.49690,453.04795,0.49856,50.31
2026-02-20 17:50:30,Sheet1,Daily_Sales,Univariate,LightGBM,0.19499,177.78673,0.19658,80.50
2026-02-20 17:50:32,Sheet1,Daily_Sales,Univariate,HistGB,0.21017,191.62501,0.21186,78.98
2026-02-20 17:50:32,Sheet1,Daily_Sales,Univariate,ExpSmoothing,0.07309,66.64011,0.07563,92.69
2026-02-20 17:50:33,Sheet1,Daily_Sales,Univariate,SARIMAX,0.14949,136.30042,0.14406,85.05
2026-02-20 17:50:33,Sheet1,Daily_Sales,Multivariate,LightGBM,0.08442,76.97342,0.08809,91.56
2026-02-20 17:50:34,Sheet1,Daily_Sales,Multivariate,XGBoost,0.10702,97.57756,0.11557,89.30
2026-02-20 17:50:34,Sheet1,Daily_Sales,Multivariate,HistGB,0.09606,87.58592,0.10017,90.39
2026-02-20 17:50:35,Sheet1,Daily_Sales,Multivariate,ExtraTrees,0.10653,97.13252,0.10618,89.35
2026-02-20 17:50:35,Sheet1,Daily_Sales,Multivariate,Ridge,0.07311,66.65621,0.07654,92.69
2026-02-20 17:50:36,Sheet1,Daily_Sales,Multivariate,Huber,0.06647,60.60377,0.06957,93.35
2026-02-20 17:50:38,Sheet1,Daily_Sales,Multivariate,Huber,0.06647,60.60377,0.06957,93.35
2026-02-20 18:03:34,Sheet1,Daily_Sales,Univariate,Baseline_SMA,0.19287,175.84595,0.17456,80.71
2026-02-20 18:03:34,Sheet1,Daily_Sales,Multivariate,Baseline_SMA,0.19287,175.84595,0.17456,80.71
2026-02-20 18:04:01,Sheet1,Daily_Sales,Univariate,TBATS,0.28518,260.01492,0.26915,71.48
2026-02-20 18:04:01,Sheet1,Daily_Sales,Univariate,Prophet,0.49690,453.04795,0.49856,50.31
2026-02-20 18:04:02,Sheet1,Daily_Sales,Univariate,LightGBM,0.19499,177.78673,0.19658,80.50
2026-02-20 18:04:04,Sheet1,Daily_Sales,Univariate,HistGB,0.21017,191.62501,0.21186,78.98
2026-02-20 18:04:04,Sheet1,Daily_Sales,Univariate,ExpSmoothing,0.07309,66.64011,0.07563,92.69
2026-02-20 18:04:05,Sheet1,Daily_Sales,Univariate,SARIMAX,0.14949,136.30042,0.14406,85.05
2026-02-20 18:04:05,Sheet1,Daily_Sales,Multivariate,LightGBM,0.08730,79.59190,0.09319,91.27
2026-02-20 18:04:06,Sheet1,Daily_Sales,Multivariate,XGBoost,0.10204,93.03574,0.10680,89.80
2026-02-20 18:04:07,Sheet1,Daily_Sales,Multivariate,HistGB,0.08556,78.01001,0.09015,91.44
2026-02-20 18:04:07,Sheet1,Daily_Sales,Multivariate,ExtraTrees,0.10620,96.82821,0.10588,89.38
2026-02-20 18:04:07,Sheet1,Daily_Sales,Multivariate,Ridge,0.07311,66.65621,0.07654,92.69
2026-02-20 18:04:09,Sheet1,Daily_Sales,Multivariate,Huber,0.06646,60.59742,0.06956,93.35
2026-02-20 18:05:10,Sheet1,Daily_Sales,Univariate,Baseline_SMA,0.19287,175.84595,0.17456,80.71
2026-02-20 18:05:10,Sheet1,Daily_Sales,Multivariate,Baseline_SMA,0.19287,175.84595,0.17456,80.71
2026-02-20 18:05:36,Sheet1,Daily_Sales,Univariate,TBATS,0.28518,260.01492,0.26915,71.48
2026-02-20 18:05:36,Sheet1,Daily_Sales,Univariate,Prophet,0.49690,453.04795,0.49856,50.31
2026-02-20 18:05:37,Sheet1,Daily_Sales,Univariate,LightGBM,0.19499,177.78673,0.19658,80.50
2026-02-20 18:05:39,Sheet1,Daily_Sales,Univariate,HistGB,0.21017,191.62501,0.21186,78.98
2026-02-20 18:05:39,Sheet1,Daily_Sales,Univariate,ExpSmoothing,0.07309,66.64011,0.07563,92.69
2026-02-20 18:05:40,Sheet1,Daily_Sales,Univariate,SARIMAX,0.14949,136.30042,0.14406,85.05
2026-02-20 18:05:40,Sheet1,Daily_Sales,Multivariate,LightGBM,0.08697,79.29602,0.09146,91.30
2026-02-20 18:05:41,Sheet1,Daily_Sales,Multivariate,XGBoost,0.10683,97.40004,0.11288,89.32
2026-02-20 18:05:41,Sheet1,Daily_Sales,Multivariate,HistGB,0.09054,82.54831,0.09516,90.95
2026-02-20 18:05:41,Sheet1,Daily_Sales,Multivariate,ExtraTrees,0.10578,96.44110,0.10557,89.42
2026-02-20 18:05:41,Sheet1,Daily_Sales,Multivariate,Ridge,0.07311,66.65621,0.07654,92.69
2026-02-20 18:05:43,Sheet1,Daily_Sales,Multivariate,Huber,0.06648,60.61242,0.06958,93.35
2026-02-20 18:05:45,Sheet1,Daily_Sales,Multivariate,Huber,0.06648,60.61242,0.06958,93.35
2026-02-20 18:07:11,Sheet1,Daily_Sales,Univariate,Baseline_SMA,0.19287,175.84595,0.17456,80.71
2026-02-20 18:07:11,Sheet1,Daily_Sales,Multivariate,Baseline_SMA,0.19287,175.84595,0.17456,80.71
2026-02-20 18:07:38,Sheet1,Daily_Sales,Univariate,TBATS,0.28518,260.01492,0.26915,71.48
2026-02-20 18:07:39,Sheet1,Daily_Sales,Univariate,Prophet,0.49690,453.04795,0.49856,50.31
2026-02-20 18:07:39,Sheet1,Daily_Sales,Univariate,LightGBM,0.19499,177.78673,0.19658,80.50
2026-02-20 18:07:42,Sheet1,Daily_Sales,Univariate,HistGB,0.21017,191.62501,0.21186,78.98
2026-02-20 18:07:42,Sheet1,Daily_Sales,Univariate,ExpSmoothing,0.07309,66.64011,0.07563,92.69
2026-02-20 18:07:43,Sheet1,Daily_Sales,Univariate,SARIMAX,0.14949,136.30042,0.14406,85.05
2026-02-20 18:07:43,Sheet1,Daily_Sales,Multivariate,LightGBM,0.08602,78.42863,0.09062,91.40
2026-02-20 18:07:44,Sheet1,Daily_Sales,Multivariate,XGBoost,0.09643,87.92377,0.10111,90.36
2026-02-20 18:07:45,Sheet1,Daily_Sales,Multivariate,HistGB,0.09282,84.62598,0.09569,90.72
2026-02-20 18:07:45,Sheet1,Daily_Sales,Multivariate,ExtraTrees,0.11404,103.97644,0.11331,88.60
2026-02-20 18:07:45,Sheet1,Daily_Sales,Multivariate,Ridge,0.07311,66.65621,0.07654,92.69
2026-02-20 18:07:46,Sheet1,Daily_Sales,Multivariate,Huber,0.06648,60.61363,0.06958,93.35
2026-02-20 18:07:48,Sheet1,Daily_Sales,Multivariate,Huber,0.06648,60.61363,0.06958,93.35
2026-02-20 18:08:58,Sheet1,Daily_Sales,Univariate,Baseline_SMA,0.19287,175.84595,0.17456,80.71
2026-02-20 18:08:58,Sheet1,Daily_Sales,Multivariate,Baseline_SMA,0.19287,175.84595,0.17456,80.71
2026-02-20 18:09:25,Sheet1,Daily_Sales,Univariate,TBATS,0.28518,260.01492,0.26915,71.48
2026-02-20 18:09:25,Sheet1,Daily_Sales,Univariate,Prophet,0.49690,453.04795,0.49856,50.31
2026-02-20 18:09:26,Sheet1,Daily_Sales,Univariate,LightGBM,0.19499,177.78673,0.19658,80.50
2026-02-20 18:09:29,Sheet1,Daily_Sales,Univariate,HistGB,0.21017,191.62501,0.21186,78.98
2026-02-20 18:09:29,Sheet1,Daily_Sales,Univariate,ExpSmoothing,0.07309,66.64011,0.07563,92.69
2026-02-20 18:09:29,Sheet1,Daily_Sales,Univariate,SARIMAX,0.14949,136.30042,0.14406,85.05
2026-02-20 18:09:30,Sheet1,Daily_Sales,Multivariate,LightGBM,0.08636,78.74221,0.09069,91.36
2026-02-20 18:09:30,Sheet1,Daily_Sales,Multivariate,XGBoost,0.10905,99.42890,0.11469,89.09
2026-02-20 18:09:31,Sheet1,Daily_Sales,Multivariate,HistGB,0.09077,82.75952,0.09395,90.92
2026-02-20 18:09:31,Sheet1,Daily_Sales,Multivariate,ExtraTrees,0.10409,94.90119,0.10347,89.59
2026-02-20 18:09:31,Sheet1,Daily_Sales,Multivariate,Ridge,0.07311,66.65621,0.07654,92.69
2026-02-20 18:09:33,Sheet1,Daily_Sales,Multivariate,Huber,0.06648,60.60992,0.06957,93.35
2026-02-20 18:09:35,Sheet1,Daily_Sales,Multivariate,Huber,0.06648,60.60992,0.06957,93.35
2026-02-20 18:13:58,Sheet1,Daily_Sales,Univariate,Baseline_SMA,0.19287,175.84595,0.17456,80.71
2026-02-20 18:13:58,Sheet1,Daily_Sales,Multivariate,Baseline_SMA,0.19287,175.84595,0.17456,80.71
2026-02-20 18:14:25,Sheet1,Daily_Sales,Univariate,TBATS,0.28518,260.01492,0.26915,71.48
2026-02-20 18:14:25,Sheet1,Daily_Sales,Univariate,Prophet,0.49690,453.04795,0.49856,50.31
2026-02-20 18:14:26,Sheet1,Daily_Sales,Univariate,LightGBM,0.19499,177.78673,0.19658,80.50
2026-02-20 18:14:28,Sheet1,Daily_Sales,Univariate,HistGB,0.21017,191.62501,0.21186,78.98
2026-02-20 18:14:28,Sheet1,Daily_Sales,Univariate,ExpSmoothing,0.07309,66.64011,0.07563,92.69
2026-02-20 18:14:29,Sheet1,Daily_Sales,Univariate,SARIMAX,0.14949,136.30042,0.14406,85.05
2026-02-20 18:14:29,Sheet1,Daily_Sales,Multivariate,LightGBM,0.08610,78.50479,0.09111,91.39
2026-02-20 18:14:30,Sheet1,Daily_Sales,Multivariate,XGBoost,0.10497,95.70693,0.11321,89.50
2026-02-20 18:14:30,Sheet1,Daily_Sales,Multivariate,HistGB,0.09274,84.55632,0.09643,90.73
2026-02-20 18:14:31,Sheet1,Daily_Sales,Multivariate,ExtraTrees,0.10433,95.12160,0.10335,89.57
2026-02-20 18:14:31,Sheet1,Daily_Sales,Multivariate,Ridge,0.07311,66.65621,0.07654,92.69
2026-02-20 18:14:32,Sheet1,Daily_Sales,Multivariate,Huber,0.06646,60.59634,0.06956,93.35
2026-02-20 18:14:34,Sheet1,Daily_Sales,Multivariate,Huber,0.06646,60.59634,0.06956,93.35
2026-02-20 18:57:55,Sheet1,GRA,Univariate,Baseline_SMA,0.41947,6.26237,1.24590,58.05
2026-02-20 18:57:55,Sheet1,GRA,Multivariate,Baseline_SMA,0.41947,6.26237,1.24590,58.05
2026-02-20 18:58:14,Sheet1,GRA,Univariate,TBATS,0.40453,6.03938,1.26717,59.55
2026-02-20 18:58:14,Sheet1,GRA,Univariate,Prophet,0.38977,5.81907,1.32293,61.02
2026-02-20 18:58:15,Sheet1,GRA,Univariate,LightGBM,0.39804,5.94245,1.20596,60.20
2026-02-20 18:58:17,Sheet1,GRA,Univariate,HistGB,0.43955,6.56215,1.18427,56.05
2026-02-20 18:58:17,Sheet1,GRA,Univariate,ExpSmoothing,0.39571,5.90763,1.23651,60.43
2026-02-20 18:58:18,Sheet1,GRA,Univariate,SARIMAX,0.40391,6.03015,1.38878,59.61
2026-02-20 18:58:18,Sheet1,GRA,Multivariate,LightGBM,0.37866,5.65310,1.34378,62.13
2026-02-20 18:58:18,Sheet1,GRA,Multivariate,XGBoost,0.41005,6.12171,1.49438,59.00
2026-02-20 18:58:19,Sheet1,GRA,Multivariate,HistGB,0.40189,5.99991,1.28313,59.81
2026-02-20 18:58:19,Sheet1,GRA,Multivariate,ExtraTrees,0.36526,5.45306,1.35034,63.47
2026-02-20 18:58:19,Sheet1,GRA,Multivariate,Ridge,0.37584,5.61102,1.12594,62.42
2026-02-20 18:58:20,Sheet1,GRA,Multivariate,Huber,0.40112,5.98851,1.20674,59.89
2026-02-20 18:58:24,Sheet1,GRA,Multivariate,ExtraTrees,0.36526,5.45306,1.35034,63.47
2026-02-20 18:59:55,Sheet1,Canceled,Univariate,Baseline_SMA,0.59166,22.56190,0.35046,40.83
2026-02-20 18:59:55,Sheet1,Canceled,Multivariate,Baseline_SMA,0.59166,22.56190,0.35046,40.83
2026-02-20 19:00:06,Sheet1,Canceled,Univariate,TBATS,0.76846,29.30394,0.70773,23.15
2026-02-20 19:00:06,Sheet1,Canceled,Univariate,Prophet,0.64801,24.71082,0.67947,35.20
2026-02-20 19:00:07,Sheet1,Canceled,Univariate,LightGBM,0.61526,23.46197,0.48726,38.47
2026-02-20 19:00:09,Sheet1,Canceled,Univariate,HistGB,0.68747,26.21561,0.67122,31.25
2026-02-20 19:00:09,Sheet1,Canceled,Univariate,ExpSmoothing,0.61513,23.45678,0.53869,38.49
2026-02-20 19:00:09,Sheet1,Canceled,Univariate,SARIMAX,0.62966,24.01099,0.62534,37.03
2026-02-20 19:00:10,Sheet1,Canceled,Multivariate,LightGBM,0.64960,24.77155,0.67274,35.04
2026-02-20 19:00:10,Sheet1,Canceled,Multivariate,XGBoost,0.71328,27.19971,0.79132,28.67
2026-02-20 19:00:10,Sheet1,Canceled,Multivariate,HistGB,0.67355,25.68482,0.69384,32.64
2026-02-20 19:00:10,Sheet1,Canceled,Multivariate,ExtraTrees,0.55700,21.24031,0.47789,44.30
2026-02-20 19:00:10,Sheet1,Canceled,Multivariate,Ridge,0.56754,21.64231,0.45801,43.25
2026-02-20 19:00:10,Sheet1,Canceled,Multivariate,Huber,0.58510,22.31172,0.50344,41.49
2026-02-20 19:00:14,Sheet1,Canceled,Multivariate,ExtraTrees,0.55700,21.24031,0.47789,44.30
2026-02-20 19:00:26,Sheet1,Canceled,Univariate,Baseline_SMA,0.59166,22.56190,0.35046,40.83
2026-02-20 19:00:26,Sheet1,Canceled,Multivariate,Baseline_SMA,0.59166,22.56190,0.35046,40.83
2026-02-20 19:00:31,Sheet1,Canceled,Univariate,Baseline_SMA,0.59166,22.56190,0.35046,40.83
2026-02-20 19:00:31,Sheet1,Canceled,Multivariate,Baseline_SMA,0.59166,22.56190,0.35046,40.83
2026-02-20 19:00:47,Sheet1,Canceled,Univariate,TBATS,0.76846,29.30394,0.70773,23.15
2026-02-20 19:00:47,Sheet1,Canceled,Univariate,Prophet,0.64801,24.71082,0.67947,35.20
2026-02-20 19:00:51,Sheet1,Canceled,Univariate,LightGBM,0.61526,23.46197,0.48726,38.47
2026-02-20 19:00:52,Sheet1,Canceled,Univariate,TBATS,0.76846,29.30394,0.70773,23.15
2026-02-20 19:00:52,Sheet1,Canceled,Univariate,Prophet,0.64801,24.71082,0.67947,35.20
2026-02-20 19:00:53,Sheet1,Canceled,Univariate,LightGBM,0.61526,23.46197,0.48726,38.47
2026-02-20 19:00:58,Sheet1,Canceled,Univariate,HistGB,0.68747,26.21561,0.67122,31.25
2026-02-20 19:00:58,Sheet1,Canceled,Univariate,ExpSmoothing,0.61513,23.45678,0.53869,38.49
2026-02-20 19:00:59,Sheet1,Canceled,Univariate,SARIMAX,0.62966,24.01099,0.62534,37.03
2026-02-20 19:00:59,Sheet1,Canceled,Multivariate,LightGBM,0.64960,24.77155,0.67274,35.04
2026-02-20 19:01:06,Sheet1,Canceled,Univariate,HistGB,0.68747,26.21561,0.67122,31.25
2026-02-20 19:01:06,Sheet1,Canceled,Univariate,ExpSmoothing,0.61513,23.45678,0.53869,38.49
2026-02-20 19:01:07,Sheet1,Canceled,Univariate,SARIMAX,0.62966,24.01099,0.62534,37.03
2026-02-20 19:01:08,Sheet1,Canceled,Multivariate,LightGBM,0.64960,24.77155,0.67274,35.04
2026-02-20 19:01:08,Sheet1,Canceled,Multivariate,XGBoost,0.71328,27.19971,0.79132,28.67
2026-02-20 19:01:08,Sheet1,Canceled,Multivariate,XGBoost,0.71328,27.19971,0.79132,28.67
2026-02-20 19:01:09,Sheet1,Canceled,Multivariate,HistGB,0.67355,25.68482,0.69384,32.64
2026-02-20 19:01:09,Sheet1,Canceled,Multivariate,ExtraTrees,0.55700,21.24031,0.47789,44.30
2026-02-20 19:01:09,Sheet1,Canceled,Multivariate,Ridge,0.56754,21.64231,0.45801,43.25
2026-02-20 19:01:09,Sheet1,Canceled,Multivariate,Huber,0.58510,22.31172,0.50344,41.49
2026-02-20 19:01:12,Sheet1,Canceled,Multivariate,ExtraTrees,0.55700,21.24031,0.47789,44.30
2026-02-20 19:01:12,Sheet1,Canceled,Multivariate,HistGB,0.67355,25.68482,0.69384,32.64
2026-02-20 19:01:12,Sheet1,Canceled,Multivariate,ExtraTrees,0.55700,21.24031,0.47789,44.30
2026-02-20 19:01:12,Sheet1,Canceled,Multivariate,Ridge,0.56754,21.64231,0.45801,43.25
2026-02-20 19:01:12,Sheet1,Canceled,Multivariate,Huber,0.58510,22.31172,0.50344,41.49
2026-02-20 19:01:16,Sheet1,Canceled,Multivariate,ExtraTrees,0.55700,21.24031,0.47789,44.30
2026-02-20 19:04:37,Sheet1,Daily_Sales,Univariate,Baseline_SMA,0.19287,175.84595,0.17456,80.71
2026-02-20 19:04:37,Sheet1,Daily_Sales,Multivariate,Baseline_SMA,0.19287,175.84595,0.17456,80.71
2026-02-20 19:05:08,Sheet1,Daily_Sales,Univariate,TBATS,0.28518,260.01492,0.26915,71.48
2026-02-20 19:05:08,Sheet1,Daily_Sales,Univariate,Prophet,0.49690,453.04795,0.49856,50.31
2026-02-20 19:05:08,Sheet1,Daily_Sales,Univariate,LightGBM,0.19499,177.78673,0.19658,80.50
2026-02-20 19:05:11,Sheet1,Daily_Sales,Univariate,HistGB,0.21017,191.62501,0.21186,78.98
2026-02-20 19:05:11,Sheet1,Daily_Sales,Univariate,ExpSmoothing,0.07309,66.64011,0.07563,92.69
2026-02-20 19:05:11,Sheet1,Daily_Sales,Univariate,SARIMAX,0.14949,136.30042,0.14406,85.05
2026-02-20 19:05:12,Sheet1,Daily_Sales,Multivariate,LightGBM,0.09053,82.53666,0.09457,90.95
2026-02-20 19:05:12,Sheet1,Daily_Sales,Multivariate,XGBoost,0.10529,95.99916,0.11256,89.47
2026-02-20 19:05:13,Sheet1,Daily_Sales,Multivariate,HistGB,0.09459,86.24396,0.09914,90.54
2026-02-20 19:05:13,Sheet1,Daily_Sales,Multivariate,ExtraTrees,0.09954,90.75671,0.09903,90.05
2026-02-20 19:05:13,Sheet1,Daily_Sales,Multivariate,Ridge,0.07311,66.65621,0.07654,92.69
2026-02-20 19:05:15,Sheet1,Daily_Sales,Multivariate,Huber,0.06646,60.59780,0.06956,93.35
2026-02-20 19:05:17,Sheet1,Daily_Sales,Multivariate,Huber,0.06646,60.59780,0.06956,93.35
2026-02-20 19:46:39,Sheet1,Daily_Sales,Univariate,Baseline_SMA,0.19287,175.84595,0.17456,80.71
2026-02-20 19:46:39,Sheet1,Daily_Sales,Multivariate,Baseline_SMA,0.19287,175.84595,0.17456,80.71
2026-02-20 19:47:05,Sheet1,Daily_Sales,Univariate,TBATS,0.28518,260.01492,0.26915,71.48
2026-02-20 19:47:05,Sheet1,Daily_Sales,Univariate,Prophet,0.49690,453.04795,0.49856,50.31
2026-02-20 19:47:06,Sheet1,Daily_Sales,Univariate,LightGBM,0.19499,177.78673,0.19658,80.50
2026-02-20 19:47:08,Sheet1,Daily_Sales,Univariate,HistGB,0.21017,191.62501,0.21186,78.98
2026-02-20 19:47:08,Sheet1,Daily_Sales,Univariate,ExpSmoothing,0.07309,66.64011,0.07563,92.69
2026-02-20 19:47:09,Sheet1,Daily_Sales,Univariate,SARIMAX,0.14949,136.30042,0.14406,85.05
2026-02-20 19:47:09,Sheet1,Daily_Sales,Multivariate,LightGBM,0.08413,76.70165,0.08483,91.59
2026-02-20 19:47:10,Sheet1,Daily_Sales,Multivariate,XGBoost,0.08626,78.65097,0.08632,91.37
2026-02-20 19:47:11,Sheet1,Daily_Sales,Multivariate,HistGB,0.08102,73.87369,0.08402,91.90
2026-02-20 19:47:11,Sheet1,Daily_Sales,Multivariate,ExtraTrees,0.10633,96.94865,0.10350,89.37
2026-02-20 19:47:11,Sheet1,Daily_Sales,Multivariate,Ridge,0.04879,44.48309,0.04799,95.12
2026-02-20 19:47:13,Sheet1,Daily_Sales,Multivariate,Huber,0.04836,44.09288,0.04760,95.16
2026-02-20 19:47:15,Sheet1,Daily_Sales,Multivariate,Huber,0.04836,44.09288,0.04760,95.16
2026-02-20 19:51:43,Sheet1,Daily_Sales,Univariate,Baseline_SMA,0.19287,175.84595,0.17456,80.71
2026-02-20 19:51:43,Sheet1,Daily_Sales,Multivariate,Baseline_SMA,0.19287,175.84595,0.17456,80.71
2026-02-20 19:52:10,Sheet1,Daily_Sales,Univariate,TBATS,0.28518,260.01492,0.26915,71.48
2026-02-20 19:52:10,Sheet1,Daily_Sales,Univariate,Prophet,0.49690,453.04795,0.49856,50.31
2026-02-20 19:52:11,Sheet1,Daily_Sales,Univariate,LightGBM,0.19499,177.78673,0.19658,80.50
2026-02-20 19:52:14,Sheet1,Daily_Sales,Univariate,HistGB,0.21017,191.62501,0.21186,78.98
2026-02-20 19:52:14,Sheet1,Daily_Sales,Univariate,ExpSmoothing,0.07309,66.64011,0.07563,92.69
2026-02-20 19:52:14,Sheet1,Daily_Sales,Univariate,SARIMAX,0.14949,136.30042,0.14406,85.05
2026-02-20 19:52:15,Sheet1,Daily_Sales,Multivariate,LightGBM,0.08850,80.68912,0.09323,91.15
2026-02-20 19:52:15,Sheet1,Daily_Sales,Multivariate,XGBoost,0.09720,88.62072,0.10534,90.28
2026-02-20 19:52:16,Sheet1,Daily_Sales,Multivariate,HistGB,0.09051,82.52319,0.09470,90.95
2026-02-20 19:52:16,Sheet1,Daily_Sales,Multivariate,ExtraTrees,0.10643,97.03496,0.10579,89.36
2026-02-20 19:52:16,Sheet1,Daily_Sales,Multivariate,Ridge,0.07311,66.65621,0.07654,92.69
2026-02-20 19:52:18,Sheet1,Daily_Sales,Multivariate,Huber,0.06646,60.59550,0.06956,93.35
2026-02-20 19:52:20,Sheet1,Daily_Sales,Multivariate,Huber,0.06646,60.59550,0.06956,93.35
2026-02-23 12:49:57,Sheet1,Daily_Sales,Univariate,Baseline_SMA,0.19287,175.84595,0.17456,80.71
2026-02-23 12:49:57,Sheet1,Daily_Sales,Multivariate,Baseline_SMA,0.19287,175.84595,0.17456,80.71
2026-02-23 12:50:25,Sheet1,Daily_Sales,Univariate,TBATS,0.28518,260.01492,0.26915,71.48
2026-02-23 12:50:25,Sheet1,Daily_Sales,Univariate,Prophet,0.49690,453.04795,0.49856,50.31
2026-02-23 12:50:26,Sheet1,Daily_Sales,Univariate,LightGBM,0.19499,177.78673,0.19658,80.50
2026-02-23 12:50:28,Sheet1,Daily_Sales,Univariate,HistGB,0.21017,191.62501,0.21186,78.98
2026-02-23 12:50:28,Sheet1,Daily_Sales,Univariate,ExpSmoothing,0.07309,66.64011,0.07563,92.69
2026-02-23 12:50:29,Sheet1,Daily_Sales,Univariate,SARIMAX,0.14949,136.30042,0.14406,85.05
2026-02-23 12:50:29,Sheet1,Daily_Sales,Multivariate,LightGBM,0.08531,77.78325,0.08570,91.47
2026-02-23 12:50:29,Sheet1,Daily_Sales,Multivariate,XGBoost,0.08781,80.06374,0.08818,91.22
2026-02-23 12:50:30,Sheet1,Daily_Sales,Multivariate,HistGB,0.08578,78.20729,0.08826,91.42
2026-02-23 12:50:30,Sheet1,Daily_Sales,Multivariate,ExtraTrees,0.10669,97.27851,0.10373,89.33
2026-02-23 12:50:30,Sheet1,Daily_Sales,Multivariate,Ridge,0.04898,44.66163,0.04816,95.10
2026-02-23 12:50:33,Sheet1,Daily_Sales,Multivariate,Huber,0.04876,44.45397,0.04795,95.12
2026-02-23 12:50:35,Sheet1,Daily_Sales,Multivariate,Huber,0.04876,44.45397,0.04795,95.12
2026-02-23 13:04:32,Sheet1,Daily_Sales,Univariate,Baseline_SMA,0.19287,175.84595,0.17456,80.71
2026-02-23 13:04:32,Sheet1,Daily_Sales,Multivariate,Baseline_SMA,0.19287,175.84595,0.17456,80.71
2026-02-23 13:04:59,Sheet1,Daily_Sales,Univariate,TBATS,0.28518,260.01492,0.26915,71.48
2026-02-23 13:04:59,Sheet1,Daily_Sales,Univariate,Prophet,0.49690,453.04795,0.49856,50.31
2026-02-23 13:05:00,Sheet1,Daily_Sales,Univariate,LightGBM,0.19499,177.78673,0.19658,80.50
2026-02-23 13:05:03,Sheet1,Daily_Sales,Univariate,HistGB,0.21017,191.62501,0.21186,78.98
2026-02-23 13:05:03,Sheet1,Daily_Sales,Univariate,ExpSmoothing,0.07309,66.64011,0.07563,92.69
2026-02-23 13:05:03,Sheet1,Daily_Sales,Univariate,SARIMAX,0.14949,136.30042,0.14406,85.05
2026-02-23 13:05:04,Sheet1,Daily_Sales,Multivariate,LightGBM,0.08915,81.28651,0.09013,91.08
2026-02-23 13:05:04,Sheet1,Daily_Sales,Multivariate,XGBoost,0.08172,74.50734,0.08308,91.83
2026-02-23 13:05:05,Sheet1,Daily_Sales,Multivariate,HistGB,0.07991,72.85523,0.08094,92.01
2026-02-23 13:05:05,Sheet1,Daily_Sales,Multivariate,ExtraTrees,0.10277,93.69703,0.10030,89.72
2026-02-23 13:05:05,Sheet1,Daily_Sales,Multivariate,Ridge,0.04879,44.48309,0.04799,95.12
2026-02-23 13:05:07,Sheet1,Daily_Sales,Multivariate,Huber,0.04836,44.09289,0.04760,95.16
2026-02-23 13:05:09,Sheet1,Daily_Sales,Multivariate,Huber,0.04836,44.09289,0.04760,95.16
2026-02-23 22:25:53,Sheet1,Daily_Sales,Univariate,Baseline_SMA,0.19287,175.84595,0.17456,80.71
2026-02-23 22:25:53,Sheet1,Daily_Sales,Multivariate,Baseline_SMA,0.19287,175.84595,0.17456,80.71
2026-02-23 22:26:05,Sheet1,Daily_Sales,Univariate,Baseline_SMA,0.19287,175.84595,0.17456,80.71
2026-02-23 22:26:05,Sheet1,Daily_Sales,Multivariate,Baseline_SMA,0.19287,175.84595,0.17456,80.71
2026-02-23 22:26:06,Sheet1,Daily_Sales,Univariate,Prophet,0.49690,453.04795,0.49856,50.31
2026-02-23 22:26:32,Sheet1,Daily_Sales,Univariate,ExpSmoothing,0.07309,66.64011,0.07563,92.69
2026-02-23 22:26:33,Sheet1,Daily_Sales,Univariate,SARIMAX,0.14949,136.30042,0.14406,85.05
2026-02-23 22:26:39,Sheet1,Daily_Sales,Univariate,TBATS,0.28518,260.01492,0.26915,71.48
2026-02-23 22:26:40,Sheet1,Daily_Sales,Univariate,Prophet,0.49690,453.04795,0.49856,50.31
2026-02-23 22:26:40,Sheet1,Daily_Sales,Univariate,LightGBM,0.19499,177.78673,0.19658,80.50
2026-02-23 22:26:43,Sheet1,Daily_Sales,Univariate,HistGB,0.21017,191.62501,0.21186,78.98
2026-02-23 22:26:43,Sheet1,Daily_Sales,Univariate,ExpSmoothing,0.07309,66.64011,0.07563,92.69
2026-02-23 22:26:43,Sheet1,Daily_Sales,Univariate,SARIMAX,0.14949,136.30042,0.14406,85.05
2026-02-23 22:30:50,Sheet1,Daily_Sales,Univariate,Baseline_SMA,0.19287,175.84595,0.17456,80.71
2026-02-23 22:30:50,Sheet1,Daily_Sales,Multivariate,Baseline_SMA,0.19287,175.84595,0.17456,80.71
2026-02-23 22:30:57,Sheet1,Daily_Sales,Univariate,Baseline_SMA,0.19287,175.84595,0.17456,80.71
2026-02-23 22:30:57,Sheet1,Daily_Sales,Multivariate,Baseline_SMA,0.19287,175.84595,0.17456,80.71
2026-02-23 22:30:58,Sheet1,Daily_Sales,Univariate,Prophet,0.49690,453.04795,0.49856,50.31
2026-02-23 22:31:24,Sheet1,Daily_Sales,Univariate,ExpSmoothing,0.07309,66.64011,0.07563,92.69
2026-02-23 22:31:25,Sheet1,Daily_Sales,Univariate,SARIMAX,0.14949,136.30042,0.14406,85.05
2026-02-23 22:31:31,Sheet1,Daily_Sales,Univariate,TBATS,0.28518,260.01492,0.26915,71.48
2026-02-23 22:31:31,Sheet1,Daily_Sales,Univariate,Prophet,0.49690,453.04795,0.49856,50.31
2026-02-23 22:31:32,Sheet1,Daily_Sales,Univariate,LightGBM,0.19499,177.78673,0.19658,80.50
2026-02-23 22:31:34,Sheet1,Daily_Sales,Univariate,HistGB,0.21017,191.62501,0.21186,78.98
2026-02-23 22:31:35,Sheet1,Daily_Sales,Univariate,ExpSmoothing,0.07309,66.64011,0.07563,92.69
2026-02-23 22:31:35,Sheet1,Daily_Sales,Univariate,SARIMAX,0.14949,136.30042,0.14406,85.05
2026-02-23 22:31:57,Sheet1,Daily_Sales,Univariate,Baseline_SMA,0.19287,175.84595,0.17456,80.71
2026-02-23 22:31:57,Sheet1,Daily_Sales,Multivariate,Baseline_SMA,0.19287,175.84595,0.17456,80.71
2026-02-23 22:32:25,Sheet1,Daily_Sales,Univariate,TBATS,0.28518,260.01492,0.26915,71.48
2026-02-23 22:32:25,Sheet1,Daily_Sales,Univariate,Prophet,0.49690,453.04795,0.49856,50.31
2026-02-23 22:32:26,Sheet1,Daily_Sales,Univariate,LightGBM,0.19499,177.78673,0.19658,80.50
2026-02-23 22:32:28,Sheet1,Daily_Sales,Univariate,HistGB,0.21017,191.62501,0.21186,78.98
2026-02-23 22:32:28,Sheet1,Daily_Sales,Univariate,ExpSmoothing,0.07309,66.64011,0.07563,92.69
2026-02-23 22:32:29,Sheet1,Daily_Sales,Univariate,SARIMAX,0.14949,136.30042,0.14406,85.05
2026-02-23 22:32:29,Sheet1,Daily_Sales,Multivariate,LightGBM,0.08433,76.89042,0.08843,91.57
2026-02-23 22:32:31,Sheet1,Daily_Sales,Multivariate,XGBoost,0.10514,95.86582,0.10994,89.49
2026-02-23 22:32:32,Sheet1,Daily_Sales,Multivariate,HistGB,0.08762,79.88787,0.09306,91.24
2026-02-23 22:32:32,Sheet1,Daily_Sales,Multivariate,ExtraTrees,0.11213,102.23470,0.11090,88.79
2026-02-23 22:32:32,Sheet1,Daily_Sales,Multivariate,Ridge,0.07390,67.37723,0.07731,92.61
2026-02-23 22:32:34,Sheet1,Daily_Sales,Multivariate,Huber,0.06561,59.82457,0.06876,93.44
2026-02-23 22:32:36,Sheet1,Daily_Sales,Multivariate,Huber,0.06561,59.82457,0.06876,93.44
2026-02-23 22:38:03,Sheet1,Daily_Sales,Univariate,Baseline_SMA,0.19287,175.84595,0.17456,80.71
2026-02-23 22:38:03,Sheet1,Daily_Sales,Multivariate,Baseline_SMA,0.19287,175.84595,0.17456,80.71
2026-02-23 22:38:30,Sheet1,Daily_Sales,Univariate,TBATS,0.28518,260.01492,0.26915,71.48
2026-02-23 22:38:30,Sheet1,Daily_Sales,Univariate,Prophet,0.49690,453.04795,0.49856,50.31
2026-02-23 22:38:31,Sheet1,Daily_Sales,Univariate,LightGBM,0.19499,177.78673,0.19658,80.50
2026-02-23 22:38:34,Sheet1,Daily_Sales,Univariate,HistGB,0.21017,191.62501,0.21186,78.98
2026-02-23 22:38:34,Sheet1,Daily_Sales,Univariate,ExpSmoothing,0.07309,66.64011,0.07563,92.69
2026-02-23 22:38:34,Sheet1,Daily_Sales,Univariate,SARIMAX,0.14949,136.30042,0.14406,85.05
2026-02-23 22:38:35,Sheet1,Daily_Sales,Multivariate,LightGBM,0.08750,79.77405,0.09284,91.25
2026-02-23 22:38:35,Sheet1,Daily_Sales,Multivariate,XGBoost,0.10758,98.08723,0.11100,89.24
2026-02-23 22:38:36,Sheet1,Daily_Sales,Multivariate,HistGB,0.09092,82.89244,0.09662,90.91
2026-02-23 22:38:36,Sheet1,Daily_Sales,Multivariate,ExtraTrees,0.10999,100.28297,0.10890,89.00
2026-02-23 22:38:36,Sheet1,Daily_Sales,Multivariate,Ridge,0.07390,67.37723,0.07731,92.61
2026-02-23 22:38:38,Sheet1,Daily_Sales,Multivariate,Huber,0.06559,59.80390,0.06874,93.44
2026-02-23 22:38:40,Sheet1,Daily_Sales,Multivariate,Huber,0.06559,59.80390,0.06874,93.44
2026-02-23 22:43:29,Sheet1,Daily_Sales,Univariate,Baseline_SMA,0.19287,175.84595,0.17456,80.71
2026-02-23 22:43:29,Sheet1,Daily_Sales,Multivariate,Baseline_SMA,0.19287,175.84595,0.17456,80.71
2026-02-23 22:43:57,Sheet1,Daily_Sales,Univariate,TBATS,0.28518,260.01492,0.26915,71.48
2026-02-23 22:43:57,Sheet1,Daily_Sales,Univariate,Prophet,0.49690,453.04795,0.49856,50.31
2026-02-23 22:43:58,Sheet1,Daily_Sales,Univariate,LightGBM,0.19499,177.78673,0.19658,80.50
2026-02-23 22:44:01,Sheet1,Daily_Sales,Univariate,HistGB,0.21017,191.62501,0.21186,78.98
2026-02-23 22:44:01,Sheet1,Daily_Sales,Univariate,ExpSmoothing,0.07309,66.64011,0.07563,92.69
2026-02-23 22:44:01,Sheet1,Daily_Sales,Univariate,SARIMAX,0.14949,136.30042,0.14406,85.05
2026-02-23 22:44:02,Sheet1,Daily_Sales,Multivariate,LightGBM,0.08728,79.57672,0.09224,91.27
2026-02-23 22:44:03,Sheet1,Daily_Sales,Multivariate,XGBoost,0.10685,97.41657,0.11202,89.32
2026-02-23 22:44:04,Sheet1,Daily_Sales,Multivariate,HistGB,0.09112,83.07668,0.09764,90.89
2026-02-23 22:44:04,Sheet1,Daily_Sales,Multivariate,ExtraTrees,0.11522,105.04937,0.11472,88.48
2026-02-23 22:44:04,Sheet1,Daily_Sales,Multivariate,Ridge,0.07390,67.37723,0.07731,92.61
2026-02-23 22:44:06,Sheet1,Daily_Sales,Multivariate,Huber,0.06564,59.84363,0.06878,93.44
2026-02-23 22:44:09,Sheet1,Daily_Sales,Multivariate,Huber,0.06564,59.84363,0.06878,93.44
2026-02-23 22:45:33,Sheet1,Daily_Sales,Univariate,Baseline_SMA,0.19287,175.84595,0.17456,80.71
2026-02-23 22:45:33,Sheet1,Daily_Sales,Multivariate,Baseline_SMA,0.19287,175.84595,0.17456,80.71
2026-02-23 22:46:02,Sheet1,Daily_Sales,Univariate,TBATS,0.28518,260.01492,0.26915,71.48
2026-02-23 22:46:02,Sheet1,Daily_Sales,Univariate,Prophet,0.49690,453.04795,0.49856,50.31
2026-02-23 22:46:03,Sheet1,Daily_Sales,Univariate,LightGBM,0.19499,177.78673,0.19658,80.50
2026-02-23 22:46:06,Sheet1,Daily_Sales,Univariate,HistGB,0.21017,191.62501,0.21186,78.98
2026-02-23 22:46:06,Sheet1,Daily_Sales,Univariate,ExpSmoothing,0.07309,66.64011,0.07563,92.69
2026-02-23 22:46:07,Sheet1,Daily_Sales,Univariate,SARIMAX,0.14949,136.30042,0.14406,85.05
2026-02-23 22:46:07,Sheet1,Daily_Sales,Multivariate,LightGBM,0.08583,78.25892,0.08965,91.42
2026-02-23 22:46:08,Sheet1,Daily_Sales,Multivariate,XGBoost,0.10762,98.11925,0.11423,89.24
2026-02-23 22:46:09,Sheet1,Daily_Sales,Multivariate,HistGB,0.08675,79.09625,0.09180,91.32
2026-02-23 22:46:09,Sheet1,Daily_Sales,Multivariate,ExtraTrees,0.11110,101.29972,0.11046,88.89
2026-02-23 22:46:09,Sheet1,Daily_Sales,Multivariate,Ridge,0.07390,67.37723,0.07731,92.61
2026-02-23 22:46:11,Sheet1,Daily_Sales,Multivariate,Huber,0.06563,59.83993,0.06877,93.44
2026-02-23 22:46:14,Sheet1,Daily_Sales,Multivariate,Huber,0.06563,59.83993,0.06877,93.44
2026-02-23 22:51:46,Sheet1,Daily_Sales,Univariate,Baseline_SMA,0.19287,175.84595,0.17456,80.71
2026-02-23 22:51:46,Sheet1,Daily_Sales,Multivariate,Baseline_SMA,0.19287,175.84595,0.17456,80.71
2026-02-23 22:52:14,Sheet1,Daily_Sales,Univariate,TBATS,0.28518,260.01492,0.26915,71.48
2026-02-23 22:52:15,Sheet1,Daily_Sales,Univariate,Prophet,0.49690,453.04795,0.49856,50.31
2026-02-23 22:52:15,Sheet1,Daily_Sales,Univariate,LightGBM,0.19499,177.78673,0.19658,80.50
2026-02-23 22:52:18,Sheet1,Daily_Sales,Univariate,HistGB,0.21017,191.62501,0.21186,78.98
2026-02-23 22:52:18,Sheet1,Daily_Sales,Univariate,ExpSmoothing,0.07309,66.64011,0.07563,92.69
2026-02-23 22:52:19,Sheet1,Daily_Sales,Univariate,SARIMAX,0.14949,136.30042,0.14406,85.05
2026-02-23 22:52:19,Sheet1,Daily_Sales,Multivariate,LightGBM,0.08578,78.21451,0.09002,91.42
2026-02-23 22:52:20,Sheet1,Daily_Sales,Multivariate,XGBoost,0.10123,92.29875,0.10627,89.88
2026-02-23 22:52:21,Sheet1,Daily_Sales,Multivariate,HistGB,0.08979,81.87093,0.09535,91.02
2026-02-23 22:52:21,Sheet1,Daily_Sales,Multivariate,ExtraTrees,0.10866,99.07533,0.10694,89.13
2026-02-23 22:52:21,Sheet1,Daily_Sales,Multivariate,Ridge,0.07390,67.37723,0.07731,92.61
2026-02-23 22:52:24,Sheet1,Daily_Sales,Multivariate,Huber,0.06563,59.83621,0.06877,93.44
2026-02-23 22:52:27,Sheet1,Daily_Sales,Multivariate,Huber,0.06563,59.83621,0.06877,93.44
2026-02-23 23:01:58,Sheet1,Daily_Sales,Univariate,Baseline_SMA,0.19287,175.84595,0.17456,80.71
2026-02-23 23:01:58,Sheet1,Daily_Sales,Multivariate,Baseline_SMA,0.19287,175.84595,0.17456,80.71
2026-02-23 23:02:27,Sheet1,Daily_Sales,Univariate,TBATS,0.28518,260.01492,0.26915,71.48
2026-02-23 23:02:27,Sheet1,Daily_Sales,Univariate,Prophet,0.49690,453.04795,0.49856,50.31
2026-02-23 23:02:28,Sheet1,Daily_Sales,Univariate,LightGBM,0.19499,177.78673,0.19658,80.50
2026-02-23 23:02:31,Sheet1,Daily_Sales,Univariate,HistGB,0.21017,191.62501,0.21186,78.98
2026-02-23 23:02:31,Sheet1,Daily_Sales,Univariate,ExpSmoothing,0.07309,66.64011,0.07563,92.69
2026-02-23 23:02:32,Sheet1,Daily_Sales,Univariate,SARIMAX,0.14949,136.30042,0.14406,85.05
2026-02-23 23:02:32,Sheet1,Daily_Sales,Multivariate,LightGBM,0.08628,78.66924,0.09053,91.37
2026-02-23 23:02:32,Sheet1,Daily_Sales,Multivariate,XGBoost,0.10453,95.30621,0.10883,89.55
2026-02-23 23:02:33,Sheet1,Daily_Sales,Multivariate,HistGB,0.09418,85.87190,0.09948,90.58
2026-02-23 23:02:33,Sheet1,Daily_Sales,Multivariate,ExtraTrees,0.10829,98.73804,0.10742,89.17
2026-02-23 23:02:33,Sheet1,Daily_Sales,Multivariate,Ridge,0.07390,67.37723,0.07731,92.61
2026-02-23 23:02:35,Sheet1,Daily_Sales,Multivariate,Huber,0.06563,59.83722,0.06877,93.44
2026-02-23 23:02:38,Sheet1,Daily_Sales,Multivariate,Huber,0.06563,59.83722,0.06877,93.44
2026-02-23 23:08:14,Sheet1,Daily_Sales,Univariate,Baseline_SMA,0.19287,175.84595,0.17456,80.71
2026-02-23 23:08:14,Sheet1,Daily_Sales,Multivariate,Baseline_SMA,0.19287,175.84595,0.17456,80.71
2026-02-23 23:08:44,Sheet1,Daily_Sales,Univariate,TBATS,0.28518,260.01492,0.26915,71.48
2026-02-23 23:08:44,Sheet1,Daily_Sales,Univariate,Prophet,0.49690,453.04795,0.49856,50.31
2026-02-23 23:08:45,Sheet1,Daily_Sales,Univariate,LightGBM,0.19499,177.78673,0.19658,80.50
2026-02-23 23:08:47,Sheet1,Daily_Sales,Univariate,HistGB,0.21017,191.62501,0.21186,78.98
2026-02-23 23:08:48,Sheet1,Daily_Sales,Univariate,ExpSmoothing,0.07309,66.64011,0.07563,92.69
2026-02-23 23:08:48,Sheet1,Daily_Sales,Univariate,SARIMAX,0.14949,136.30042,0.14406,85.05
2026-02-23 23:08:49,Sheet1,Daily_Sales,Multivariate,LightGBM,0.08375,76.36226,0.08891,91.62
2026-02-23 23:08:49,Sheet1,Daily_Sales,Multivariate,XGBoost,0.10429,95.08340,0.10814,89.57
2026-02-23 23:08:50,Sheet1,Daily_Sales,Multivariate,HistGB,0.08798,80.21894,0.09314,91.20
2026-02-23 23:08:50,Sheet1,Daily_Sales,Multivariate,ExtraTrees,0.10804,98.50605,0.10752,89.20
2026-02-23 23:08:50,Sheet1,Daily_Sales,Multivariate,Ridge,0.07390,67.37723,0.07731,92.61
2026-02-23 23:08:53,Sheet1,Daily_Sales,Multivariate,Huber,0.06559,59.80514,0.06874,93.44
2026-02-23 23:08:56,Sheet1,Daily_Sales,Multivariate,Huber,0.06559,59.80514,0.06874,93.44
2026-02-23 23:09:52,Sheet1,Daily_Sales,Univariate,Baseline_SMA,0.19287,175.84595,0.17456,80.71
2026-02-23 23:09:52,Sheet1,Daily_Sales,Multivariate,Baseline_SMA,0.19287,175.84595,0.17456,80.71
2026-02-23 23:10:22,Sheet1,Daily_Sales,Univariate,TBATS,0.28518,260.01492,0.26915,71.48
2026-02-23 23:10:22,Sheet1,Daily_Sales,Univariate,Prophet,0.49690,453.04795,0.49856,50.31
2026-02-23 23:10:23,Sheet1,Daily_Sales,Univariate,LightGBM,0.19499,177.78673,0.19658,80.50
2026-02-23 23:10:26,Sheet1,Daily_Sales,Univariate,HistGB,0.21017,191.62501,0.21186,78.98
2026-02-23 23:10:26,Sheet1,Daily_Sales,Univariate,ExpSmoothing,0.07309,66.64011,0.07563,92.69
2026-02-23 23:10:26,Sheet1,Daily_Sales,Univariate,SARIMAX,0.14949,136.30042,0.14406,85.05
2026-02-23 23:10:26,Sheet1,Daily_Sales,Multivariate,LightGBM,0.09465,86.29630,0.09612,90.54
2026-02-23 23:10:27,Sheet1,Daily_Sales,Multivariate,XGBoost,0.08635,78.72911,0.08652,91.37
2026-02-23 23:10:28,Sheet1,Daily_Sales,Multivariate,HistGB,0.08513,77.61696,0.08657,91.49
2026-02-23 23:10:28,Sheet1,Daily_Sales,Multivariate,ExtraTrees,0.10965,99.97599,0.10648,89.03
2026-02-23 23:10:28,Sheet1,Daily_Sales,Multivariate,Ridge,0.04898,44.66163,0.04816,95.10
2026-02-23 23:10:30,Sheet1,Daily_Sales,Multivariate,Huber,0.04876,44.45409,0.04795,95.12
2026-02-23 23:10:32,Sheet1,Daily_Sales,Multivariate,Huber,0.04876,44.45409,0.04795,95.12
2026-02-23 23:19:16,Sheet1,Daily_Sales,Univariate,Baseline_SMA,0.19287,175.84595,0.17456,80.71
2026-02-23 23:19:16,Sheet1,Daily_Sales,Multivariate,Baseline_SMA,0.19287,175.84595,0.17456,80.71
2026-02-23 23:19:43,Sheet1,Daily_Sales,Univariate,TBATS,0.28518,260.01492,0.26915,71.48
2026-02-23 23:19:43,Sheet1,Daily_Sales,Univariate,Prophet,0.49690,453.04795,0.49856,50.31
2026-02-23 23:19:44,Sheet1,Daily_Sales,Univariate,LightGBM,0.19499,177.78673,0.19658,80.50
2026-02-23 23:19:46,Sheet1,Daily_Sales,Univariate,HistGB,0.21017,191.62501,0.21186,78.98
2026-02-23 23:19:46,Sheet1,Daily_Sales,Univariate,ExpSmoothing,0.07309,66.64011,0.07563,92.69
2026-02-23 23:19:47,Sheet1,Daily_Sales,Univariate,SARIMAX,0.14949,136.30042,0.14406,85.05
2026-02-23 23:19:47,Sheet1,Daily_Sales,Multivariate,LightGBM,0.08657,78.93044,0.09085,91.34
2026-02-23 23:19:47,Sheet1,Daily_Sales,Multivariate,XGBoost,0.10452,95.29465,0.10781,89.55
2026-02-23 23:19:48,Sheet1,Daily_Sales,Multivariate,HistGB,0.08727,79.56677,0.09111,91.27
2026-02-23 23:19:48,Sheet1,Daily_Sales,Multivariate,ExtraTrees,0.11314,103.15287,0.11209,88.69
2026-02-23 23:19:48,Sheet1,Daily_Sales,Multivariate,Ridge,0.07390,67.37723,0.07731,92.61
2026-02-23 23:19:50,Sheet1,Daily_Sales,Multivariate,Huber,0.06559,59.80346,0.06873,93.44
2026-02-23 23:19:54,Sheet1,Daily_Sales,Multivariate,Huber,0.06559,59.80346,0.06873,93.44
2026-02-23 23:20:56,Sheet1,Daily_Sales,Univariate,Baseline_SMA,0.19287,175.84595,0.17456,80.71
2026-02-23 23:20:56,Sheet1,Daily_Sales,Multivariate,Baseline_SMA,0.19287,175.84595,0.17456,80.71
2026-02-23 23:21:23,Sheet1,Daily_Sales,Univariate,TBATS,0.28518,260.01492,0.26915,71.48
2026-02-23 23:21:23,Sheet1,Daily_Sales,Univariate,Prophet,0.49690,453.04795,0.49856,50.31
2026-02-23 23:21:24,Sheet1,Daily_Sales,Univariate,LightGBM,0.19499,177.78673,0.19658,80.50
2026-02-23 23:21:27,Sheet1,Daily_Sales,Univariate,HistGB,0.21017,191.62501,0.21186,78.98
2026-02-23 23:21:27,Sheet1,Daily_Sales,Univariate,ExpSmoothing,0.07309,66.64011,0.07563,92.69
2026-02-23 23:21:27,Sheet1,Daily_Sales,Univariate,SARIMAX,0.14949,136.30042,0.14406,85.05
2026-02-23 23:21:27,Sheet1,Daily_Sales,Multivariate,LightGBM,0.08640,78.77879,0.09078,91.36
2026-02-23 23:21:28,Sheet1,Daily_Sales,Multivariate,XGBoost,0.10640,97.01400,0.11015,89.36
2026-02-23 23:21:29,Sheet1,Daily_Sales,Multivariate,HistGB,0.08875,80.91406,0.09411,91.13
2026-02-23 23:21:29,Sheet1,Daily_Sales,Multivariate,ExtraTrees,0.11752,107.15298,0.11684,88.25
2026-02-23 23:21:29,Sheet1,Daily_Sales,Multivariate,Ridge,0.07390,67.37723,0.07731,92.61
2026-02-23 23:21:31,Sheet1,Daily_Sales,Multivariate,Huber,0.06560,59.81190,0.06874,93.44
2026-02-23 23:21:34,Sheet1,Daily_Sales,Multivariate,Huber,0.06560,59.81190,0.06874,93.44
2026-02-23 23:24:24,Sheet1,Daily_Sales,Univariate,Baseline_SMA,0.19287,175.84595,0.17456,80.71
2026-02-23 23:24:24,Sheet1,Daily_Sales,Multivariate,Baseline_SMA,0.19287,175.84595,0.17456,80.71
2026-02-23 23:24:51,Sheet1,Daily_Sales,Univariate,TBATS,0.28518,260.01492,0.26915,71.48
2026-02-23 23:24:52,Sheet1,Daily_Sales,Univariate,Prophet,0.49690,453.04795,0.49856,50.31
2026-02-23 23:24:52,Sheet1,Daily_Sales,Univariate,LightGBM,0.19499,177.78673,0.19658,80.50
2026-02-23 23:24:55,Sheet1,Daily_Sales,Univariate,HistGB,0.21017,191.62501,0.21186,78.98
2026-02-23 23:24:55,Sheet1,Daily_Sales,Univariate,ExpSmoothing,0.07309,66.64011,0.07563,92.69
2026-02-23 23:24:55,Sheet1,Daily_Sales,Univariate,SARIMAX,0.14949,136.30042,0.14406,85.05
2026-02-23 23:24:56,Sheet1,Daily_Sales,Multivariate,LightGBM,0.08658,78.93889,0.09105,91.34
2026-02-23 23:24:56,Sheet1,Daily_Sales,Multivariate,XGBoost,0.10319,94.08688,0.10943,89.68
2026-02-23 23:24:57,Sheet1,Daily_Sales,Multivariate,HistGB,0.08908,81.22244,0.09382,91.09
2026-02-23 23:24:57,Sheet1,Daily_Sales,Multivariate,ExtraTrees,0.10930,99.65616,0.10880,89.07
2026-02-23 23:24:57,Sheet1,Daily_Sales,Multivariate,Ridge,0.07390,67.37723,0.07731,92.61
2026-02-23 23:24:59,Sheet1,Daily_Sales,Multivariate,Huber,0.06565,59.85779,0.06879,93.43
2026-02-23 23:25:02,Sheet1,Daily_Sales,Multivariate,Huber,0.06565,59.85779,0.06879,93.43
2026-02-23 23:31:14,Sheet1,Daily_Sales,Univariate,Baseline_SMA,0.19287,175.84595,0.17456,80.71
2026-02-23 23:31:14,Sheet1,Daily_Sales,Multivariate,Baseline_SMA,0.19287,175.84595,0.17456,80.71
2026-02-23 23:31:41,Sheet1,Daily_Sales,Univariate,TBATS,0.28518,260.01492,0.26915,71.48
2026-02-23 23:31:42,Sheet1,Daily_Sales,Univariate,Prophet,0.49690,453.04795,0.49856,50.31
2026-02-23 23:31:42,Sheet1,Daily_Sales,Univariate,LightGBM,0.19499,177.78673,0.19658,80.50
2026-02-23 23:31:45,Sheet1,Daily_Sales,Univariate,HistGB,0.21017,191.62501,0.21186,78.98
2026-02-23 23:31:45,Sheet1,Daily_Sales,Univariate,ExpSmoothing,0.07309,66.64011,0.07563,92.69
2026-02-23 23:31:45,Sheet1,Daily_Sales,Univariate,SARIMAX,0.14949,136.30042,0.14406,85.05
2026-02-23 23:31:46,Sheet1,Daily_Sales,Multivariate,LightGBM,0.08628,78.66885,0.09049,91.37
2026-02-23 23:31:47,Sheet1,Daily_Sales,Multivariate,XGBoost,0.11471,104.59079,0.11814,88.53
2026-02-23 23:31:48,Sheet1,Daily_Sales,Multivariate,HistGB,0.09304,84.83095,0.09957,90.70
2026-02-23 23:31:48,Sheet1,Daily_Sales,Multivariate,ExtraTrees,0.10930,99.65417,0.10828,89.07
2026-02-23 23:31:48,Sheet1,Daily_Sales,Multivariate,Ridge,0.07390,67.37723,0.07731,92.61
2026-02-23 23:31:50,Sheet1,Daily_Sales,Multivariate,Huber,0.06561,59.81622,0.06875,93.44
2026-02-23 23:31:53,Sheet1,Daily_Sales,Multivariate,Huber,0.06561,59.81622,0.06875,93.44
2026-02-23 23:34:37,Sheet1,Daily_Sales,Univariate,Baseline_SMA,0.19287,175.84595,0.17456,80.71
2026-02-23 23:34:37,Sheet1,Daily_Sales,Multivariate,Baseline_SMA,0.19287,175.84595,0.17456,80.71
2026-02-23 23:35:04,Sheet1,Daily_Sales,Univariate,TBATS,0.28518,260.01492,0.26915,71.48
2026-02-23 23:35:04,Sheet1,Daily_Sales,Univariate,Prophet,0.49690,453.04795,0.49856,50.31
2026-02-23 23:35:05,Sheet1,Daily_Sales,Univariate,LightGBM,0.19499,177.78673,0.19658,80.50
2026-02-23 23:35:08,Sheet1,Daily_Sales,Univariate,HistGB,0.21017,191.62501,0.21186,78.98
2026-02-23 23:35:08,Sheet1,Daily_Sales,Univariate,ExpSmoothing,0.07309,66.64011,0.07563,92.69
2026-02-23 23:35:08,Sheet1,Daily_Sales,Univariate,SARIMAX,0.14949,136.30042,0.14406,85.05
2026-02-23 23:35:09,Sheet1,Daily_Sales,Multivariate,LightGBM,0.08804,80.27312,0.09345,91.20
2026-02-23 23:35:09,Sheet1,Daily_Sales,Multivariate,XGBoost,0.11067,100.90198,0.11622,88.93
2026-02-23 23:35:10,Sheet1,Daily_Sales,Multivariate,HistGB,0.08612,78.52083,0.08964,91.39
2026-02-23 23:35:10,Sheet1,Daily_Sales,Multivariate,ExtraTrees,0.10280,93.72998,0.10117,89.72
2026-02-23 23:35:10,Sheet1,Daily_Sales,Multivariate,Ridge,0.07390,67.37723,0.07731,92.61
2026-02-23 23:35:12,Sheet1,Daily_Sales,Multivariate,Huber,0.06561,59.81595,0.06875,93.44
2026-02-23 23:35:14,Sheet1,Daily_Sales,Multivariate,Huber,0.06561,59.81595,0.06875,93.44
2026-02-23 23:39:58,Sheet1,Daily_Sales,Univariate,Baseline_SMA,0.19287,175.84595,0.17456,80.71
2026-02-23 23:39:58,Sheet1,Daily_Sales,Multivariate,Baseline_SMA,0.19287,175.84595,0.17456,80.71
2026-02-23 23:40:24,Sheet1,Daily_Sales,Univariate,TBATS,0.28518,260.01492,0.26915,71.48
2026-02-23 23:40:24,Sheet1,Daily_Sales,Univariate,Prophet,0.49690,453.04795,0.49856,50.31
2026-02-23 23:40:25,Sheet1,Daily_Sales,Univariate,LightGBM,0.19499,177.78673,0.19658,80.50
2026-02-23 23:40:28,Sheet1,Daily_Sales,Univariate,HistGB,0.21017,191.62501,0.21186,78.98
2026-02-23 23:40:28,Sheet1,Daily_Sales,Univariate,ExpSmoothing,0.07309,66.64011,0.07563,92.69
2026-02-23 23:40:28,Sheet1,Daily_Sales,Univariate,SARIMAX,0.14949,136.30042,0.14406,85.05
2026-02-23 23:40:29,Sheet1,Daily_Sales,Multivariate,LightGBM,0.08377,76.37523,0.08817,91.62
2026-02-23 23:40:29,Sheet1,Daily_Sales,Multivariate,XGBoost,0.11011,100.38952,0.11478,88.99
2026-02-23 23:40:30,Sheet1,Daily_Sales,Multivariate,HistGB,0.09586,87.40329,0.10109,90.41
2026-02-23 23:40:30,Sheet1,Daily_Sales,Multivariate,ExtraTrees,0.11007,100.35517,0.10957,88.99
2026-02-23 23:40:30,Sheet1,Daily_Sales,Multivariate,Ridge,0.07390,67.37723,0.07731,92.61
2026-02-23 23:40:32,Sheet1,Daily_Sales,Multivariate,Huber,0.06561,59.82360,0.06876,93.44
2026-02-23 23:40:34,Sheet1,Daily_Sales,Multivariate,Huber,0.06561,59.82360,0.06876,93.44
2026-02-23 23:41:13,Sheet1,Daily_Sales,Univariate,Baseline_SMA,0.19287,175.84595,0.17456,80.71
2026-02-23 23:41:13,Sheet1,Daily_Sales,Multivariate,Baseline_SMA,0.19287,175.84595,0.17456,80.71
2026-02-23 23:41:41,Sheet1,Daily_Sales,Univariate,TBATS,0.28518,260.01492,0.26915,71.48
2026-02-23 23:41:42,Sheet1,Daily_Sales,Univariate,Prophet,0.49690,453.04795,0.49856,50.31
2026-02-23 23:41:42,Sheet1,Daily_Sales,Univariate,LightGBM,0.19499,177.78673,0.19658,80.50
2026-02-23 23:41:45,Sheet1,Daily_Sales,Univariate,HistGB,0.21017,191.62501,0.21186,78.98
2026-02-23 23:41:45,Sheet1,Daily_Sales,Univariate,ExpSmoothing,0.07309,66.64011,0.07563,92.69
2026-02-23 23:41:45,Sheet1,Daily_Sales,Univariate,SARIMAX,0.14949,136.30042,0.14406,85.05
2026-02-23 23:41:46,Sheet1,Daily_Sales,Multivariate,LightGBM,0.08377,76.37523,0.08817,91.62
2026-02-23 23:41:46,Sheet1,Daily_Sales,Multivariate,XGBoost,0.11011,100.38952,0.11478,88.99
2026-02-23 23:41:47,Sheet1,Daily_Sales,Multivariate,HistGB,0.09586,87.40329,0.10109,90.41
2026-02-23 23:41:47,Sheet1,Daily_Sales,Multivariate,ExtraTrees,0.11007,100.35517,0.10957,88.99
2026-02-23 23:41:47,Sheet1,Daily_Sales,Multivariate,Ridge,0.07390,67.37723,0.07731,92.61
2026-02-23 23:41:49,Sheet1,Daily_Sales,Multivariate,Huber,0.06561,59.82360,0.06876,93.44
2026-02-23 23:41:52,Sheet1,Daily_Sales,Multivariate,Huber,0.06561,59.82360,0.06876,93.44
2026-02-23 23:45:04,Sheet1,Daily_Sales,Univariate,Baseline_SMA,0.19287,175.84595,0.17456,80.71
2026-02-23 23:45:04,Sheet1,Daily_Sales,Multivariate,Baseline_SMA,0.19287,175.84595,0.17456,80.71
2026-02-23 23:45:31,Sheet1,Daily_Sales,Univariate,TBATS,0.28518,260.01492,0.26915,71.48
2026-02-23 23:45:31,Sheet1,Daily_Sales,Univariate,Prophet,0.49690,453.04795,0.49856,50.31
2026-02-23 23:45:32,Sheet1,Daily_Sales,Univariate,LightGBM,0.19499,177.78673,0.19658,80.50
2026-02-23 23:45:34,Sheet1,Daily_Sales,Univariate,HistGB,0.21017,191.62501,0.21186,78.98
2026-02-23 23:45:35,Sheet1,Daily_Sales,Univariate,ExpSmoothing,0.07309,66.64011,0.07563,92.69
2026-02-23 23:45:35,Sheet1,Daily_Sales,Univariate,SARIMAX,0.14949,136.30042,0.14406,85.05
2026-02-23 23:45:35,Sheet1,Daily_Sales,Multivariate,LightGBM,0.08663,78.98424,0.09066,91.34
2026-02-23 23:45:36,Sheet1,Daily_Sales,Multivariate,XGBoost,0.10472,95.47926,0.10839,89.53
2026-02-23 23:45:37,Sheet1,Daily_Sales,Multivariate,HistGB,0.08361,76.23557,0.08853,91.64
2026-02-23 23:45:37,Sheet1,Daily_Sales,Multivariate,ExtraTrees,0.10816,98.61709,0.10731,89.18
2026-02-23 23:45:37,Sheet1,Daily_Sales,Multivariate,Ridge,0.07390,67.37723,0.07731,92.61
2026-02-23 23:45:39,Sheet1,Daily_Sales,Multivariate,Huber,0.06561,59.81931,0.06875,93.44
2026-02-23 23:45:41,Sheet1,Daily_Sales,Multivariate,Huber,0.06561,59.81931,0.06875,93.44
2026-02-23 23:51:25,Sheet1,Daily_Sales,Univariate,Baseline_SMA,0.19287,175.84595,0.17456,80.71
2026-02-23 23:51:25,Sheet1,Daily_Sales,Multivariate,Baseline_SMA,0.19287,175.84595,0.17456,80.71
2026-02-23 23:51:52,Sheet1,Daily_Sales,Univariate,TBATS,0.28518,260.01492,0.26915,71.48
2026-02-23 23:51:53,Sheet1,Daily_Sales,Univariate,Prophet,0.49690,453.04795,0.49856,50.31
2026-02-23 23:51:53,Sheet1,Daily_Sales,Univariate,LightGBM,0.19499,177.78673,0.19658,80.50
2026-02-23 23:51:56,Sheet1,Daily_Sales,Univariate,HistGB,0.21017,191.62501,0.21186,78.98
2026-02-23 23:51:56,Sheet1,Daily_Sales,Univariate,ExpSmoothing,0.07309,66.64011,0.07563,92.69
2026-02-23 23:51:56,Sheet1,Daily_Sales,Univariate,SARIMAX,0.14949,136.30042,0.14406,85.05
2026-02-23 23:51:57,Sheet1,Daily_Sales,Multivariate,LightGBM,0.08952,81.62314,0.09391,91.05
2026-02-23 23:51:57,Sheet1,Daily_Sales,Multivariate,XGBoost,0.10725,97.78153,0.11025,89.28
2026-02-23 23:51:58,Sheet1,Daily_Sales,Multivariate,HistGB,0.08684,79.18118,0.09130,91.32
2026-02-23 23:51:58,Sheet1,Daily_Sales,Multivariate,ExtraTrees,0.11541,105.22381,0.11419,88.46
2026-02-23 23:51:58,Sheet1,Daily_Sales,Multivariate,Ridge,0.07390,67.37723,0.07731,92.61
2026-02-23 23:52:00,Sheet1,Daily_Sales,Multivariate,Huber,0.06565,59.85302,0.06879,93.44
2026-02-23 23:52:02,Sheet1,Daily_Sales,Multivariate,Huber,0.06565,59.85302,0.06879,93.44
2026-02-23 23:54:17,Sheet1,Daily_Sales,Univariate,Baseline_SMA,0.19287,175.84595,0.17456,80.71
2026-02-23 23:54:17,Sheet1,Daily_Sales,Multivariate,Baseline_SMA,0.19287,175.84595,0.17456,80.71
2026-02-23 23:54:44,Sheet1,Daily_Sales,Univariate,TBATS,0.28518,260.01492,0.26915,71.48
2026-02-23 23:54:44,Sheet1,Daily_Sales,Univariate,Prophet,0.49690,453.04795,0.49856,50.31
2026-02-23 23:54:45,Sheet1,Daily_Sales,Univariate,LightGBM,0.19499,177.78673,0.19658,80.50
2026-02-23 23:54:47,Sheet1,Daily_Sales,Univariate,HistGB,0.21017,191.62501,0.21186,78.98
2026-02-23 23:54:47,Sheet1,Daily_Sales,Univariate,ExpSmoothing,0.07309,66.64011,0.07563,92.69
2026-02-23 23:54:48,Sheet1,Daily_Sales,Univariate,SARIMAX,0.14949,136.30042,0.14406,85.05
2026-02-23 23:54:48,Sheet1,Daily_Sales,Multivariate,LightGBM,0.08378,76.38906,0.08752,91.62
2026-02-23 23:54:48,Sheet1,Daily_Sales,Multivariate,XGBoost,0.10711,97.66238,0.11401,89.29
2026-02-23 23:54:49,Sheet1,Daily_Sales,Multivariate,HistGB,0.08337,76.00853,0.08858,91.66
2026-02-23 23:54:49,Sheet1,Daily_Sales,Multivariate,ExtraTrees,0.11151,101.67228,0.11045,88.85
2026-02-23 23:54:49,Sheet1,Daily_Sales,Multivariate,Ridge,0.07390,67.37723,0.07731,92.61
2026-02-23 23:54:51,Sheet1,Daily_Sales,Multivariate,Huber,0.06561,59.82029,0.06875,93.44
2026-02-23 23:54:54,Sheet1,Daily_Sales,Multivariate,Huber,0.06561,59.82029,0.06875,93.44
2026-02-23 23:57:07,Sheet1,Daily_Sales,Univariate,Baseline_SMA,0.19287,175.84595,0.17456,80.71
2026-02-23 23:57:07,Sheet1,Daily_Sales,Multivariate,Baseline_SMA,0.19287,175.84595,0.17456,80.71
2026-02-23 23:57:33,Sheet1,Daily_Sales,Univariate,TBATS,0.28518,260.01492,0.26915,71.48
2026-02-23 23:57:33,Sheet1,Daily_Sales,Univariate,Prophet,0.49690,453.04795,0.49856,50.31
2026-02-23 23:57:34,Sheet1,Daily_Sales,Univariate,LightGBM,0.19499,177.78673,0.19658,80.50
2026-02-23 23:57:37,Sheet1,Daily_Sales,Univariate,HistGB,0.21017,191.62501,0.21186,78.98
2026-02-23 23:57:37,Sheet1,Daily_Sales,Univariate,ExpSmoothing,0.07309,66.64011,0.07563,92.69
2026-02-23 23:57:37,Sheet1,Daily_Sales,Univariate,SARIMAX,0.14949,136.30042,0.14406,85.05
2026-02-23 23:57:38,Sheet1,Daily_Sales,Multivariate,LightGBM,0.08831,80.51821,0.09272,91.17
2026-02-23 23:57:38,Sheet1,Daily_Sales,Multivariate,XGBoost,0.10743,97.95033,0.11179,89.26
2026-02-23 23:57:39,Sheet1,Daily_Sales,Multivariate,HistGB,0.09016,82.20592,0.09607,90.98
2026-02-23 23:57:39,Sheet1,Daily_Sales,Multivariate,ExtraTrees,0.10688,97.44456,0.10541,89.31
2026-02-23 23:57:39,Sheet1,Daily_Sales,Multivariate,Ridge,0.07390,67.37723,0.07731,92.61
2026-02-23 23:57:41,Sheet1,Daily_Sales,Multivariate,Huber,0.06560,59.81403,0.06875,93.44
2026-02-23 23:57:43,Sheet1,Daily_Sales,Multivariate,Huber,0.06560,59.81403,0.06875,93.44
2026-02-24 00:11:22,Sheet1,Daily_Sales,Univariate,Baseline_SMA,0.19287,175.84595,0.17456,80.71
2026-02-24 00:11:22,Sheet1,Daily_Sales,Multivariate,Baseline_SMA,0.19287,175.84595,0.17456,80.71
2026-02-24 00:11:50,Sheet1,Daily_Sales,Univariate,TBATS,0.28518,260.01492,0.26915,71.48
2026-02-24 00:11:50,Sheet1,Daily_Sales,Univariate,Prophet,0.49690,453.04795,0.49856,50.31
2026-02-24 00:11:51,Sheet1,Daily_Sales,Univariate,LightGBM,0.19499,177.78673,0.19658,80.50
2026-02-24 00:11:53,Sheet1,Daily_Sales,Univariate,HistGB,0.21017,191.62501,0.21186,78.98
2026-02-24 00:11:53,Sheet1,Daily_Sales,Univariate,ExpSmoothing,0.07309,66.64011,0.07563,92.69
2026-02-24 00:11:54,Sheet1,Daily_Sales,Univariate,SARIMAX,0.14949,136.30042,0.14406,85.05
2026-02-24 00:11:54,Sheet1,Daily_Sales,Multivariate,LightGBM,0.08479,77.31074,0.08932,91.52
2026-02-24 00:11:54,Sheet1,Daily_Sales,Multivariate,XGBoost,0.10527,95.98214,0.11038,89.47
2026-02-24 00:11:55,Sheet1,Daily_Sales,Multivariate,HistGB,0.08772,79.97565,0.09197,91.23
2026-02-24 00:11:55,Sheet1,Daily_Sales,Multivariate,ExtraTrees,0.10984,100.15017,0.10885,89.02
2026-02-24 00:11:55,Sheet1,Daily_Sales,Multivariate,Ridge,0.07390,67.37723,0.07731,92.61
2026-02-24 00:11:57,Sheet1,Daily_Sales,Multivariate,Huber,0.06563,59.83494,0.06877,93.44
2026-02-24 00:12:00,Sheet1,Daily_Sales,Multivariate,Huber,0.06563,59.83494,0.06877,93.44
2026-02-24 00:12:16,Sheet1,Daily_Sales,Univariate,Baseline_SMA,0.19287,175.84595,0.17456,80.71
2026-02-24 00:12:16,Sheet1,Daily_Sales,Multivariate,Baseline_SMA,0.19287,175.84595,0.17456,80.71
2026-02-24 00:12:37,Sheet1,Canceled,Univariate,Baseline_SMA,0.59166,22.56190,0.35046,40.83
2026-02-24 00:12:37,Sheet1,Canceled,Multivariate,Baseline_SMA,0.59166,22.56190,0.35046,40.83
2026-02-24 00:12:51,Sheet1,Canceled,Univariate,TBATS,0.76846,29.30394,0.70773,23.15
2026-02-24 00:12:51,Sheet1,Canceled,Univariate,Prophet,0.64801,24.71082,0.67947,35.20
2026-02-24 00:12:52,Sheet1,Daily_Sales,Univariate,TBATS,0.28518,260.01492,0.26915,71.48
2026-02-24 00:12:52,Sheet1,Daily_Sales,Univariate,Prophet,0.49690,453.04795,0.49856,50.31
2026-02-24 00:12:53,Sheet1,Canceled,Univariate,LightGBM,0.61526,23.46197,0.48726,38.47
2026-02-24 00:12:54,Sheet1,Daily_Sales,Univariate,LightGBM,0.19499,177.78673,0.19658,80.50
2026-02-24 00:12:59,Sheet1,Canceled,Univariate,HistGB,0.68747,26.21561,0.67122,31.25
2026-02-24 00:12:59,Sheet1,Canceled,Univariate,ExpSmoothing,0.61513,23.45678,0.53869,38.49
2026-02-24 00:13:00,Sheet1,Canceled,Univariate,SARIMAX,0.62966,24.01099,0.62534,37.03
2026-02-24 00:13:00,Sheet1,Canceled,Multivariate,LightGBM,0.66568,25.38455,0.65666,33.43
2026-02-24 00:13:57,Sheet1,Daily_Sales,Univariate,HistGB,0.21017,191.62501,0.21186,78.98
2026-02-24 00:13:57,Sheet1,Daily_Sales,Univariate,ExpSmoothing,0.07309,66.64011,0.07563,92.69
2026-02-24 00:13:58,Sheet1,Daily_Sales,Univariate,SARIMAX,0.14949,136.30042,0.14406,85.05
2026-02-24 00:14:01,Sheet1,Daily_Sales,Multivariate,LightGBM,0.08479,77.31074,0.08932,91.52
2026-02-24 00:14:02,Sheet1,Canceled,Multivariate,XGBoost,0.67087,25.58240,0.73066,32.91
2026-02-24 00:14:02,Sheet1,Canceled,Multivariate,HistGB,0.68507,26.12383,0.68859,31.49
2026-02-24 00:14:02,Sheet1,Daily_Sales,Multivariate,XGBoost,0.10527,95.98214,0.11038,89.47
2026-02-24 00:14:02,Sheet1,Canceled,Multivariate,ExtraTrees,0.56846,21.67722,0.43695,43.15
2026-02-24 00:14:02,Sheet1,Canceled,Multivariate,Ridge,0.57475,21.91706,0.45899,42.53
2026-02-24 00:14:03,Sheet1,Canceled,Multivariate,Huber,0.58960,22.48347,0.52101,41.04
2026-02-24 00:14:05,Sheet1,Canceled,Multivariate,ExtraTrees,0.56846,21.67722,0.43695,43.15
2026-02-24 00:14:06,Sheet1,Daily_Sales,Multivariate,HistGB,0.08772,79.97565,0.09197,91.23
2026-02-24 00:14:06,Sheet1,Daily_Sales,Multivariate,ExtraTrees,0.10984,100.15017,0.10885,89.02
2026-02-24 00:14:06,Sheet1,Daily_Sales,Multivariate,Ridge,0.07390,67.37723,0.07731,92.61
2026-02-24 00:14:10,Sheet1,Daily_Sales,Multivariate,Huber,0.06563,59.83494,0.06877,93.44
2026-02-24 00:14:13,Sheet1,Daily_Sales,Multivariate,Huber,0.06563,59.83494,0.06877,93.44
2026-02-24 00:14:52,Sheet1,Canceled,Univariate,Baseline_SMA,0.59166,22.56190,0.35046,40.83
2026-02-24 00:14:52,Sheet1,Canceled,Multivariate,Baseline_SMA,0.59166,22.56190,0.35046,40.83
2026-02-24 00:14:58,Sheet1,Canceled,Univariate,TBATS,0.76846,29.30394,0.70773,23.15
2026-02-24 00:14:58,Sheet1,Canceled,Univariate,Prophet,0.64801,24.71082,0.67947,35.20
2026-02-24 00:14:59,Sheet1,Canceled,Univariate,LightGBM,0.61526,23.46197,0.48726,38.47
2026-02-24 00:15:02,Sheet1,Canceled,Univariate,HistGB,0.68747,26.21561,0.67122,31.25
2026-02-24 00:15:02,Sheet1,Canceled,Univariate,ExpSmoothing,0.61513,23.45678,0.53869,38.49
2026-02-24 00:15:02,Sheet1,Canceled,Univariate,SARIMAX,0.62966,24.01099,0.62534,37.03
2026-02-24 00:15:02,Sheet1,Canceled,Multivariate,LightGBM,0.66037,25.18212,0.66247,33.96
2026-02-24 00:15:02,Sheet1,Canceled,Multivariate,XGBoost,0.61831,23.57832,0.64258,38.17
2026-02-24 00:15:03,Sheet1,Canceled,Multivariate,HistGB,0.70974,27.06493,0.75929,29.03
2026-02-24 00:15:03,Sheet1,Canceled,Multivariate,ExtraTrees,0.56197,21.42979,0.43045,43.80
2026-02-24 00:15:03,Sheet1,Canceled,Multivariate,Ridge,0.57574,21.95488,0.47945,42.43
2026-02-24 00:15:03,Sheet1,Canceled,Multivariate,Huber,0.58741,22.39980,0.52238,41.26
2026-02-24 00:15:06,Sheet1,Canceled,Multivariate,ExtraTrees,0.56197,21.42979,0.43045,43.80
2026-02-24 00:19:46,Sheet1,Canceled,Univariate,Baseline_SMA,0.59166,22.56190,0.35046,40.83
2026-02-24 00:19:46,Sheet1,Canceled,Multivariate,Baseline_SMA,0.59166,22.56190,0.35046,40.83
2026-02-24 00:19:52,Sheet1,Canceled,Univariate,TBATS,0.76846,29.30394,0.70773,23.15
2026-02-24 00:19:52,Sheet1,Canceled,Univariate,Prophet,0.64801,24.71082,0.67947,35.20
2026-02-24 00:19:53,Sheet1,Canceled,Univariate,LightGBM,0.61526,23.46197,0.48726,38.47
2026-02-24 00:19:55,Sheet1,Canceled,Univariate,HistGB,0.68747,26.21561,0.67122,31.25
2026-02-24 00:19:55,Sheet1,Canceled,Univariate,ExpSmoothing,0.61513,23.45678,0.53869,38.49
2026-02-24 00:19:55,Sheet1,Canceled,Univariate,SARIMAX,0.62966,24.01099,0.62534,37.03
2026-02-24 00:19:56,Sheet1,Canceled,Multivariate,LightGBM,0.68028,25.94118,0.70865,31.97
2026-02-24 00:19:56,Sheet1,Canceled,Multivariate,XGBoost,0.74444,28.38779,0.84675,25.56
2026-02-24 00:19:56,Sheet1,Canceled,Multivariate,HistGB,0.64612,24.63874,0.64738,35.39
2026-02-24 00:19:56,Sheet1,Canceled,Multivariate,ExtraTrees,0.56777,21.65101,0.42647,43.22
2026-02-24 00:19:56,Sheet1,Canceled,Multivariate,Ridge,0.57574,21.95488,0.47945,42.43
2026-02-24 00:19:56,Sheet1,Canceled,Multivariate,Huber,0.58741,22.39980,0.52238,41.26
2026-02-24 00:19:59,Sheet1,Canceled,Multivariate,ExtraTrees,0.56777,21.65101,0.42647,43.22
2026-02-24 00:20:19,Sheet1,Canceled,Univariate,Baseline_SMA,0.59166,22.56190,0.35046,40.83
2026-02-24 00:20:19,Sheet1,Canceled,Multivariate,Baseline_SMA,0.59166,22.56190,0.35046,40.83
2026-02-24 00:20:25,Sheet1,Canceled,Univariate,TBATS,0.76846,29.30394,0.70773,23.15
2026-02-24 00:20:25,Sheet1,Canceled,Univariate,Prophet,0.64801,24.71082,0.67947,35.20
2026-02-24 00:20:26,Sheet1,Canceled,Univariate,LightGBM,0.61526,23.46197,0.48726,38.47
2026-02-24 00:20:28,Sheet1,Canceled,Univariate,HistGB,0.68747,26.21561,0.67122,31.25
2026-02-24 00:20:28,Sheet1,Canceled,Univariate,ExpSmoothing,0.61513,23.45678,0.53869,38.49
2026-02-24 00:20:29,Sheet1,Canceled,Univariate,SARIMAX,0.62966,24.01099,0.62534,37.03
2026-02-24 00:20:29,Sheet1,Canceled,Multivariate,LightGBM,0.66245,25.26161,0.65873,33.75
2026-02-24 00:20:29,Sheet1,Canceled,Multivariate,XGBoost,0.73563,28.05217,0.82812,26.44
2026-02-24 00:20:30,Sheet1,Canceled,Multivariate,HistGB,0.63243,24.11653,0.60684,36.76
2026-02-24 00:20:30,Sheet1,Canceled,Multivariate,ExtraTrees,0.58625,22.35581,0.46594,41.37
2026-02-24 00:20:30,Sheet1,Canceled,Multivariate,Ridge,0.57475,21.91706,0.45899,42.53
2026-02-24 00:20:30,Sheet1,Canceled,Multivariate,Huber,0.58960,22.48347,0.52101,41.04
2026-02-24 00:20:31,Sheet1,Canceled,Multivariate,Ridge,0.57475,21.91706,0.45899,42.53
2026-02-24 09:49:20,Sheet1,Daily_Sales,Univariate,Baseline_SMA,0.19287,175.84595,0.17456,80.71
2026-02-24 09:49:20,Sheet1,Daily_Sales,Multivariate,Baseline_SMA,0.19287,175.84595,0.17456,80.71
2026-02-24 09:49:49,Sheet1,Daily_Sales,Univariate,TBATS,0.28518,260.01492,0.26915,71.48
2026-02-24 09:49:49,Sheet1,Daily_Sales,Univariate,Prophet,0.49690,453.04795,0.49856,50.31
2026-02-24 09:49:50,Sheet1,Daily_Sales,Univariate,LightGBM,0.19499,177.78673,0.19658,80.50
2026-02-24 09:49:53,Sheet1,Daily_Sales,Univariate,HistGB,0.21017,191.62501,0.21186,78.98
2026-02-24 09:49:53,Sheet1,Daily_Sales,Univariate,ExpSmoothing,0.07309,66.64011,0.07563,92.69
2026-02-24 09:49:54,Sheet1,Daily_Sales,Univariate,SARIMAX,0.14949,136.30042,0.14406,85.05
2026-02-24 09:49:54,Sheet1,Daily_Sales,Multivariate,LightGBM,0.08705,79.37168,0.09138,91.29
2026-02-24 09:49:55,Sheet1,Daily_Sales,Multivariate,XGBoost,0.09714,88.56358,0.10300,90.29
2026-02-24 09:49:56,Sheet1,Daily_Sales,Multivariate,HistGB,0.08587,78.29684,0.09185,91.41
2026-02-24 09:49:56,Sheet1,Daily_Sales,Multivariate,ExtraTrees,0.11243,102.50440,0.11101,88.76
2026-02-24 09:49:56,Sheet1,Daily_Sales,Multivariate,Ridge,0.07390,67.37723,0.07731,92.61
2026-02-24 09:49:59,Sheet1,Daily_Sales,Multivariate,Huber,0.06561,59.81654,0.06875,93.44
2026-02-24 09:50:01,Sheet1,Daily_Sales,Multivariate,Huber,0.06561,59.81654,0.06875,93.44
2026-02-24 09:55:29,Sheet1,Canceled,Univariate,Baseline_SMA,0.59166,22.56190,0.35046,40.83
2026-02-24 09:55:29,Sheet1,Canceled,Multivariate,Baseline_SMA,0.59166,22.56190,0.35046,40.83
2026-02-24 09:55:35,Sheet1,Canceled,Univariate,TBATS,0.76846,29.30394,0.70773,23.15
2026-02-24 09:55:36,Sheet1,Canceled,Univariate,Prophet,0.64801,24.71082,0.67947,35.20
2026-02-24 09:55:36,Sheet1,Canceled,Univariate,LightGBM,0.61526,23.46197,0.48726,38.47
2026-02-24 09:55:39,Sheet1,Canceled,Univariate,HistGB,0.68747,26.21561,0.67122,31.25
2026-02-24 09:55:39,Sheet1,Canceled,Univariate,ExpSmoothing,0.61513,23.45678,0.53869,38.49
2026-02-24 09:55:39,Sheet1,Canceled,Univariate,SARIMAX,0.62966,24.01099,0.62534,37.03
2026-02-24 09:55:39,Sheet1,Canceled,Multivariate,LightGBM,0.66705,25.43688,0.65583,33.29
2026-02-24 09:55:40,Sheet1,Canceled,Multivariate,XGBoost,0.65396,24.93749,0.67521,34.60
2026-02-24 09:55:41,Sheet1,Canceled,Multivariate,HistGB,0.66288,25.27789,0.68156,33.71
2026-02-24 09:55:41,Sheet1,Canceled,Multivariate,ExtraTrees,0.56450,21.52642,0.41852,43.55
2026-02-24 09:55:41,Sheet1,Canceled,Multivariate,Ridge,0.57475,21.91706,0.45899,42.53
2026-02-24 09:55:41,Sheet1,Canceled,Multivariate,Huber,0.58960,22.48347,0.52101,41.04
2026-02-24 09:55:43,Sheet1,Canceled,Multivariate,ExtraTrees,0.56450,21.52642,0.41852,43.55
2026-02-24 09:57:08,Sheet1,Canceled,Univariate,Baseline_SMA,0.59166,22.56190,0.35046,40.83
2026-02-24 09:57:08,Sheet1,Canceled,Multivariate,Baseline_SMA,0.59166,22.56190,0.35046,40.83
2026-02-24 09:57:14,Sheet1,Canceled,Univariate,TBATS,0.76846,29.30394,0.70773,23.15
2026-02-24 09:57:14,Sheet1,Canceled,Univariate,Prophet,0.64801,24.71082,0.67947,35.20
2026-02-24 09:57:15,Sheet1,Canceled,Univariate,LightGBM,0.61526,23.46197,0.48726,38.47
2026-02-24 09:57:17,Sheet1,Canceled,Univariate,HistGB,0.68747,26.21561,0.67122,31.25
2026-02-24 09:57:17,Sheet1,Canceled,Univariate,ExpSmoothing,0.61513,23.45678,0.53869,38.49
2026-02-24 09:57:18,Sheet1,Canceled,Univariate,SARIMAX,0.62966,24.01099,0.62534,37.03
2026-02-24 09:57:18,Sheet1,Canceled,Multivariate,LightGBM,0.69818,26.62376,0.75841,30.18
2026-02-24 09:57:18,Sheet1,Canceled,Multivariate,XGBoost,0.68031,25.94235,0.71196,31.97
2026-02-24 09:57:19,Sheet1,Canceled,Multivariate,HistGB,0.64025,24.41485,0.62473,35.98
2026-02-24 09:57:19,Sheet1,Canceled,Multivariate,ExtraTrees,0.56591,21.58003,0.48462,43.41
2026-02-24 09:57:19,Sheet1,Canceled,Multivariate,Ridge,0.56754,21.64231,0.45801,43.25
2026-02-24 09:57:19,Sheet1,Canceled,Multivariate,Huber,0.58510,22.31172,0.50344,41.49
2026-02-24 09:57:22,Sheet1,Canceled,Multivariate,ExtraTrees,0.56591,21.58003,0.48462,43.41
2026-02-24 10:09:51,Sheet1,Canceled,Univariate,Baseline_SMA,0.59166,22.56190,0.35046,40.83
2026-02-24 10:09:51,Sheet1,Canceled,Multivariate,Baseline_SMA,0.59166,22.56190,0.35046,40.83
2026-02-24 10:09:57,Sheet1,Canceled,Univariate,TBATS,0.76846,29.30394,0.70773,23.15
2026-02-24 10:09:57,Sheet1,Canceled,Univariate,Prophet,0.64801,24.71082,0.67947,35.20
2026-02-24 10:09:58,Sheet1,Canceled,Univariate,LightGBM,0.61526,23.46197,0.48726,38.47
2026-02-24 10:10:01,Sheet1,Canceled,Univariate,HistGB,0.68747,26.21561,0.67122,31.25
2026-02-24 10:10:01,Sheet1,Canceled,Univariate,ExpSmoothing,0.61513,23.45678,0.53869,38.49
2026-02-24 10:10:01,Sheet1,Canceled,Univariate,SARIMAX,0.62966,24.01099,0.62534,37.03
2026-02-24 10:10:01,Sheet1,Canceled,Multivariate,LightGBM,0.70481,26.87688,0.73706,29.52
2026-02-24 10:10:02,Sheet1,Canceled,Multivariate,XGBoost,0.73029,27.84833,0.80779,26.97
2026-02-24 10:10:02,Sheet1,Canceled,Multivariate,HistGB,0.65543,24.99368,0.65894,34.46
2026-02-24 10:10:03,Sheet1,Canceled,Multivariate,ExtraTrees,0.57662,21.98844,0.44475,42.34
2026-02-24 10:10:03,Sheet1,Canceled,Multivariate,Ridge,0.57475,21.91706,0.45899,42.53
2026-02-24 10:10:03,Sheet1,Canceled,Multivariate,Huber,0.58960,22.48347,0.52101,41.04
2026-02-24 10:10:03,Sheet1,Canceled,Multivariate,Ridge,0.57475,21.91706,0.45899,42.53
2026-02-24 10:11:51,Sheet1,Canceled,Univariate,Baseline_SMA,0.59166,22.56190,0.35046,40.83
2026-02-24 10:11:51,Sheet1,Canceled,Multivariate,Baseline_SMA,0.59166,22.56190,0.35046,40.83
2026-02-24 10:11:57,Sheet1,Canceled,Univariate,TBATS,0.76846,29.30394,0.70773,23.15
2026-02-24 10:11:57,Sheet1,Canceled,Univariate,Prophet,0.64801,24.71082,0.67947,35.20
2026-02-24 10:11:58,Sheet1,Canceled,Univariate,LightGBM,0.61526,23.46197,0.48726,38.47
2026-02-24 10:12:01,Sheet1,Canceled,Univariate,HistGB,0.68747,26.21561,0.67122,31.25
2026-02-24 10:12:01,Sheet1,Canceled,Univariate,ExpSmoothing,0.61513,23.45678,0.53869,38.49
2026-02-24 10:12:01,Sheet1,Canceled,Univariate,SARIMAX,0.62966,24.01099,0.62534,37.03
2026-02-24 10:12:01,Sheet1,Canceled,Multivariate,LightGBM,0.70481,26.87688,0.73706,29.52
2026-02-24 10:12:02,Sheet1,Canceled,Multivariate,XGBoost,0.73029,27.84833,0.80779,26.97
2026-02-24 10:12:02,Sheet1,Canceled,Multivariate,HistGB,0.65543,24.99368,0.65894,34.46
2026-02-24 10:12:02,Sheet1,Canceled,Multivariate,ExtraTrees,0.57662,21.98844,0.44475,42.34
2026-02-24 10:12:02,Sheet1,Canceled,Multivariate,Ridge,0.57475,21.91706,0.45899,42.53
2026-02-24 10:12:02,Sheet1,Canceled,Multivariate,Huber,0.58960,22.48347,0.52101,41.04
2026-02-24 10:12:03,Sheet1,Canceled,Multivariate,Ridge,0.57475,21.91706,0.45899,42.53
2026-02-24 10:37:29,Sheet1,Canceled,Univariate,Baseline_SMA,0.59166,22.56190,0.35046,40.83
2026-02-24 10:37:29,Sheet1,Canceled,Multivariate,Baseline_SMA,0.59166,22.56190,0.35046,40.83
2026-02-24 10:37:35,Sheet1,Canceled,Univariate,TBATS,0.76846,29.30394,0.70773,23.15
2026-02-24 10:37:35,Sheet1,Canceled,Univariate,Prophet,0.64801,24.71082,0.67947,35.20
2026-02-24 10:37:36,Sheet1,Canceled,Univariate,LightGBM,0.61526,23.46197,0.48726,38.47
2026-02-24 10:37:38,Sheet1,Canceled,Univariate,HistGB,0.68747,26.21561,0.67122,31.25
2026-02-24 10:37:38,Sheet1,Canceled,Univariate,ExpSmoothing,0.61513,23.45678,0.53869,38.49
2026-02-24 10:37:38,Sheet1,Canceled,Univariate,SARIMAX,0.62966,24.01099,0.62534,37.03
2026-02-24 10:37:39,Sheet1,Canceled,Multivariate,LightGBM,0.65196,24.86155,0.64059,34.80
2026-02-24 10:37:39,Sheet1,Canceled,Multivariate,XGBoost,0.70596,26.92077,0.79393,29.40
2026-02-24 10:37:40,Sheet1,Canceled,Multivariate,HistGB,0.70714,26.96564,0.74664,29.29
2026-02-24 10:37:40,Sheet1,Canceled,Multivariate,ExtraTrees,0.58248,22.21205,0.47362,41.75
2026-02-24 10:37:40,Sheet1,Canceled,Multivariate,Ridge,0.57475,21.91706,0.45899,42.53
2026-02-24 10:37:40,Sheet1,Canceled,Multivariate,Huber,0.58960,22.48347,0.52101,41.04
2026-02-24 10:37:41,Sheet1,Canceled,Multivariate,Ridge,0.57475,21.91706,0.45899,42.53
2026-02-24 10:41:41,Sheet1,Canceled,Univariate,Baseline_SMA,0.59166,22.56190,0.35046,40.83
2026-02-24 10:41:41,Sheet1,Canceled,Multivariate,Baseline_SMA,0.59166,22.56190,0.35046,40.83
2026-02-24 10:41:48,Sheet1,Canceled,Univariate,TBATS,0.76846,29.30394,0.70773,23.15
2026-02-24 10:41:48,Sheet1,Canceled,Univariate,Prophet,0.64801,24.71082,0.67947,35.20
2026-02-24 10:41:49,Sheet1,Canceled,Univariate,LightGBM,0.61526,23.46197,0.48726,38.47
2026-02-24 10:41:51,Sheet1,Canceled,Univariate,HistGB,0.68747,26.21561,0.67122,31.25
2026-02-24 10:41:52,Sheet1,Canceled,Univariate,ExpSmoothing,0.61513,23.45678,0.53869,38.49
2026-02-24 10:41:52,Sheet1,Canceled,Univariate,SARIMAX,0.62966,24.01099,0.62534,37.03
2026-02-24 10:41:52,Sheet1,Canceled,Multivariate,LightGBM,0.67379,25.69396,0.68639,32.62
2026-02-24 10:41:53,Sheet1,Canceled,Multivariate,XGBoost,0.65734,25.06674,0.70963,34.27
2026-02-24 10:41:53,Sheet1,Canceled,Multivariate,HistGB,0.66268,25.27027,0.67919,33.73
2026-02-24 10:41:54,Sheet1,Canceled,Multivariate,ExtraTrees,0.57265,21.83695,0.43167,42.74
2026-02-24 10:41:54,Sheet1,Canceled,Multivariate,Ridge,0.57574,21.95488,0.47945,42.43
2026-02-24 10:41:54,Sheet1,Canceled,Multivariate,Huber,0.58741,22.39980,0.52238,41.26
2026-02-24 10:41:56,Sheet1,Canceled,Multivariate,ExtraTrees,0.57265,21.83695,0.43167,42.74
2026-02-24 10:46:47,Sheet1,Canceled,Univariate,Baseline_SMA,0.59166,22.56190,0.35046,40.83
2026-02-24 10:46:47,Sheet1,Canceled,Multivariate,Baseline_SMA,0.59166,22.56190,0.35046,40.83
2026-02-24 10:46:54,Sheet1,Canceled,Univariate,TBATS,0.76846,29.30394,0.70773,23.15
2026-02-24 10:46:54,Sheet1,Canceled,Univariate,Prophet,0.64801,24.71082,0.67947,35.20
2026-02-24 10:46:54,Sheet1,Canceled,Univariate,LightGBM,0.61526,23.46197,0.48726,38.47
2026-02-24 10:46:57,Sheet1,Canceled,Univariate,HistGB,0.68747,26.21561,0.67122,31.25
2026-02-24 10:46:57,Sheet1,Canceled,Univariate,ExpSmoothing,0.61513,23.45678,0.53869,38.49
2026-02-24 10:46:57,Sheet1,Canceled,Univariate,SARIMAX,0.62966,24.01099,0.62534,37.03
2026-02-24 10:46:58,Sheet1,Canceled,Multivariate,LightGBM,0.64348,24.53820,0.63554,35.65
2026-02-24 10:46:58,Sheet1,Canceled,Multivariate,XGBoost,0.73874,28.17056,0.82791,26.13
2026-02-24 10:46:59,Sheet1,Canceled,Multivariate,HistGB,0.64553,24.61623,0.64744,35.45
2026-02-24 10:46:59,Sheet1,Canceled,Multivariate,ExtraTrees,0.57258,21.83443,0.43031,42.74
2026-02-24 10:46:59,Sheet1,Canceled,Multivariate,Ridge,0.57574,21.95488,0.47945,42.43
2026-02-24 10:46:59,Sheet1,Canceled,Multivariate,Huber,0.58741,22.39980,0.52238,41.26
2026-02-24 10:47:00,Sheet1,Canceled,Multivariate,ExtraTrees,0.57258,21.83443,0.43031,42.74
2026-02-24 10:47:40,Sheet1,Canceled,Univariate,Baseline_SMA,0.59166,22.56190,0.35046,40.83
2026-02-24 10:47:40,Sheet1,Canceled,Multivariate,Baseline_SMA,0.59166,22.56190,0.35046,40.83
2026-02-24 10:47:46,Sheet1,Canceled,Univariate,TBATS,0.76846,29.30394,0.70773,23.15
2026-02-24 10:47:46,Sheet1,Canceled,Univariate,Prophet,0.64801,24.71082,0.67947,35.20
2026-02-24 10:47:47,Sheet1,Canceled,Univariate,LightGBM,0.61526,23.46197,0.48726,38.47
2026-02-24 10:47:51,Sheet1,Canceled,Univariate,HistGB,0.68747,26.21561,0.67122,31.25
2026-02-24 10:47:51,Sheet1,Canceled,Univariate,ExpSmoothing,0.61513,23.45678,0.53869,38.49
2026-02-24 10:47:51,Sheet1,Canceled,Univariate,SARIMAX,0.62966,24.01099,0.62534,37.03
2026-02-24 10:47:51,Sheet1,Canceled,Multivariate,LightGBM,0.64348,24.53820,0.63554,35.65
2026-02-24 10:47:52,Sheet1,Canceled,Multivariate,XGBoost,0.73874,28.17056,0.82791,26.13
2026-02-24 10:47:52,Sheet1,Canceled,Multivariate,HistGB,0.64553,24.61623,0.64744,35.45
2026-02-24 10:47:52,Sheet1,Canceled,Multivariate,ExtraTrees,0.57258,21.83443,0.43031,42.74
2026-02-24 10:47:52,Sheet1,Canceled,Multivariate,Ridge,0.57574,21.95488,0.47945,42.43
2026-02-24 10:47:52,Sheet1,Canceled,Multivariate,Huber,0.58741,22.39980,0.52238,41.26
2026-02-24 10:47:56,Sheet1,Canceled,Multivariate,ExtraTrees,0.57258,21.83443,0.43031,42.74
2026-02-24 11:20:27,Sheet1,Canceled,Univariate,Baseline_SMA,0.59166,22.56190,0.35046,40.83
2026-02-24 11:20:27,Sheet1,Canceled,Multivariate,Baseline_SMA,0.59166,22.56190,0.35046,40.83
2026-02-24 11:20:33,Sheet1,Canceled,Univariate,TBATS,0.76846,29.30394,0.70773,23.15
2026-02-24 11:20:33,Sheet1,Canceled,Univariate,Prophet,0.64801,24.71082,0.67947,35.20
2026-02-24 11:20:34,Sheet1,Canceled,Univariate,LightGBM,0.61526,23.46197,0.48726,38.47
2026-02-24 11:20:37,Sheet1,Canceled,Univariate,HistGB,0.68747,26.21561,0.67122,31.25
2026-02-24 11:20:37,Sheet1,Canceled,Univariate,ExpSmoothing,0.61513,23.45678,0.53869,38.49
2026-02-24 11:20:37,Sheet1,Canceled,Univariate,SARIMAX,0.62966,24.01099,0.62534,37.03
2026-02-24 11:20:37,Sheet1,Canceled,Multivariate,LightGBM,0.68269,26.03307,0.72119,31.73
2026-02-24 11:20:38,Sheet1,Canceled,Multivariate,XGBoost,0.77156,29.42222,0.89930,22.84
2026-02-24 11:20:38,Sheet1,Canceled,Multivariate,HistGB,0.66211,25.24840,0.65871,33.79
2026-02-24 11:20:38,Sheet1,Canceled,Multivariate,ExtraTrees,0.57999,22.11681,0.52227,42.00
2026-02-24 11:20:38,Sheet1,Canceled,Multivariate,Ridge,0.56754,21.64231,0.45801,43.25
2026-02-24 11:20:38,Sheet1,Canceled,Multivariate,Huber,0.58510,22.31172,0.50344,41.49
2026-02-24 11:20:39,Sheet1,Canceled,Multivariate,Ridge,0.56754,21.64231,0.45801,43.25
2026-02-26 15:16:31,Sheet1,Daily_Sales,Univariate,Baseline_SMA,0.19287,175.84595,0.17456,80.71
2026-02-26 15:16:31,Sheet1,Daily_Sales,Multivariate,Baseline_SMA,0.19287,175.84595,0.17456,80.71
2026-02-26 15:17:04,Sheet1,Daily_Sales,Univariate,TBATS,0.28518,260.01492,0.26915,71.48
2026-02-26 15:17:05,Sheet1,Daily_Sales,Univariate,Prophet,0.49690,453.04795,0.49856,50.31
2026-02-26 15:17:05,Sheet1,Daily_Sales,Univariate,LightGBM,0.19499,177.78673,0.19658,80.50
2026-02-26 15:17:08,Sheet1,Daily_Sales,Univariate,HistGB,0.21017,191.62501,0.21186,78.98
2026-02-26 15:17:08,Sheet1,Daily_Sales,Univariate,ExpSmoothing,0.07309,66.64011,0.07563,92.69
2026-02-26 15:17:09,Sheet1,Daily_Sales,Univariate,SARIMAX,0.14949,136.30042,0.14406,85.05
2026-02-26 15:17:09,Sheet1,Daily_Sales,Multivariate,LightGBM,0.08634,78.72182,0.09119,91.37
2026-02-26 15:17:11,Sheet1,Daily_Sales,Multivariate,XGBoost,0.10131,92.36652,0.10760,89.87
2026-02-26 15:17:12,Sheet1,Daily_Sales,Multivariate,HistGB,0.08922,81.34960,0.09395,91.08
2026-02-26 15:17:12,Sheet1,Daily_Sales,Multivariate,ExtraTrees,0.11239,102.47357,0.11142,88.76
2026-02-26 15:17:12,Sheet1,Daily_Sales,Multivariate,Ridge,0.07390,67.37723,0.07731,92.61
2026-02-26 15:17:15,Sheet1,Daily_Sales,Multivariate,Huber,0.06564,59.84375,0.06878,93.44
2026-02-26 15:17:18,Sheet1,Daily_Sales,Multivariate,Huber,0.06564,59.84375,0.06878,93.44
2026-02-26 15:18:09,Sheet1,Daily_Sales,Univariate,Baseline_SMA,0.19287,175.84595,0.17456,80.71
2026-02-26 15:18:09,Sheet1,Daily_Sales,Multivariate,Baseline_SMA,0.19287,175.84595,0.17456,80.71
2026-02-26 15:18:44,Sheet1,Daily_Sales,Univariate,TBATS,0.28518,260.01492,0.26915,71.48
2026-02-26 15:18:44,Sheet1,Daily_Sales,Univariate,Prophet,0.49690,453.04795,0.49856,50.31
2026-02-26 15:18:45,Sheet1,Daily_Sales,Univariate,LightGBM,0.19499,177.78673,0.19658,80.50
2026-02-26 15:18:47,Sheet1,Daily_Sales,Univariate,HistGB,0.21017,191.62501,0.21186,78.98
2026-02-26 15:18:48,Sheet1,Daily_Sales,Univariate,ExpSmoothing,0.07309,66.64011,0.07563,92.69
2026-02-26 15:18:48,Sheet1,Daily_Sales,Univariate,SARIMAX,0.14949,136.30042,0.14406,85.05
2026-02-26 15:18:48,Sheet1,Daily_Sales,Multivariate,LightGBM,0.08575,78.18143,0.08684,91.43
2026-02-26 15:18:49,Sheet1,Daily_Sales,Multivariate,XGBoost,0.10581,96.46942,0.10287,89.42
2026-02-26 15:18:50,Sheet1,Daily_Sales,Multivariate,HistGB,0.08242,75.14468,0.08414,91.76
2026-02-26 15:18:51,Sheet1,Daily_Sales,Multivariate,ExtraTrees,0.10794,98.41140,0.10456,89.21
2026-02-26 15:18:51,Sheet1,Daily_Sales,Multivariate,Ridge,0.04898,44.66163,0.04816,95.10
2026-02-26 15:18:53,Sheet1,Daily_Sales,Multivariate,Huber,0.04876,44.45544,0.04796,95.12
2026-02-26 15:18:55,Sheet1,Daily_Sales,Multivariate,Huber,0.04876,44.45544,0.04796,95.12
2026-02-26 15:33:04,Sheet1,Daily_Sales,Univariate,Baseline_SMA,0.19287,175.84595,0.17456,80.71
2026-02-26 15:33:04,Sheet1,Daily_Sales,Multivariate,Baseline_SMA,0.19287,175.84595,0.17456,80.71
2026-02-26 15:33:37,Sheet1,Daily_Sales,Univariate,TBATS,0.28518,260.01492,0.26915,71.48
2026-02-26 15:33:37,Sheet1,Daily_Sales,Univariate,Prophet,0.49690,453.04795,0.49856,50.31
2026-02-26 15:33:38,Sheet1,Daily_Sales,Univariate,LightGBM,0.19499,177.78673,0.19658,80.50
2026-02-26 15:33:41,Sheet1,Daily_Sales,Univariate,HistGB,0.21017,191.62501,0.21186,78.98
2026-02-26 15:33:41,Sheet1,Daily_Sales,Univariate,ExpSmoothing,0.07309,66.64011,0.07563,92.69
2026-02-26 15:33:41,Sheet1,Daily_Sales,Univariate,SARIMAX,0.14949,136.30042,0.14406,85.05
2026-02-26 15:33:42,Sheet1,Daily_Sales,Multivariate,LightGBM,0.08497,77.46865,0.08553,91.50
2026-02-26 15:33:43,Sheet1,Daily_Sales,Multivariate,XGBoost,0.08686,79.19415,0.08608,91.31
2026-02-26 15:33:44,Sheet1,Daily_Sales,Multivariate,HistGB,0.08250,75.21946,0.08415,91.75
2026-02-26 15:33:44,Sheet1,Daily_Sales,Multivariate,ExtraTrees,0.10587,96.52695,0.10225,89.41
2026-02-26 15:33:44,Sheet1,Daily_Sales,Multivariate,Ridge,0.04898,44.66163,0.04816,95.10
2026-02-26 15:33:46,Sheet1,Daily_Sales,Multivariate,Huber,0.04876,44.45401,0.04795,95.12
2026-02-26 15:33:48,Sheet1,Daily_Sales,Multivariate,Huber,0.04876,44.45401,0.04795,95.12
2026-02-26 16:02:49,Sheet1,Daily_Sales,Univariate,Baseline_SMA,0.19287,175.84595,0.17456,80.71
2026-02-26 16:02:49,Sheet1,Daily_Sales,Multivariate,Baseline_SMA,0.19287,175.84595,0.17456,80.71
2026-02-26 16:03:22,Sheet1,Daily_Sales,Univariate,TBATS,0.28518,260.01492,0.26915,71.48
2026-02-26 16:03:22,Sheet1,Daily_Sales,Univariate,Prophet,0.49690,453.04795,0.49856,50.31
2026-02-26 16:03:23,Sheet1,Daily_Sales,Univariate,LightGBM,0.19499,177.78673,0.19658,80.50
2026-02-26 16:03:25,Sheet1,Daily_Sales,Univariate,HistGB,0.21017,191.62501,0.21186,78.98
2026-02-26 16:03:26,Sheet1,Daily_Sales,Univariate,ExpSmoothing,0.07309,66.64011,0.07563,92.69
2026-02-26 16:03:26,Sheet1,Daily_Sales,Univariate,SARIMAX,0.14949,136.30042,0.14406,85.05
2026-02-26 16:03:26,Sheet1,Daily_Sales,Multivariate,LightGBM,0.09529,86.87679,0.09592,90.47
2026-02-26 16:03:28,Sheet1,Daily_Sales,Multivariate,XGBoost,0.08482,77.33760,0.08619,91.52
2026-02-26 16:03:29,Sheet1,Daily_Sales,Multivariate,HistGB,0.08359,76.21561,0.08558,91.64
2026-02-26 16:03:29,Sheet1,Daily_Sales,Multivariate,ExtraTrees,0.10466,95.42169,0.10143,89.53
2026-02-26 16:03:29,Sheet1,Daily_Sales,Multivariate,Ridge,0.04898,44.66163,0.04816,95.10
2026-02-26 16:03:31,Sheet1,Daily_Sales,Multivariate,Huber,0.04876,44.45566,0.04796,95.12
2026-02-26 16:03:34,Sheet1,Daily_Sales,Multivariate,Huber,0.04876,44.45566,0.04796,95.12
2026-02-26 16:04:31,Sheet1,Daily_Sales,Univariate,Baseline_SMA,0.30624,249.20510,0.27494,69.38
2026-02-26 16:04:31,Sheet1,Daily_Sales,Multivariate,Baseline_SMA,0.30624,249.20510,0.27494,69.38
2026-02-26 16:05:06,Sheet1,Daily_Sales,Univariate,TBATS,0.39079,318.00774,0.36430,60.92
2026-02-26 16:05:07,Sheet1,Daily_Sales,Univariate,Prophet,0.64313,523.35836,0.62943,35.69
2026-02-26 16:05:07,Sheet1,Daily_Sales,Univariate,LightGBM,0.22483,182.95828,0.22911,77.52
2026-02-26 16:05:10,Sheet1,Daily_Sales,Univariate,HistGB,0.23459,190.89736,0.23592,76.54
2026-02-26 16:05:10,Sheet1,Daily_Sales,Univariate,ExpSmoothing,0.22719,184.88223,0.21045,77.28
2026-02-26 16:05:11,Sheet1,Daily_Sales,Univariate,SARIMAX,0.34581,281.40685,0.32125,65.42
2026-02-26 16:05:12,Sheet1,Daily_Sales,Multivariate,LightGBM,0.10446,85.00786,0.10831,89.55
2026-02-26 16:05:14,Sheet1,Daily_Sales,Multivariate,XGBoost,0.09900,80.56450,0.10201,90.10
2026-02-26 16:05:15,Sheet1,Daily_Sales,Multivariate,HistGB,0.10863,88.39639,0.10693,89.14
2026-02-26 16:05:15,Sheet1,Daily_Sales,Multivariate,ExtraTrees,0.11547,93.96698,0.11186,88.45
2026-02-26 16:05:15,Sheet1,Daily_Sales,Multivariate,Ridge,0.05137,41.80114,0.05179,94.86
2026-02-26 16:05:17,Sheet1,Daily_Sales,Multivariate,Huber,0.05005,40.72945,0.05059,94.99
2026-02-26 16:05:19,Sheet1,Daily_Sales,Multivariate,Huber,0.05005,40.72945,0.05059,94.99
2026-02-26 16:13:39,Sheet1,Daily_Sales,Univariate,Baseline_SMA,0.19287,175.84595,0.17456,80.71
2026-02-26 16:13:39,Sheet1,Daily_Sales,Multivariate,Baseline_SMA,0.19287,175.84595,0.17456,80.71
2026-02-26 16:14:11,Sheet1,Daily_Sales,Univariate,TBATS,0.28518,260.01492,0.26915,71.48
2026-02-26 16:14:12,Sheet1,Daily_Sales,Univariate,Prophet,0.49690,453.04795,0.49856,50.31
2026-02-26 16:14:12,Sheet1,Daily_Sales,Univariate,LightGBM,0.19499,177.78673,0.19658,80.50
2026-02-26 16:14:15,Sheet1,Daily_Sales,Univariate,HistGB,0.21017,191.62501,0.21186,78.98
2026-02-26 16:14:15,Sheet1,Daily_Sales,Univariate,ExpSmoothing,0.07309,66.64011,0.07563,92.69
2026-02-26 16:14:16,Sheet1,Daily_Sales,Univariate,SARIMAX,0.14949,136.30042,0.14406,85.05
2026-02-26 16:14:16,Sheet1,Daily_Sales,Multivariate,LightGBM,0.09002,82.07223,0.09531,91.00
2026-02-26 16:14:16,Sheet1,Daily_Sales,Multivariate,XGBoost,0.09919,90.44122,0.10413,90.08
2026-02-26 16:14:17,Sheet1,Daily_Sales,Multivariate,HistGB,0.09279,84.59731,0.09795,90.72
2026-02-26 16:14:17,Sheet1,Daily_Sales,Multivariate,ExtraTrees,0.11341,103.39918,0.11230,88.66
2026-02-26 16:14:17,Sheet1,Daily_Sales,Multivariate,Ridge,0.07390,67.37723,0.07731,92.61
2026-02-26 16:14:19,Sheet1,Daily_Sales,Multivariate,Huber,0.06566,59.86141,0.06880,93.43
2026-02-26 16:14:22,Sheet1,Daily_Sales,Multivariate,Huber,0.06566,59.86141,0.06880,93.43
2026-02-26 16:17:30,Sheet1,Daily_Sales,Univariate,Baseline_SMA,0.19287,175.84595,0.17456,80.71
2026-02-26 16:17:30,Sheet1,Daily_Sales,Multivariate,Baseline_SMA,0.19287,175.84595,0.17456,80.71
2026-02-26 16:18:02,Sheet1,Daily_Sales,Univariate,TBATS,0.28518,260.01492,0.26915,71.48
2026-02-26 16:18:02,Sheet1,Daily_Sales,Univariate,Prophet,0.49690,453.04795,0.49856,50.31
2026-02-26 16:18:03,Sheet1,Daily_Sales,Univariate,LightGBM,0.19499,177.78673,0.19658,80.50
2026-02-26 16:18:06,Sheet1,Daily_Sales,Univariate,HistGB,0.21017,191.62501,0.21186,78.98
2026-02-26 16:18:06,Sheet1,Daily_Sales,Univariate,ExpSmoothing,0.07309,66.64011,0.07563,92.69
2026-02-26 16:18:07,Sheet1,Daily_Sales,Univariate,SARIMAX,0.14949,136.30042,0.14406,85.05
2026-02-26 16:18:07,Sheet1,Daily_Sales,Multivariate,LightGBM,0.08424,76.80879,0.08917,91.58
2026-02-26 16:18:07,Sheet1,Daily_Sales,Multivariate,XGBoost,0.10195,92.95070,0.10815,89.81
2026-02-26 16:18:08,Sheet1,Daily_Sales,Multivariate,HistGB,0.08445,76.99356,0.08944,91.56
2026-02-26 16:18:08,Sheet1,Daily_Sales,Multivariate,ExtraTrees,0.11321,103.22121,0.11230,88.68
2026-02-26 16:18:08,Sheet1,Daily_Sales,Multivariate,Ridge,0.07390,67.37723,0.07731,92.61
2026-02-26 16:18:11,Sheet1,Daily_Sales,Multivariate,Huber,0.06563,59.83999,0.06877,93.44
2026-02-26 16:18:15,Sheet1,Daily_Sales,Multivariate,Huber,0.06563,59.83999,0.06877,93.44
2026-02-26 16:21:40,Sheet1,Daily_Sales,Univariate,Baseline_SMA,0.19287,175.84595,0.17456,80.71
2026-02-26 16:21:40,Sheet1,Daily_Sales,Multivariate,Baseline_SMA,0.19287,175.84595,0.17456,80.71
2026-02-26 16:22:14,Sheet1,Daily_Sales,Univariate,TBATS,0.28518,260.01492,0.26915,71.48
2026-02-26 16:22:14,Sheet1,Daily_Sales,Univariate,Prophet,0.49690,453.04795,0.49856,50.31
2026-02-26 16:22:15,Sheet1,Daily_Sales,Univariate,LightGBM,0.19499,177.78673,0.19658,80.50
2026-02-26 16:22:18,Sheet1,Daily_Sales,Univariate,HistGB,0.21017,191.62501,0.21186,78.98
2026-02-26 16:22:18,Sheet1,Daily_Sales,Univariate,ExpSmoothing,0.07309,66.64011,0.07563,92.69
2026-02-26 16:22:19,Sheet1,Daily_Sales,Univariate,SARIMAX,0.14949,136.30042,0.14406,85.05
2026-02-26 16:22:19,Sheet1,Daily_Sales,Multivariate,LightGBM,0.09037,82.39488,0.09159,90.96
2026-02-26 16:22:20,Sheet1,Daily_Sales,Multivariate,XGBoost,0.09017,82.21227,0.09035,90.98
2026-02-26 16:22:21,Sheet1,Daily_Sales,Multivariate,HistGB,0.08510,77.59372,0.08771,91.49
2026-02-26 16:22:21,Sheet1,Daily_Sales,Multivariate,ExtraTrees,0.10501,95.74513,0.10134,89.50
2026-02-26 16:22:21,Sheet1,Daily_Sales,Multivariate,Ridge,0.04898,44.66163,0.04816,95.10
2026-02-26 16:22:24,Sheet1,Daily_Sales,Multivariate,Huber,0.04876,44.45311,0.04795,95.12
2026-02-26 16:22:27,Sheet1,Daily_Sales,Multivariate,Huber,0.04876,44.45311,0.04795,95.12
2026-02-26 16:28:46,Sheet1,Daily_Sales,Univariate,Baseline_SMA,0.19287,175.84595,0.17456,80.71
2026-02-26 16:28:46,Sheet1,Daily_Sales,Multivariate,Baseline_SMA,0.19287,175.84595,0.17456,80.71
2026-02-26 16:29:20,Sheet1,Daily_Sales,Univariate,TBATS,0.28518,260.01492,0.26915,71.48
2026-02-26 16:29:20,Sheet1,Daily_Sales,Univariate,Prophet,0.49690,453.04795,0.49856,50.31
2026-02-26 16:29:21,Sheet1,Daily_Sales,Univariate,LightGBM,0.19499,177.78673,0.19658,80.50
2026-02-26 16:29:24,Sheet1,Daily_Sales,Univariate,HistGB,0.21017,191.62501,0.21186,78.98
2026-02-26 16:29:24,Sheet1,Daily_Sales,Univariate,ExpSmoothing,0.07309,66.64011,0.07563,92.69
2026-02-26 16:29:25,Sheet1,Daily_Sales,Univariate,SARIMAX,0.14949,136.30042,0.14406,85.05
2026-02-26 16:29:25,Sheet1,Daily_Sales,Multivariate,LightGBM,0.08437,76.92467,0.08896,91.56
2026-02-26 16:29:26,Sheet1,Daily_Sales,Multivariate,XGBoost,0.09982,91.00889,0.10573,90.02
2026-02-26 16:29:27,Sheet1,Daily_Sales,Multivariate,HistGB,0.08349,76.12177,0.08770,91.65
2026-02-26 16:29:27,Sheet1,Daily_Sales,Multivariate,ExtraTrees,0.11597,105.73400,0.11562,88.40
2026-02-26 16:29:27,Sheet1,Daily_Sales,Multivariate,Ridge,0.07390,67.37723,0.07731,92.61
2026-02-26 16:29:30,Sheet1,Daily_Sales,Multivariate,Huber,0.06562,59.83071,0.06876,93.44
2026-02-26 16:29:33,Sheet1,Daily_Sales,Multivariate,Huber,0.06562,59.83071,0.06876,93.44
2026-02-26 17:10:55,Sheet1,Daily_Sales,Univariate,Baseline_SMA,0.19287,175.84595,0.17456,80.71
2026-02-26 17:10:55,Sheet1,Daily_Sales,Multivariate,Baseline_SMA,0.19287,175.84595,0.17456,80.71
2026-02-26 17:11:25,Sheet1,Daily_Sales,Univariate,TBATS,0.28518,260.01492,0.26915,71.48
2026-02-26 17:11:25,Sheet1,Daily_Sales,Univariate,Prophet,0.49690,453.04795,0.49856,50.31
2026-02-26 17:11:26,Sheet1,Daily_Sales,Univariate,LightGBM,0.19499,177.78673,0.19658,80.50
2026-02-26 17:11:29,Sheet1,Daily_Sales,Univariate,HistGB,0.21017,191.62501,0.21186,78.98
2026-02-26 17:11:29,Sheet1,Daily_Sales,Univariate,ExpSmoothing,0.07309,66.64011,0.07563,92.69
2026-02-26 17:11:30,Sheet1,Daily_Sales,Univariate,SARIMAX,0.14949,136.30042,0.14406,85.05
2026-02-26 17:11:30,Sheet1,Daily_Sales,Multivariate,LightGBM,0.08834,80.54356,0.09202,91.17
2026-02-26 17:11:31,Sheet1,Daily_Sales,Multivariate,XGBoost,0.09913,90.37978,0.10561,90.09
2026-02-26 17:11:31,Sheet1,Daily_Sales,Multivariate,HistGB,0.08517,77.64998,0.08961,91.48
2026-02-26 17:11:32,Sheet1,Daily_Sales,Multivariate,ExtraTrees,0.10440,95.19000,0.10434,89.56
2026-02-26 17:11:32,Sheet1,Daily_Sales,Multivariate,Ridge,0.07311,66.65621,0.07654,92.69
2026-02-26 17:11:34,Sheet1,Daily_Sales,Multivariate,Huber,0.06647,60.60787,0.06957,93.35
2026-02-26 17:11:36,Sheet1,Daily_Sales,Multivariate,Huber,0.06647,60.60787,0.06957,93.35
2026-02-26 17:13:39,Sheet1,Daily_Sales,Univariate,Baseline_SMA,0.19287,175.84595,0.17456,80.71
2026-02-26 17:13:39,Sheet1,Daily_Sales,Multivariate,Baseline_SMA,0.19287,175.84595,0.17456,80.71
2026-02-26 17:14:08,Sheet1,Daily_Sales,Univariate,TBATS,0.28518,260.01492,0.26915,71.48
2026-02-26 17:14:08,Sheet1,Daily_Sales,Univariate,Prophet,0.49690,453.04795,0.49856,50.31
2026-02-26 17:14:09,Sheet1,Daily_Sales,Univariate,LightGBM,0.19499,177.78673,0.19658,80.50
2026-02-26 17:14:11,Sheet1,Daily_Sales,Univariate,HistGB,0.21017,191.62501,0.21186,78.98
2026-02-26 17:14:11,Sheet1,Daily_Sales,Univariate,ExpSmoothing,0.07309,66.64011,0.07563,92.69
2026-02-26 17:14:12,Sheet1,Daily_Sales,Univariate,SARIMAX,0.14949,136.30042,0.14406,85.05
2026-02-26 17:14:12,Sheet1,Daily_Sales,Multivariate,LightGBM,0.08703,79.34880,0.09119,91.30
2026-02-26 17:14:13,Sheet1,Daily_Sales,Multivariate,XGBoost,0.09979,90.98009,0.10504,90.02
2026-02-26 17:14:13,Sheet1,Daily_Sales,Multivariate,HistGB,0.08017,73.09982,0.08402,91.98
2026-02-26 17:14:14,Sheet1,Daily_Sales,Multivariate,ExtraTrees,0.11620,105.94966,0.11577,88.38
2026-02-26 17:14:14,Sheet1,Daily_Sales,Multivariate,Ridge,0.07390,67.37723,0.07731,92.61
2026-02-26 17:14:15,Sheet1,Daily_Sales,Multivariate,Huber,0.06563,59.84249,0.06878,93.44
2026-02-26 17:14:18,Sheet1,Daily_Sales,Multivariate,Huber,0.06563,59.84249,0.06878,93.44
2026-02-26 17:29:04,Sheet1,Daily_Sales,Univariate,Baseline_SMA,0.19287,175.84595,0.17456,80.71
2026-02-26 17:29:04,Sheet1,Daily_Sales,Multivariate,Baseline_SMA,0.19287,175.84595,0.17456,80.71
2026-02-26 17:29:05,Sheet1,Daily_Sales,Univariate,Prophet,0.49690,453.04795,0.49856,50.31
2026-02-26 17:29:05,Sheet1,Daily_Sales,Univariate,ExpSmoothing,0.07309,66.64011,0.07563,92.69
2026-02-26 17:29:05,Sheet1,Daily_Sales,Univariate,SARIMAX,0.14949,136.30042,0.14406,85.05
2026-02-26 17:30:58,Sheet1,Daily_Sales,Univariate,Baseline_SMA,0.19287,175.84595,0.17456,80.71
2026-02-26 17:30:58,Sheet1,Daily_Sales,Multivariate,Baseline_SMA,0.19287,175.84595,0.17456,80.71
2026-02-26 17:31:00,Sheet1,Daily_Sales,Univariate,Prophet,0.49690,453.04795,0.49856,50.31
2026-02-26 17:31:00,Sheet1,Daily_Sales,Univariate,ExpSmoothing,0.07309,66.64011,0.07563,92.69
2026-02-26 17:31:01,Sheet1,Daily_Sales,Univariate,SARIMAX,0.14949,136.30042,0.14406,85.05
2026-02-26 17:34:55,Sheet1,Daily_Sales,Univariate,Baseline_SMA,0.19287,175.84595,0.17456,80.71
2026-02-26 17:34:55,Sheet1,Daily_Sales,Multivariate,Baseline_SMA,0.19287,175.84595,0.17456,80.71
2026-02-26 17:35:03,Sheet1,Daily_Sales,Univariate,Prophet,0.49690,453.04795,0.49856,50.31
2026-02-26 17:35:03,Sheet1,Daily_Sales,Univariate,ExpSmoothing,0.07309,66.64011,0.07563,92.69
2026-02-26 17:35:04,Sheet1,Daily_Sales,Univariate,SARIMAX,0.14949,136.30042,0.14406,85.05
2026-02-26 17:51:10,Sheet1,Daily_Sales,Univariate,Baseline_SMA,0.19287,175.84595,0.17456,80.71
2026-02-26 17:51:10,Sheet1,Daily_Sales,Multivariate,Baseline_SMA,0.19287,175.84595,0.17456,80.71
2026-02-26 17:51:13,Sheet1,Daily_Sales,Univariate,Prophet,0.49690,453.04795,0.49856,50.31
2026-02-26 17:51:13,Sheet1,Daily_Sales,Univariate,ExpSmoothing,0.07309,66.64011,0.07563,92.69
2026-02-26 17:51:15,Sheet1,Daily_Sales,Univariate,SARIMAX,0.14949,136.30042,0.14406,85.05
2026-02-26 17:55:49,Sheet1,Daily_Sales,Univariate,Baseline_SMA,0.19287,175.84595,0.17456,80.71
2026-02-26 17:55:49,Sheet1,Daily_Sales,Multivariate,Baseline_SMA,0.19287,175.84595,0.17456,80.71
2026-02-26 17:55:54,Sheet1,Daily_Sales,Univariate,Prophet,0.49690,453.04795,0.49856,50.31
2026-02-26 17:55:57,Sheet1,Daily_Sales,Univariate,LightGBM,0.19499,177.78673,0.19658,80.50
2026-02-26 17:56:08,Sheet1,Daily_Sales,Univariate,HistGB,0.21017,191.62501,0.21186,78.98
2026-02-26 17:56:08,Sheet1,Daily_Sales,Univariate,ExpSmoothing,0.07309,66.64011,0.07563,92.69
2026-02-26 17:56:10,Sheet1,Daily_Sales,Univariate,SARIMAX,0.14949,136.30042,0.14406,85.05
2026-02-26 17:56:14,Sheet1,Daily_Sales,Multivariate,LightGBM,0.08936,81.47872,0.09117,91.06
2026-02-26 17:57:09,Sheet1,Daily_Sales,Multivariate,XGBoost,0.08668,79.03526,0.08546,91.33
2026-02-26 17:57:11,Sheet1,Daily_Sales,Multivariate,HistGB,0.09272,84.53691,0.09511,90.73
2026-02-26 17:57:11,Sheet1,Daily_Sales,Multivariate,ExtraTrees,0.10879,99.19331,0.10645,89.12
2026-02-26 17:57:11,Sheet1,Daily_Sales,Multivariate,Ridge,0.04898,44.66163,0.04816,95.10
2026-02-26 17:57:16,Sheet1,Daily_Sales,Multivariate,Huber,0.04875,44.45214,0.04795,95.12
2026-02-26 17:57:27,Sheet1,Daily_Sales,Multivariate,Huber,0.04875,44.45214,0.04795,95.12
2026-02-26 18:21:04,Sheet1,Daily_Sales,Univariate,Baseline_SMA,0.19287,175.84595,0.17456,80.71
2026-02-26 18:21:04,Sheet1,Daily_Sales,Multivariate,Baseline_SMA,0.19287,175.84595,0.17456,80.71
2026-02-26 18:21:09,Sheet1,Daily_Sales,Univariate,Prophet,0.49690,453.04795,0.49856,50.31
2026-02-26 18:21:09,Sheet1,Daily_Sales,Univariate,ExpSmoothing,0.07309,66.64011,0.07563,92.69
2026-02-26 18:21:11,Sheet1,Daily_Sales,Univariate,SARIMAX,0.14949,136.30042,0.14406,85.05
2026-02-26 18:21:11,Sheet1,Daily_Sales,Multivariate,LightGBM,0.08849,80.68280,0.09220,91.15
2026-02-26 18:23:19,Sheet1,Daily_Sales,Multivariate,XGBoost,0.10562,96.30141,0.11130,89.44
2026-02-26 18:23:20,Sheet1,Daily_Sales,Multivariate,HistGB,0.08787,80.12001,0.09351,91.21
2026-02-26 18:23:20,Sheet1,Daily_Sales,Multivariate,ExtraTrees,0.11457,104.45875,0.11386,88.54
2026-02-26 18:23:20,Sheet1,Daily_Sales,Multivariate,Ridge,0.07390,67.37723,0.07731,92.61
2026-02-26 18:23:22,Sheet1,Daily_Sales,Multivariate,Huber,0.06564,59.84934,0.06878,93.44
2026-02-26 18:23:24,Sheet1,Daily_Sales,Multivariate,Huber,0.06564,59.84934,0.06878,93.44
2026-02-26 18:23:56,Sheet1,Daily_Sales,Univariate,Baseline_SMA,0.19287,175.84595,0.17456,80.71
2026-02-26 18:23:56,Sheet1,Daily_Sales,Multivariate,Baseline_SMA,0.19287,175.84595,0.17456,80.71
2026-02-26 18:24:15,Sheet1,Daily_Sales,Univariate,Prophet,0.49690,453.04795,0.49856,50.31
2026-02-26 18:24:15,Sheet1,Daily_Sales,Univariate,ExpSmoothing,0.07309,66.64011,0.07563,92.69
2026-02-26 18:24:16,Sheet1,Daily_Sales,Univariate,SARIMAX,0.14949,136.30042,0.14406,85.05
2026-02-26 18:24:17,Sheet1,Daily_Sales,Multivariate,LightGBM,0.08826,80.47530,0.09349,91.17
2026-02-26 18:24:37,Sheet1,Daily_Sales,Multivariate,XGBoost,0.10649,97.09317,0.11223,89.35
2026-02-26 18:24:39,Sheet1,Daily_Sales,Multivariate,HistGB,0.08574,78.17702,0.09080,91.43
2026-02-26 18:24:40,Sheet1,Daily_Sales,Multivariate,ExtraTrees,0.10972,100.03393,0.10916,89.03
2026-02-26 18:24:40,Sheet1,Daily_Sales,Multivariate,Ridge,0.07390,67.37723,0.07731,92.61
2026-02-26 18:24:46,Sheet1,Daily_Sales,Multivariate,Huber,0.06564,59.84762,0.06878,93.44
2026-02-26 18:24:57,Sheet1,Daily_Sales,Multivariate,Huber,0.06564,59.84762,0.06878,93.44
2026-02-26 18:37:06,Sheet1,Daily_Sales,Univariate,Baseline_SMA,0.19287,175.84595,0.17456,80.71
2026-02-26 18:37:06,Sheet1,Daily_Sales,Multivariate,Baseline_SMA,0.19287,175.84595,0.17456,80.71
2026-02-26 18:37:18,Sheet1,Daily_Sales,Univariate,Prophet,0.49690,453.04795,0.49856,50.31
2026-02-26 18:37:18,Sheet1,Daily_Sales,Univariate,ExpSmoothing,0.07309,66.64011,0.07563,92.69
2026-02-26 18:37:19,Sheet1,Daily_Sales,Univariate,SARIMAX,0.14949,136.30042,0.14406,85.05
2026-02-26 18:37:20,Sheet1,Daily_Sales,Multivariate,LightGBM,0.08519,77.67481,0.09050,91.48
2026-02-26 18:38:07,Sheet1,Daily_Sales,Multivariate,XGBoost,0.10509,95.81524,0.11408,89.49
2026-02-26 18:38:09,Sheet1,Daily_Sales,Multivariate,HistGB,0.08747,79.74799,0.09287,91.25
2026-02-26 18:38:09,Sheet1,Daily_Sales,Multivariate,ExtraTrees,0.11453,104.42396,0.11423,88.55
2026-02-26 18:38:09,Sheet1,Daily_Sales,Multivariate,Ridge,0.07390,67.37723,0.07731,92.61
2026-02-26 18:38:14,Sheet1,Daily_Sales,Multivariate,Huber,0.06560,59.81395,0.06874,93.44
2026-02-26 18:38:17,Sheet1,Daily_Sales,Multivariate,Huber,0.06560,59.81395,0.06874,93.44
2026-02-26 18:41:26,Sheet1,Daily_Sales,Univariate,Baseline_SMA,0.19287,175.84595,0.17456,80.71
2026-02-26 18:41:26,Sheet1,Daily_Sales,Multivariate,Baseline_SMA,0.19287,175.84595,0.17456,80.71
2026-02-26 18:42:02,Sheet1,Daily_Sales,Univariate,Prophet,0.49690,453.04795,0.49856,50.31
2026-02-26 18:42:02,Sheet1,Daily_Sales,Univariate,ExpSmoothing,0.07309,66.64011,0.07563,92.69
2026-02-26 18:42:03,Sheet1,Daily_Sales,Univariate,SARIMAX,0.14949,136.30042,0.14406,85.05
2026-02-26 18:42:03,Sheet1,Daily_Sales,Multivariate,LightGBM,0.08434,76.89857,0.08834,91.57
2026-02-26 18:42:14,Sheet1,Daily_Sales,Multivariate,XGBoost,0.10157,92.60237,0.10713,89.84
2026-02-26 18:42:16,Sheet1,Daily_Sales,Multivariate,HistGB,0.09131,83.24798,0.09577,90.87
2026-02-26 18:42:16,Sheet1,Daily_Sales,Multivariate,ExtraTrees,0.10936,99.71322,0.10901,89.06
2026-02-26 18:42:16,Sheet1,Daily_Sales,Multivariate,Ridge,0.07390,67.37723,0.07731,92.61
2026-02-26 18:42:19,Sheet1,Daily_Sales,Multivariate,Huber,0.06559,59.80556,0.06874,93.44
2026-02-26 18:42:25,Sheet1,Daily_Sales,Multivariate,Huber,0.06559,59.80556,0.06874,93.44
2026-02-26 18:44:44,Sheet1,Daily_Sales,Univariate,Baseline_SMA,0.19287,175.84595,0.17456,80.71
2026-02-26 18:44:44,Sheet1,Daily_Sales,Multivariate,Baseline_SMA,0.19287,175.84595,0.17456,80.71
2026-02-26 18:44:47,Sheet1,Daily_Sales,Univariate,Prophet,0.49690,453.04795,0.49856,50.31
2026-02-26 18:44:48,Sheet1,Daily_Sales,Univariate,ExpSmoothing,0.07309,66.64011,0.07563,92.69
2026-02-26 18:44:49,Sheet1,Daily_Sales,Univariate,SARIMAX,0.14949,136.30042,0.14406,85.05
2026-02-26 18:44:50,Sheet1,Daily_Sales,Multivariate,LightGBM,0.08925,81.37051,0.09452,91.08
2026-02-26 18:44:50,Sheet1,Daily_Sales,Multivariate,XGBoost,0.10865,99.06423,0.11362,89.13
2026-02-26 18:44:52,Sheet1,Daily_Sales,Multivariate,HistGB,0.08662,78.97815,0.09180,91.34
2026-02-26 18:44:52,Sheet1,Daily_Sales,Multivariate,ExtraTrees,0.11507,104.91503,0.11424,88.49
2026-02-26 18:44:52,Sheet1,Daily_Sales,Multivariate,Ridge,0.07390,67.37723,0.07731,92.61
2026-02-26 18:44:58,Sheet1,Daily_Sales,Multivariate,Huber,0.06564,59.84887,0.06878,93.44
2026-02-26 18:45:08,Sheet1,Daily_Sales,Multivariate,Huber,0.06564,59.84887,0.06878,93.44
2026-02-26 18:45:31,Sheet1,Daily_Sales,Univariate,Baseline_SMA,0.19287,175.84595,0.17456,80.71
2026-02-26 18:45:31,Sheet1,Daily_Sales,Multivariate,Baseline_SMA,0.19287,175.84595,0.17456,80.71
2026-02-26 18:45:33,Sheet1,Daily_Sales,Univariate,Prophet,0.49690,453.04795,0.49856,50.31
2026-02-26 18:45:34,Sheet1,Daily_Sales,Univariate,ExpSmoothing,0.07309,66.64011,0.07563,92.69
2026-02-26 18:45:35,Sheet1,Daily_Sales,Univariate,SARIMAX,0.14949,136.30042,0.14406,85.05
2026-02-26 18:45:36,Sheet1,Daily_Sales,Multivariate,LightGBM,0.09273,84.55102,0.09695,90.73
2026-02-26 18:50:24,Sheet1,Daily_Sales,Univariate,Baseline_SMA,0.19287,175.84595,0.17456,80.71
2026-02-26 18:50:24,Sheet1,Daily_Sales,Multivariate,Baseline_SMA,0.19287,175.84595,0.17456,80.71
2026-02-26 18:51:00,Sheet1,Daily_Sales,Univariate,Prophet,0.49690,453.04795,0.49856,50.31
2026-02-26 18:51:00,Sheet1,Daily_Sales,Univariate,ExpSmoothing,0.07309,66.64011,0.07563,92.69
2026-02-26 18:51:02,Sheet1,Daily_Sales,Univariate,SARIMAX,0.14949,136.30042,0.14406,85.05
2026-02-26 18:51:02,Sheet1,Daily_Sales,Multivariate,LightGBM,0.08575,78.18512,0.08901,91.42
2026-02-26 18:51:20,Sheet1,Daily_Sales,Multivariate,XGBoost,0.09681,88.26806,0.10437,90.32
2026-02-26 18:51:21,Sheet1,Daily_Sales,Multivariate,HistGB,0.08798,80.21360,0.09081,91.20
2026-02-26 18:51:21,Sheet1,Daily_Sales,Multivariate,ExtraTrees,0.11533,105.15062,0.11394,88.47
2026-02-26 18:51:21,Sheet1,Daily_Sales,Multivariate,Ridge,0.07390,67.37723,0.07731,92.61
2026-02-26 18:51:24,Sheet1,Daily_Sales,Multivariate,Huber,0.06561,59.81635,0.06875,93.44
2026-02-26 18:51:27,Sheet1,Daily_Sales,Multivariate,Huber,0.06561,59.81635,0.06875,93.44
2026-02-26 19:37:52,Sheet1,Daily_Sales,Univariate,Baseline_SMA,0.19287,175.84595,0.17456,80.71
2026-02-26 19:37:52,Sheet1,Daily_Sales,Multivariate,Baseline_SMA,0.19287,175.84595,0.17456,80.71
2026-02-26 19:37:54,Sheet1,Daily_Sales,Univariate,Prophet,0.49690,453.04795,0.49856,50.31
2026-02-26 19:37:54,Sheet1,Daily_Sales,Univariate,ExpSmoothing,0.07309,66.64011,0.07563,92.69
2026-02-26 19:37:55,Sheet1,Daily_Sales,Univariate,SARIMAX,0.14949,136.30042,0.14406,85.05
2026-02-26 19:37:57,Sheet1,Daily_Sales,Multivariate,LightGBM,0.08947,81.57379,0.09495,91.05
2026-02-26 19:40:33,Sheet1,Daily_Sales,Multivariate,XGBoost,0.09599,87.51682,0.10258,90.40
2026-02-26 19:40:41,Sheet1,Daily_Sales,Multivariate,HistGB,0.08658,78.93849,0.09070,91.34
2026-02-26 19:40:41,Sheet1,Daily_Sales,Multivariate,ExtraTrees,0.10646,97.06478,0.10534,89.35
2026-02-26 19:40:41,Sheet1,Daily_Sales,Multivariate,Ridge,0.07390,67.37723,0.07731,92.61
2026-02-26 19:40:44,Sheet1,Daily_Sales,Multivariate,Huber,0.06565,59.85620,0.06879,93.44
2026-02-26 19:40:49,Sheet1,Daily_Sales,Multivariate,Huber,0.06565,59.85620,0.06879,93.44
2026-02-26 19:53:30,Sheet1,Daily_Sales,Univariate,Baseline_SMA,0.19287,175.84595,0.17456,80.71
2026-02-26 19:53:30,Sheet1,Daily_Sales,Multivariate,Baseline_SMA,0.19287,175.84595,0.17456,80.71
2026-02-26 19:53:58,Sheet1,Daily_Sales,Univariate,TBATS,0.28518,260.01492,0.26915,71.48
2026-02-26 19:53:58,Sheet1,Daily_Sales,Univariate,Prophet,0.49690,453.04795,0.49856,50.31
2026-02-26 19:53:59,Sheet1,Daily_Sales,Univariate,LightGBM,0.19499,177.78673,0.19658,80.50
2026-02-26 19:54:01,Sheet1,Daily_Sales,Univariate,HistGB,0.21017,191.62501,0.21186,78.98
2026-02-26 19:54:01,Sheet1,Daily_Sales,Univariate,ExpSmoothing,0.07309,66.64011,0.07563,92.69
2026-02-26 19:54:02,Sheet1,Daily_Sales,Univariate,SARIMAX,0.14949,136.30042,0.14406,85.05
2026-02-26 19:54:02,Sheet1,Daily_Sales,Multivariate,LightGBM,0.09008,82.13475,0.09524,90.99
2026-02-26 19:54:03,Sheet1,Daily_Sales,Multivariate,XGBoost,0.10872,99.12292,0.11381,89.13
2026-02-26 19:54:03,Sheet1,Daily_Sales,Multivariate,HistGB,0.08614,78.53886,0.09135,91.39
2026-02-26 19:54:04,Sheet1,Daily_Sales,Multivariate,ExtraTrees,0.11142,101.58686,0.11048,88.86
2026-02-26 19:54:04,Sheet1,Daily_Sales,Multivariate,Ridge,0.07390,67.37723,0.07731,92.61
2026-02-26 19:54:05,Sheet1,Daily_Sales,Multivariate,Huber,0.06562,59.82583,0.06876,93.44
2026-02-26 19:54:08,Sheet1,Daily_Sales,Multivariate,Huber,0.06562,59.82583,0.06876,93.44
2026-02-26 19:57:33,Sheet1,Daily_Sales,Univariate,Baseline_SMA,0.19287,175.84595,0.17456,80.71
2026-02-26 19:57:33,Sheet1,Daily_Sales,Multivariate,Baseline_SMA,0.19287,175.84595,0.17456,80.71
2026-02-26 19:59:32,Sheet1,Daily_Sales,Univariate,Baseline_SMA,0.19287,175.84595,0.17456,80.71
2026-02-26 19:59:32,Sheet1,Daily_Sales,Multivariate,Baseline_SMA,0.19287,175.84595,0.17456,80.71
2026-02-26 19:59:43,Sheet1,Daily_Sales,Univariate,Prophet,0.49690,453.04795,0.49856,50.31
2026-02-26 19:59:44,Sheet1,Daily_Sales,Univariate,ExpSmoothing,0.07309,66.64011,0.07563,92.69
2026-02-26 19:59:45,Sheet1,Daily_Sales,Univariate,SARIMAX,0.14949,136.30042,0.14406,85.05
2026-02-26 19:59:46,Sheet1,Daily_Sales,Multivariate,LightGBM,0.08407,76.64857,0.08949,91.59
2026-02-26 20:00:32,Sheet1,Daily_Sales,Multivariate,XGBoost,0.10376,94.60129,0.10856,89.62
2026-02-26 20:00:35,Sheet1,Daily_Sales,Multivariate,HistGB,0.08584,78.26372,0.09139,91.42
2026-02-26 20:00:35,Sheet1,Daily_Sales,Multivariate,ExtraTrees,0.10660,97.19222,0.10677,89.34
2026-02-26 20:00:35,Sheet1,Daily_Sales,Multivariate,Ridge,0.07390,67.37723,0.07731,92.61
2026-02-26 20:00:39,Sheet1,Daily_Sales,Multivariate,Huber,0.06560,59.80689,0.06874,93.44
2026-02-26 20:00:49,Sheet1,Daily_Sales,Multivariate,Huber,0.06560,59.80689,0.06874,93.44
2026-02-26 20:05:17,Sheet1,Daily_Sales,Univariate,Baseline_SMA,0.19287,175.84595,0.17456,80.71
2026-02-26 20:05:17,Sheet1,Daily_Sales,Multivariate,Baseline_SMA,0.19287,175.84595,0.17456,80.71
2026-02-26 20:05:37,Sheet1,Daily_Sales,Univariate,Prophet,0.49690,453.04795,0.49856,50.31
2026-02-26 20:05:37,Sheet1,Daily_Sales,Univariate,ExpSmoothing,0.07309,66.64011,0.07563,92.69
2026-02-26 20:05:38,Sheet1,Daily_Sales,Univariate,SARIMAX,0.14949,136.30042,0.14406,85.05
2026-02-26 20:05:39,Sheet1,Daily_Sales,Multivariate,LightGBM,0.09222,84.07750,0.09721,90.78
2026-02-26 20:08:20,Sheet1,Daily_Sales,Multivariate,XGBoost,0.10536,96.05978,0.11221,89.46
2026-02-26 20:08:31,Sheet1,Daily_Sales,Multivariate,HistGB,0.07958,72.55324,0.08481,92.04
2026-02-26 20:08:31,Sheet1,Daily_Sales,Multivariate,ExtraTrees,0.10994,100.23880,0.10894,89.01
2026-02-26 20:08:31,Sheet1,Daily_Sales,Multivariate,Ridge,0.07390,67.37723,0.07731,92.61
2026-02-26 20:08:40,Sheet1,Daily_Sales,Multivariate,Huber,0.06566,59.86524,0.06880,93.43
2026-02-26 20:08:58,Sheet1,Daily_Sales,Multivariate,Huber,0.06566,59.86524,0.06880,93.43
2026-02-26 20:14:13,Sheet1,Daily_Sales,Univariate,Baseline_SMA,0.19287,175.84595,0.17456,80.71
2026-02-26 20:14:13,Sheet1,Daily_Sales,Multivariate,Baseline_SMA,0.19287,175.84595,0.17456,80.71
2026-02-26 20:14:23,Sheet1,Daily_Sales,Univariate,Prophet,0.49690,453.04795,0.49856,50.31
2026-02-26 20:14:23,Sheet1,Daily_Sales,Univariate,ExpSmoothing,0.07309,66.64011,0.07563,92.69
2026-02-26 20:14:25,Sheet1,Daily_Sales,Univariate,SARIMAX,0.14949,136.30042,0.14406,85.05
2026-02-26 20:14:25,Sheet1,Daily_Sales,Multivariate,LightGBM,0.09144,83.36911,0.09578,90.86
2026-02-26 20:17:07,Sheet1,Daily_Sales,Multivariate,XGBoost,0.10231,93.28264,0.10756,89.77
2026-02-26 20:17:28,Sheet1,Daily_Sales,Multivariate,HistGB,0.08575,78.18062,0.09068,91.43
2026-02-26 20:17:29,Sheet1,Daily_Sales,Multivariate,ExtraTrees,0.10945,99.78719,0.10852,89.06
2026-02-26 20:17:29,Sheet1,Daily_Sales,Multivariate,Ridge,0.07390,67.37723,0.07731,92.61
2026-02-26 20:17:36,Sheet1,Daily_Sales,Multivariate,Huber,0.06563,59.84130,0.06877,93.44
2026-02-26 20:17:56,Sheet1,Daily_Sales,Multivariate,Huber,0.06563,59.84130,0.06877,93.44
2026-02-26 20:25:55,Sheet1,Daily_Sales,Univariate,Baseline_SMA,0.19287,175.84595,0.17456,80.71
2026-02-26 20:25:55,Sheet1,Daily_Sales,Multivariate,Baseline_SMA,0.19287,175.84595,0.17456,80.71
2026-02-26 20:26:02,Sheet1,Daily_Sales,Univariate,Prophet,0.49690,453.04795,0.49856,50.31
2026-02-26 20:26:02,Sheet1,Daily_Sales,Univariate,ExpSmoothing,0.07309,66.64011,0.07563,92.69
2026-02-26 20:26:03,Sheet1,Daily_Sales,Univariate,SARIMAX,0.14949,136.30042,0.14406,85.05
2026-02-26 20:26:04,Sheet1,Daily_Sales,Multivariate,LightGBM,0.09204,83.91907,0.09621,90.80
2026-02-26 20:28:44,Sheet1,Daily_Sales,Multivariate,XGBoost,0.10933,99.68076,0.11396,89.07
2026-02-26 20:28:52,Sheet1,Daily_Sales,Multivariate,HistGB,0.08439,76.94021,0.09104,91.56
2026-02-26 20:28:52,Sheet1,Daily_Sales,Multivariate,ExtraTrees,0.11181,101.94151,0.11070,88.82
2026-02-26 20:28:52,Sheet1,Daily_Sales,Multivariate,Ridge,0.07390,67.37723,0.07731,92.61
2026-02-26 20:29:01,Sheet1,Daily_Sales,Multivariate,Huber,0.06562,59.83231,0.06877,93.44
2026-02-26 20:29:20,Sheet1,Daily_Sales,Multivariate,Huber,0.06562,59.83231,0.06877,93.44
2026-02-26 20:47:01,Sheet1,Daily_Sales,Univariate,Baseline_SMA,0.19287,175.84595,0.17456,80.71
2026-02-26 20:47:01,Sheet1,Daily_Sales,Multivariate,Baseline_SMA,0.19287,175.84595,0.17456,80.71
2026-02-26 20:47:13,Sheet1,Daily_Sales,Univariate,Prophet,0.49690,453.04795,0.49856,50.31
2026-02-26 20:47:14,Sheet1,Daily_Sales,Univariate,ExpSmoothing,0.07309,66.64011,0.07563,92.69
2026-02-26 20:47:15,Sheet1,Daily_Sales,Univariate,SARIMAX,0.14949,136.30042,0.14406,85.05
2026-02-26 20:47:16,Sheet1,Daily_Sales,Multivariate,LightGBM,0.08538,77.84737,0.08983,91.46
2026-02-26 20:49:47,Sheet1,Daily_Sales,Multivariate,XGBoost,0.10281,93.74032,0.10753,89.72
2026-02-26 20:50:08,Sheet1,Daily_Sales,Multivariate,HistGB,0.08957,81.66997,0.09674,91.04
2026-02-26 20:50:08,Sheet1,Daily_Sales,Multivariate,ExtraTrees,0.10513,95.85361,0.10396,89.49
2026-02-26 20:50:08,Sheet1,Daily_Sales,Multivariate,Ridge,0.07390,67.37723,0.07731,92.61
2026-02-26 20:50:15,Sheet1,Daily_Sales,Multivariate,Huber,0.06561,59.82333,0.06876,93.44
2026-02-26 20:50:28,Sheet1,Daily_Sales,Multivariate,Huber,0.06561,59.82333,0.06876,93.44
2026-02-26 21:18:53,Sheet1,Daily_Sales,Univariate,Baseline_SMA,0.19287,175.84595,0.17456,80.71
2026-02-26 21:18:53,Sheet1,Daily_Sales,Multivariate,Baseline_SMA,0.19287,175.84595,0.17456,80.71
2026-02-26 21:18:59,Sheet1,Daily_Sales,Univariate,Prophet,0.49690,453.04795,0.49856,50.31
2026-02-26 21:18:59,Sheet1,Daily_Sales,Univariate,ExpSmoothing,0.07309,66.64011,0.07563,92.69
2026-02-26 21:19:00,Sheet1,Daily_Sales,Univariate,SARIMAX,0.14949,136.30042,0.14406,85.05
2026-02-26 21:19:01,Sheet1,Daily_Sales,Multivariate,LightGBM,0.08208,74.83960,0.08653,91.79
2026-02-26 21:21:43,Sheet1,Daily_Sales,Multivariate,XGBoost,0.10491,95.65234,0.10993,89.51
2026-02-26 21:21:56,Sheet1,Daily_Sales,Multivariate,HistGB,0.08123,74.06265,0.08717,91.88
2026-02-26 21:21:56,Sheet1,Daily_Sales,Multivariate,ExtraTrees,0.10965,99.97667,0.10837,89.03
2026-02-26 21:21:56,Sheet1,Daily_Sales,Multivariate,Ridge,0.07390,67.37723,0.07731,92.61
2026-02-26 21:22:02,Sheet1,Daily_Sales,Multivariate,Huber,0.06560,59.81424,0.06875,93.44
2026-02-26 21:22:15,Sheet1,Daily_Sales,Multivariate,Huber,0.06560,59.81424,0.06875,93.44
2026-02-26 21:33:02,Sheet1,Daily_Sales,Univariate,Baseline_SMA,0.19287,175.84595,0.17456,80.71
2026-02-26 21:33:02,Sheet1,Daily_Sales,Multivariate,Baseline_SMA,0.19287,175.84595,0.17456,80.71
2026-02-26 21:33:07,Sheet1,Daily_Sales,Univariate,Prophet,0.49690,453.04795,0.49856,50.31
2026-02-26 21:33:08,Sheet1,Daily_Sales,Univariate,ExpSmoothing,0.07309,66.64011,0.07563,92.69
2026-02-26 21:33:08,Sheet1,Daily_Sales,Univariate,SARIMAX,0.14949,136.30042,0.14406,85.05
2026-02-26 21:33:09,Sheet1,Daily_Sales,Multivariate,LightGBM,0.08714,79.45198,0.09199,91.29
2026-02-26 21:34:37,Sheet1,Daily_Sales,Multivariate,XGBoost,0.10359,94.44789,0.10896,89.64
2026-02-26 21:34:44,Sheet1,Daily_Sales,Multivariate,HistGB,0.08471,77.23887,0.09015,91.53
2026-02-26 21:34:45,Sheet1,Daily_Sales,Multivariate,ExtraTrees,0.11414,104.07075,0.11296,88.59
2026-02-26 21:34:45,Sheet1,Daily_Sales,Multivariate,Ridge,0.07390,67.37723,0.07731,92.61
2026-02-26 21:34:52,Sheet1,Daily_Sales,Multivariate,Huber,0.06560,59.81261,0.06875,93.44
2026-02-26 21:35:08,Sheet1,Daily_Sales,Multivariate,Huber,0.06560,59.81261,0.06875,93.44
2026-02-26 21:54:13,Sheet1,Daily_Sales,Univariate,Baseline_SMA,0.19287,175.84595,0.17456,80.71
2026-02-26 21:54:13,Sheet1,Daily_Sales,Multivariate,Baseline_SMA,0.19287,175.84595,0.17456,80.71
2026-02-26 21:54:18,Sheet1,Daily_Sales,Univariate,Prophet,0.49690,453.04795,0.49856,50.31
2026-02-26 21:54:18,Sheet1,Daily_Sales,Univariate,ExpSmoothing,0.07309,66.64011,0.07563,92.69
2026-02-26 21:54:20,Sheet1,Daily_Sales,Univariate,SARIMAX,0.14949,136.30042,0.14406,85.05
2026-02-26 21:54:21,Sheet1,Daily_Sales,Multivariate,LightGBM,0.08755,79.82585,0.09254,91.24
2026-02-26 21:56:59,Sheet1,Daily_Sales,Multivariate,XGBoost,0.09825,89.57624,0.10498,90.18
2026-02-26 21:57:07,Sheet1,Daily_Sales,Multivariate,HistGB,0.08190,74.67700,0.08753,91.81
2026-02-26 21:57:08,Sheet1,Daily_Sales,Multivariate,ExtraTrees,0.11445,104.35285,0.11361,88.55
2026-02-26 21:57:08,Sheet1,Daily_Sales,Multivariate,Ridge,0.07390,67.37723,0.07731,92.61
2026-02-26 21:57:12,Sheet1,Daily_Sales,Multivariate,Huber,0.06566,59.86558,0.06880,93.43
2026-02-26 21:57:25,Sheet1,Daily_Sales,Multivariate,Huber,0.06566,59.86558,0.06880,93.43
2026-02-26 22:00:39,Sheet1,Daily_Sales,Univariate,Baseline_SMA,0.19287,175.84595,0.17456,80.71
2026-02-26 22:00:39,Sheet1,Daily_Sales,Multivariate,Baseline_SMA,0.19287,175.84595,0.17456,80.71
2026-02-26 22:01:03,Sheet1,Daily_Sales,Univariate,Prophet,0.49690,453.04795,0.49856,50.31
2026-02-26 22:01:04,Sheet1,Daily_Sales,Univariate,ExpSmoothing,0.07309,66.64011,0.07563,92.69
2026-02-26 22:01:05,Sheet1,Daily_Sales,Univariate,SARIMAX,0.14949,136.30042,0.14406,85.05
2026-02-26 22:01:06,Sheet1,Daily_Sales,Multivariate,LightGBM,0.08547,77.92820,0.08863,91.45
2026-02-26 22:03:37,Sheet1,Daily_Sales,Multivariate,XGBoost,0.10463,95.40060,0.10782,89.54
2026-02-26 22:03:44,Sheet1,Daily_Sales,Multivariate,HistGB,0.08745,79.73138,0.09077,91.26
2026-02-26 22:03:45,Sheet1,Daily_Sales,Multivariate,ExtraTrees,0.10781,98.29366,0.10666,89.22
2026-02-26 22:03:45,Sheet1,Daily_Sales,Multivariate,Ridge,0.07390,67.37723,0.07731,92.61
2026-02-26 22:03:53,Sheet1,Daily_Sales,Multivariate,Huber,0.06564,59.84668,0.06878,93.44
2026-02-26 22:04:06,Sheet1,Daily_Sales,Multivariate,Huber,0.06564,59.84668,0.06878,93.44
2026-02-26 22:12:11,Sheet1,Canceled,Univariate,Baseline_SMA,0.59166,22.56190,0.35046,40.83
2026-02-26 22:12:11,Sheet1,Canceled,Multivariate,Baseline_SMA,0.59166,22.56190,0.35046,40.83
2026-02-26 22:12:20,Sheet1,Canceled,Univariate,TBATS,0.76846,29.30394,0.70773,23.15
2026-02-26 22:12:20,Sheet1,Canceled,Univariate,Prophet,0.64801,24.71082,0.67947,35.20
2026-02-26 22:12:21,Sheet1,Canceled,Univariate,LightGBM,0.61526,23.46197,0.48726,38.47
2026-02-26 22:12:26,Sheet1,Canceled,Univariate,HistGB,0.68747,26.21561,0.67122,31.25
2026-02-26 22:12:26,Sheet1,Canceled,Univariate,ExpSmoothing,0.61513,23.45678,0.53869,38.49
2026-02-26 22:12:26,Sheet1,Canceled,Univariate,SARIMAX,0.62966,24.01099,0.62534,37.03
2026-02-26 22:12:26,Sheet1,Canceled,Multivariate,LightGBM,0.74699,27.91039,0.85704,25.30
2026-02-26 22:12:27,Sheet1,Canceled,Multivariate,XGBoost,0.81995,30.63634,0.95842,18.00
2026-02-26 22:12:29,Sheet1,Canceled,Multivariate,HistGB,0.77438,28.93357,0.88004,22.56
2026-02-26 22:12:29,Sheet1,Canceled,Multivariate,ExtraTrees,0.54966,20.53735,0.47196,45.03
2026-02-26 22:12:29,Sheet1,Canceled,Multivariate,Ridge,0.52986,19.79739,0.43990,47.01
2026-02-26 22:12:29,Sheet1,Canceled,Multivariate,Huber,0.53283,19.90831,0.44821,46.72
2026-02-26 22:12:30,Sheet1,Canceled,Multivariate,Ridge,0.52986,19.79739,0.43990,47.01
2026-02-26 22:15:49,Sheet1,Canceled,Univariate,Baseline_SMA,0.59166,22.56190,0.35046,40.83
2026-02-26 22:15:49,Sheet1,Canceled,Multivariate,Baseline_SMA,0.59166,22.56190,0.35046,40.83
2026-02-26 22:15:59,Sheet1,Canceled,Univariate,TBATS,0.76846,29.30394,0.70773,23.15
2026-02-26 22:15:59,Sheet1,Canceled,Univariate,Prophet,0.64801,24.71082,0.67947,35.20
2026-02-26 22:16:00,Sheet1,Canceled,Univariate,LightGBM,0.61526,23.46197,0.48726,38.47
2026-02-26 22:16:03,Sheet1,Canceled,Univariate,HistGB,0.68747,26.21561,0.67122,31.25
2026-02-26 22:16:03,Sheet1,Canceled,Univariate,ExpSmoothing,0.61513,23.45678,0.53869,38.49
2026-02-26 22:16:04,Sheet1,Canceled,Univariate,SARIMAX,0.62966,24.01099,0.62534,37.03
2026-02-26 22:16:04,Sheet1,Canceled,Multivariate,LightGBM,0.75172,28.08689,0.84076,24.83
2026-02-26 22:16:11,Sheet1,Canceled,Multivariate,XGBoost,0.75059,28.04477,0.83287,24.94
2026-02-26 22:16:11,Sheet1,Canceled,Multivariate,HistGB,0.78655,29.38836,0.87859,21.35
2026-02-26 22:16:11,Sheet1,Canceled,Multivariate,ExtraTrees,0.54919,20.51987,0.48014,45.08
2026-02-26 22:16:11,Sheet1,Canceled,Multivariate,Ridge,0.53817,20.10794,0.43793,46.18
2026-02-26 22:16:11,Sheet1,Canceled,Multivariate,Huber,0.55370,20.68820,0.46750,44.63
2026-02-26 22:16:12,Sheet1,Canceled,Multivariate,Ridge,0.53817,20.10794,0.43793,46.18
2026-02-26 22:17:31,Sheet1,Canceled,Univariate,Baseline_SMA,0.59166,22.56190,0.35046,40.83
2026-02-26 22:17:31,Sheet1,Canceled,Multivariate,Baseline_SMA,0.59166,22.56190,0.35046,40.83
2026-02-26 22:17:40,Sheet1,Canceled,Univariate,TBATS,0.76846,29.30394,0.70773,23.15
2026-02-26 22:17:41,Sheet1,Canceled,Univariate,Prophet,0.64801,24.71082,0.67947,35.20
2026-02-26 22:17:41,Sheet1,Canceled,Univariate,LightGBM,0.61526,23.46197,0.48726,38.47
2026-02-26 22:17:46,Sheet1,Canceled,Univariate,HistGB,0.68747,26.21561,0.67122,31.25
2026-02-26 22:17:46,Sheet1,Canceled,Univariate,ExpSmoothing,0.61513,23.45678,0.53869,38.49
2026-02-26 22:17:46,Sheet1,Canceled,Univariate,SARIMAX,0.62966,24.01099,0.62534,37.03
2026-02-26 22:17:47,Sheet1,Canceled,Multivariate,LightGBM,0.77574,28.98448,0.87732,22.43
2026-02-26 22:17:47,Sheet1,Canceled,Multivariate,XGBoost,0.83729,31.28423,0.94818,16.27
2026-02-26 22:17:48,Sheet1,Canceled,Multivariate,HistGB,0.74286,27.75580,0.81875,25.71
2026-02-26 22:17:48,Sheet1,Canceled,Multivariate,ExtraTrees,0.53749,20.08259,0.46435,46.25
2026-02-26 22:17:48,Sheet1,Canceled,Multivariate,Ridge,0.53817,20.10794,0.43793,46.18
2026-02-26 22:17:48,Sheet1,Canceled,Multivariate,Huber,0.55370,20.68820,0.46750,44.63
2026-02-26 22:17:51,Sheet1,Canceled,Multivariate,ExtraTrees,0.53749,20.08259,0.46435,46.25
2026-02-26 22:18:35,Sheet1,GRA,Univariate,Baseline_SMA,0.41947,6.26237,1.24590,58.05
2026-02-26 22:18:35,Sheet1,GRA,Multivariate,Baseline_SMA,0.41947,6.26237,1.24590,58.05
2026-02-26 22:18:56,Sheet1,GRA,Univariate,TBATS,0.40453,6.03938,1.26717,59.55
2026-02-26 22:18:56,Sheet1,GRA,Univariate,Prophet,0.38977,5.81907,1.32293,61.02
2026-02-26 22:18:57,Sheet1,GRA,Univariate,LightGBM,0.39804,5.94245,1.20596,60.20
2026-02-26 22:19:01,Sheet1,GRA,Univariate,HistGB,0.43955,6.56215,1.18427,56.05
2026-02-26 22:19:01,Sheet1,GRA,Univariate,ExpSmoothing,0.39571,5.90763,1.23651,60.43
2026-02-26 22:19:01,Sheet1,GRA,Univariate,SARIMAX,0.40391,6.03015,1.38878,59.61
2026-02-26 22:19:02,Sheet1,GRA,Multivariate,LightGBM,0.54542,7.16192,2.06156,45.46
2026-02-26 22:19:02,Sheet1,GRA,Multivariate,XGBoost,0.58265,7.65075,2.15444,41.73
2026-02-26 22:19:03,Sheet1,GRA,Multivariate,HistGB,0.57083,7.49552,2.06735,42.92
2026-02-26 22:19:03,Sheet1,GRA,Multivariate,ExtraTrees,0.51137,6.71475,1.91451,48.86
2026-02-26 22:19:04,Sheet1,GRA,Multivariate,Ridge,0.46009,6.04137,1.72835,53.99
2026-02-26 22:19:05,Sheet1,GRA,Multivariate,Huber,0.47182,6.19541,1.82783,52.82
2026-02-26 22:21:42,Sheet1,Canceled,Univariate,Baseline_SMA,0.59166,22.56190,0.35046,40.83
2026-02-26 22:21:42,Sheet1,Canceled,Multivariate,Baseline_SMA,0.59166,22.56190,0.35046,40.83
2026-02-26 22:21:51,Sheet1,Canceled,Univariate,TBATS,0.76846,29.30394,0.70773,23.15
2026-02-26 22:21:51,Sheet1,Canceled,Univariate,Prophet,0.64801,24.71082,0.67947,35.20
2026-02-26 22:21:52,Sheet1,Canceled,Univariate,LightGBM,0.61526,23.46197,0.48726,38.47
2026-02-26 22:21:56,Sheet1,Canceled,Univariate,HistGB,0.68747,26.21561,0.67122,31.25
2026-02-26 22:21:56,Sheet1,Canceled,Univariate,ExpSmoothing,0.61513,23.45678,0.53869,38.49
2026-02-26 22:21:56,Sheet1,Canceled,Univariate,SARIMAX,0.62966,24.01099,0.62534,37.03
2026-02-26 22:21:57,Sheet1,Canceled,Multivariate,LightGBM,0.75435,28.18522,0.84454,24.57
2026-02-26 22:22:10,Sheet1,Canceled,Multivariate,XGBoost,0.80020,29.89855,0.91473,19.98
2026-02-26 22:22:11,Sheet1,Canceled,Multivariate,HistGB,0.80212,29.96996,0.89541,19.79
2026-02-26 22:22:12,Sheet1,Canceled,Multivariate,ExtraTrees,0.53796,20.10022,0.45507,46.20
2026-02-26 22:22:12,Sheet1,Canceled,Multivariate,Ridge,0.53817,20.10794,0.43793,46.18
2026-02-26 22:22:12,Sheet1,Canceled,Multivariate,Huber,0.55370,20.68820,0.46750,44.63
2026-02-26 22:22:14,Sheet1,Canceled,Multivariate,ExtraTrees,0.53796,20.10022,0.45507,46.20
2026-02-26 22:25:03,Sheet1,Canceled,Univariate,Baseline_SMA,0.59166,22.56190,0.35046,40.83
2026-02-26 22:25:03,Sheet1,Canceled,Multivariate,Baseline_SMA,0.59166,22.56190,0.35046,40.83
2026-02-26 22:25:12,Sheet1,Canceled,Univariate,TBATS,0.76846,29.30394,0.70773,23.15
2026-02-26 22:25:12,Sheet1,Canceled,Univariate,Prophet,0.64801,24.71082,0.67947,35.20
2026-02-26 22:25:13,Sheet1,Canceled,Univariate,LightGBM,0.61526,23.46197,0.48726,38.47
2026-02-26 22:25:17,Sheet1,Canceled,Univariate,HistGB,0.68747,26.21561,0.67122,31.25
2026-02-26 22:25:17,Sheet1,Canceled,Univariate,ExpSmoothing,0.61513,23.45678,0.53869,38.49
2026-02-26 22:25:17,Sheet1,Canceled,Univariate,SARIMAX,0.62966,24.01099,0.62534,37.03
2026-02-26 22:25:18,Sheet1,Canceled,Multivariate,LightGBM,0.76798,28.69450,0.87317,23.20
2026-02-26 22:25:18,Sheet1,Canceled,Multivariate,XGBoost,0.75146,28.07728,0.83353,24.85
2026-02-26 22:25:19,Sheet1,Canceled,Multivariate,HistGB,0.77882,29.09946,0.90057,22.12
2026-02-26 22:25:19,Sheet1,Canceled,Multivariate,ExtraTrees,0.54331,20.29990,0.46609,45.67
2026-02-26 22:25:19,Sheet1,Canceled,Multivariate,Ridge,0.52986,19.79739,0.43990,47.01
2026-02-26 22:25:20,Sheet1,Canceled,Multivariate,Huber,0.53283,19.90831,0.44821,46.72
2026-02-26 22:25:21,Sheet1,Canceled,Multivariate,Ridge,0.52986,19.79739,0.43990,47.01
2026-02-26 22:56:07,Sheet1,GRA,Univariate,Baseline_SMA,0.41947,6.26237,1.24590,58.05
2026-02-26 22:56:07,Sheet1,GRA,Multivariate,Baseline_SMA,0.41947,6.26237,1.24590,58.05
2026-02-26 22:56:27,Sheet1,GRA,Univariate,TBATS,0.40453,6.03938,1.26717,59.55
2026-02-26 22:56:28,Sheet1,GRA,Univariate,Prophet,0.38977,5.81907,1.32293,61.02
2026-02-26 22:56:29,Sheet1,GRA,Univariate,LightGBM,0.39804,5.94245,1.20596,60.20
2026-02-26 22:56:32,Sheet1,GRA,Univariate,HistGB,0.43955,6.56215,1.18427,56.05
2026-02-26 22:56:32,Sheet1,GRA,Univariate,ExpSmoothing,0.39571,5.90763,1.23651,60.43
2026-02-26 22:56:32,Sheet1,GRA,Univariate,SARIMAX,0.40391,6.03015,1.38878,59.61
2026-02-26 22:56:33,Sheet1,GRA,Multivariate,LightGBM,0.53038,6.96439,1.97241,46.96
2026-02-26 22:56:42,Sheet1,GRA,Multivariate,XGBoost,0.63287,8.31024,2.24158,36.71
2026-02-26 22:56:43,Sheet1,GRA,Multivariate,HistGB,0.54376,7.14011,2.00441,45.62
2026-02-26 22:56:44,Sheet1,GRA,Multivariate,ExtraTrees,0.50914,6.68553,1.92622,49.09
2026-02-26 22:56:44,Sheet1,GRA,Multivariate,Ridge,0.46009,6.04137,1.72835,53.99
2026-02-26 22:56:45,Sheet1,GRA,Multivariate,Huber,0.47182,6.19541,1.82783,52.82
2026-02-26 23:18:02,Sheet1,Canceled,Univariate,Baseline_SMA,0.59166,22.56190,0.35046,40.83
2026-02-26 23:18:02,Sheet1,Canceled,Multivariate,Baseline_SMA,0.59166,22.56190,0.35046,40.83
2026-02-26 23:18:12,Sheet1,Canceled,Univariate,TBATS,0.76846,29.30394,0.70773,23.15
2026-02-26 23:18:12,Sheet1,Canceled,Univariate,Prophet,0.64801,24.71082,0.67947,35.20
2026-02-26 23:18:13,Sheet1,Canceled,Univariate,LightGBM,0.61526,23.46197,0.48726,38.47
2026-02-26 23:18:18,Sheet1,Canceled,Univariate,HistGB,0.68747,26.21561,0.67122,31.25
2026-02-26 23:18:18,Sheet1,Canceled,Univariate,ExpSmoothing,0.61513,23.45678,0.53869,38.49
2026-02-26 23:18:18,Sheet1,Canceled,Univariate,SARIMAX,0.62966,24.01099,0.62534,37.03
2026-02-26 23:18:19,Sheet1,Canceled,Multivariate,LightGBM,0.48401,18.08432,0.50835,51.60
2026-02-26 23:18:46,Sheet1,Canceled,Multivariate,XGBoost,0.42945,16.04564,0.49898,57.06
2026-02-26 23:18:47,Sheet1,Canceled,Multivariate,HistGB,0.52259,19.52601,0.56787,47.74
2026-02-26 23:18:48,Sheet1,Canceled,Multivariate,ExtraTrees,0.42524,15.88833,0.38318,57.48
2026-02-26 23:18:48,Sheet1,Canceled,Multivariate,Ridge,0.45864,17.13657,0.38660,54.14
2026-02-26 23:18:48,Sheet1,Canceled,Multivariate,Huber,0.45887,17.14505,0.44544,54.11
2026-02-26 23:18:51,Sheet1,Canceled,Multivariate,ExtraTrees,0.42524,15.88833,0.38318,57.48
2026-02-26 23:22:26,Sheet1,Canceled,Univariate,Baseline_SMA,0.59166,22.56190,0.35046,40.83
2026-02-26 23:22:26,Sheet1,Canceled,Multivariate,Baseline_SMA,0.59166,22.56190,0.35046,40.83
2026-02-26 23:22:36,Sheet1,Canceled,Univariate,TBATS,0.76846,29.30394,0.70773,23.15
2026-02-26 23:22:37,Sheet1,Canceled,Univariate,Prophet,0.64801,24.71082,0.67947,35.20
2026-02-26 23:22:38,Sheet1,Canceled,Univariate,LightGBM,0.61526,23.46197,0.48726,38.47
2026-02-26 23:22:43,Sheet1,Canceled,Univariate,HistGB,0.68747,26.21561,0.67122,31.25
2026-02-26 23:22:43,Sheet1,Canceled,Univariate,ExpSmoothing,0.61513,23.45678,0.53869,38.49
2026-02-26 23:22:44,Sheet1,Canceled,Univariate,SARIMAX,0.62966,24.01099,0.62534,37.03
2026-02-26 23:22:44,Sheet1,Canceled,Multivariate,LightGBM,0.51287,19.16269,0.57745,48.71
2026-02-26 23:23:19,Sheet1,Canceled,Multivariate,XGBoost,0.46874,17.51395,0.58567,53.13
2026-02-26 23:23:20,Sheet1,Canceled,Multivariate,HistGB,0.51324,19.17669,0.56881,48.68
2026-02-26 23:23:21,Sheet1,Canceled,Multivariate,ExtraTrees,0.40272,15.04696,0.38034,59.73
2026-02-26 23:23:21,Sheet1,Canceled,Multivariate,Ridge,0.44114,16.48273,0.38447,55.89
2026-02-26 23:23:21,Sheet1,Canceled,Multivariate,Huber,0.42654,15.93701,0.45224,57.35
2026-02-26 23:23:24,Sheet1,Canceled,Multivariate,ExtraTrees,0.40272,15.04696,0.38034,59.73
2026-02-26 23:36:09,Sheet1,Canceled,Univariate,Baseline_SMA,0.59166,22.56190,0.35046,40.83
2026-02-26 23:36:09,Sheet1,Canceled,Multivariate,Baseline_SMA,0.59166,22.56190,0.35046,40.83
2026-02-26 23:36:18,Sheet1,Canceled,Univariate,TBATS,0.76846,29.30394,0.70773,23.15
2026-02-26 23:36:18,Sheet1,Canceled,Univariate,Prophet,0.64801,24.71082,0.67947,35.20
2026-02-26 23:36:19,Sheet1,Canceled,Univariate,LightGBM,0.61526,23.46197,0.48726,38.47
2026-02-26 23:36:23,Sheet1,Canceled,Univariate,HistGB,0.68747,26.21561,0.67122,31.25
2026-02-26 23:36:23,Sheet1,Canceled,Univariate,ExpSmoothing,0.61513,23.45678,0.53869,38.49
2026-02-26 23:36:24,Sheet1,Canceled,Univariate,SARIMAX,0.62966,24.01099,0.62534,37.03
2026-02-26 23:36:24,Sheet1,Canceled,Multivariate,LightGBM,0.50510,18.87223,0.57694,49.49
2026-02-26 23:36:25,Sheet1,Canceled,Multivariate,XGBoost,0.50775,18.97138,0.67290,49.23
2026-02-26 23:36:26,Sheet1,Canceled,Multivariate,HistGB,0.46976,17.55181,0.47791,53.02
2026-02-26 23:36:26,Sheet1,Canceled,Multivariate,ExtraTrees,0.41465,15.49296,0.38751,58.53
2026-02-26 23:36:26,Sheet1,Canceled,Multivariate,Ridge,0.44114,16.48273,0.38447,55.89
2026-02-26 23:36:26,Sheet1,Canceled,Multivariate,Huber,0.42654,15.93701,0.45224,57.35
2026-02-26 23:36:29,Sheet1,Canceled,Multivariate,ExtraTrees,0.41465,15.49296,0.38751,58.53
2026-02-26 23:38:45,Sheet1,Canceled,Univariate,Baseline_SMA,0.59166,22.56190,0.35046,40.83
2026-02-26 23:38:45,Sheet1,Canceled,Multivariate,Baseline_SMA,0.59166,22.56190,0.35046,40.83
2026-02-26 23:38:54,Sheet1,Canceled,Univariate,TBATS,0.76846,29.30394,0.70773,23.15
2026-02-26 23:38:54,Sheet1,Canceled,Univariate,Prophet,0.64801,24.71082,0.67947,35.20
2026-02-26 23:38:55,Sheet1,Canceled,Univariate,LightGBM,0.61526,23.46197,0.48726,38.47
2026-02-26 23:38:59,Sheet1,Canceled,Univariate,HistGB,0.68747,26.21561,0.67122,31.25
2026-02-26 23:38:59,Sheet1,Canceled,Univariate,ExpSmoothing,0.61513,23.45678,0.53869,38.49
2026-02-26 23:39:00,Sheet1,Canceled,Univariate,SARIMAX,0.62966,24.01099,0.62534,37.03
2026-02-26 23:39:00,Sheet1,Canceled,Multivariate,LightGBM,0.50747,18.96074,0.53893,49.25
2026-02-26 23:39:01,Sheet1,Canceled,Multivariate,XGBoost,0.49418,18.46452,0.55197,50.58
2026-02-26 23:39:02,Sheet1,Canceled,Multivariate,HistGB,0.46606,17.41358,0.48345,53.39
2026-02-26 23:39:02,Sheet1,Canceled,Multivariate,ExtraTrees,0.44530,16.63785,0.40171,55.47
2026-02-26 23:39:02,Sheet1,Canceled,Multivariate,Ridge,0.45864,17.13657,0.38660,54.14
2026-02-26 23:39:02,Sheet1,Canceled,Multivariate,Huber,0.45887,17.14505,0.44544,54.11
2026-02-26 23:39:05,Sheet1,Canceled,Multivariate,ExtraTrees,0.44530,16.63785,0.40171,55.47
2026-02-26 23:49:53,Sheet1,Canceled,Univariate,Baseline_SMA,0.59166,22.56190,0.35046,40.83
2026-02-26 23:49:53,Sheet1,Canceled,Multivariate,Baseline_SMA,0.59166,22.56190,0.35046,40.83
2026-02-26 23:50:03,Sheet1,Canceled,Univariate,TBATS,0.76846,29.30394,0.70773,23.15
2026-02-26 23:50:03,Sheet1,Canceled,Univariate,Prophet,0.64801,24.71082,0.67947,35.20
2026-02-26 23:50:04,Sheet1,Canceled,Univariate,LightGBM,0.61526,23.46197,0.48726,38.47
2026-02-26 23:50:07,Sheet1,Canceled,Univariate,HistGB,0.68747,26.21561,0.67122,31.25
2026-02-26 23:50:08,Sheet1,Canceled,Univariate,ExpSmoothing,0.61513,23.45678,0.53869,38.49
2026-02-26 23:50:08,Sheet1,Canceled,Univariate,SARIMAX,0.62966,24.01099,0.62534,37.03
2026-02-26 23:50:08,Sheet1,Canceled,Multivariate,LightGBM,0.50242,18.77239,0.56800,49.76
2026-02-26 23:50:09,Sheet1,Canceled,Multivariate,XGBoost,0.63169,23.60231,0.75353,36.83
2026-02-26 23:50:10,Sheet1,Canceled,Multivariate,HistGB,0.50123,18.72775,0.52420,49.88
2026-02-26 23:50:10,Sheet1,Canceled,Multivariate,ExtraTrees,0.43829,16.37614,0.42531,56.17
2026-02-26 23:50:10,Sheet1,Canceled,Multivariate,Ridge,0.44114,16.48273,0.38447,55.89
2026-02-26 23:50:10,Sheet1,Canceled,Multivariate,Huber,0.42654,15.93701,0.45224,57.35
2026-02-26 23:50:11,Sheet1,Canceled,Multivariate,Huber,0.42654,15.93701,0.45224,57.35
2026-02-26 23:53:36,Sheet1,Canceled,Univariate,Baseline_SMA,0.59166,22.56190,0.35046,40.83
2026-02-26 23:53:36,Sheet1,Canceled,Multivariate,Baseline_SMA,0.59166,22.56190,0.35046,40.83
2026-02-26 23:53:45,Sheet1,Canceled,Univariate,TBATS,0.76846,29.30394,0.70773,23.15
2026-02-26 23:53:45,Sheet1,Canceled,Univariate,Prophet,0.64801,24.71082,0.67947,35.20
2026-02-26 23:53:46,Sheet1,Canceled,Univariate,LightGBM,0.61526,23.46197,0.48726,38.47
2026-02-26 23:53:50,Sheet1,Canceled,Univariate,HistGB,0.68747,26.21561,0.67122,31.25
2026-02-26 23:53:50,Sheet1,Canceled,Univariate,ExpSmoothing,0.61513,23.45678,0.53869,38.49
2026-02-26 23:53:51,Sheet1,Canceled,Univariate,SARIMAX,0.62966,24.01099,0.62534,37.03
2026-02-26 23:53:51,Sheet1,Canceled,Multivariate,LightGBM,0.46556,17.39493,0.48222,53.44
2026-02-26 23:53:53,Sheet1,Canceled,Multivariate,XGBoost,0.49038,18.32225,0.57472,50.96
2026-02-26 23:53:54,Sheet1,Canceled,Multivariate,HistGB,0.47708,17.82552,0.49217,52.29
2026-02-26 23:53:54,Sheet1,Canceled,Multivariate,ExtraTrees,0.47439,17.72499,0.41707,52.56
2026-02-26 23:53:54,Sheet1,Canceled,Multivariate,Ridge,0.45864,17.13657,0.38660,54.14
2026-02-26 23:53:54,Sheet1,Canceled,Multivariate,Huber,0.45887,17.14505,0.44544,54.11
2026-02-26 23:53:55,Sheet1,Canceled,Multivariate,Ridge,0.45864,17.13657,0.38660,54.14
2026-02-26 23:58:12,Sheet1,Canceled,Univariate,Baseline_SMA,0.59166,22.56190,0.35046,40.83
2026-02-26 23:58:12,Sheet1,Canceled,Multivariate,Baseline_SMA,0.59166,22.56190,0.35046,40.83
2026-02-26 23:58:21,Sheet1,Canceled,Univariate,TBATS,0.76846,29.30394,0.70773,23.15
2026-02-26 23:58:21,Sheet1,Canceled,Univariate,Prophet,0.64801,24.71082,0.67947,35.20
2026-02-26 23:58:21,Sheet1,Canceled,Univariate,LightGBM,0.61526,23.46197,0.48726,38.47
2026-02-26 23:58:25,Sheet1,Canceled,Univariate,HistGB,0.68747,26.21561,0.67122,31.25
2026-02-26 23:58:25,Sheet1,Canceled,Univariate,ExpSmoothing,0.61513,23.45678,0.53869,38.49
2026-02-26 23:58:25,Sheet1,Canceled,Univariate,SARIMAX,0.62966,24.01099,0.62534,37.03
2026-02-26 23:58:25,Sheet1,Canceled,Multivariate,LightGBM,0.51095,19.09109,0.56617,48.90
2026-02-26 23:58:26,Sheet1,Canceled,Multivariate,XGBoost,0.55284,20.65601,0.71939,44.72
2026-02-26 23:58:27,Sheet1,Canceled,Multivariate,HistGB,0.47792,17.85665,0.51683,52.21
2026-02-26 23:58:27,Sheet1,Canceled,Multivariate,ExtraTrees,0.42722,15.96252,0.41099,57.28
2026-02-26 23:58:27,Sheet1,Canceled,Multivariate,Ridge,0.44114,16.48273,0.38447,55.89
2026-02-26 23:58:27,Sheet1,Canceled,Multivariate,Huber,0.42654,15.93701,0.45224,57.35
2026-02-26 23:58:28,Sheet1,Canceled,Multivariate,Huber,0.42654,15.93701,0.45224,57.35
2026-02-27 00:02:00,Sheet1,Canceled,Univariate,Baseline_SMA,0.59166,22.56190,0.35046,40.83
2026-02-27 00:02:00,Sheet1,Canceled,Multivariate,Baseline_SMA,0.59166,22.56190,0.35046,40.83
2026-02-27 00:02:09,Sheet1,Canceled,Univariate,TBATS,0.76846,29.30394,0.70773,23.15
2026-02-27 00:02:10,Sheet1,Canceled,Univariate,Prophet,0.64801,24.71082,0.67947,35.20
2026-02-27 00:02:10,Sheet1,Canceled,Univariate,LightGBM,0.61526,23.46197,0.48726,38.47
2026-02-27 00:02:14,Sheet1,Canceled,Univariate,HistGB,0.68747,26.21561,0.67122,31.25
2026-02-27 00:02:14,Sheet1,Canceled,Univariate,ExpSmoothing,0.61513,23.45678,0.53869,38.49
2026-02-27 00:02:15,Sheet1,Canceled,Univariate,SARIMAX,0.62966,24.01099,0.62534,37.03
2026-02-27 00:02:15,Sheet1,Canceled,Multivariate,LightGBM,0.46787,17.48119,0.51275,53.21
2026-02-27 00:02:19,Sheet1,Canceled,Multivariate,XGBoost,0.57525,21.49336,0.69503,42.48
2026-02-27 00:02:20,Sheet1,Canceled,Multivariate,HistGB,0.44544,16.64321,0.46576,55.46
2026-02-27 00:02:20,Sheet1,Canceled,Multivariate,ExtraTrees,0.40469,15.12080,0.37019,59.53
2026-02-27 00:02:20,Sheet1,Canceled,Multivariate,Ridge,0.44114,16.48273,0.38447,55.89
2026-02-27 00:02:20,Sheet1,Canceled,Multivariate,Huber,0.42654,15.93701,0.45224,57.35
2026-02-27 00:02:23,Sheet1,Canceled,Multivariate,ExtraTrees,0.40469,15.12080,0.37019,59.53
2026-02-27 15:30:44,Sheet1,sum of units,Univariate,Baseline_SMA,0.24251,61.71905,0.31142,75.75
2026-02-27 15:30:44,Sheet1,sum of units,Multivariate,Baseline_SMA,0.24251,61.71905,0.31142,75.75
2026-02-27 15:30:50,Sheet1,sum of units,Univariate,Prophet,0.24082,61.28907,0.30016,75.92
2026-02-27 15:30:50,Sheet1,sum of units,Univariate,ExpSmoothing,0.27657,70.38704,0.37578,72.34
2026-02-27 15:30:53,Sheet1,sum of units,Univariate,SARIMAX,0.25190,64.10885,0.32348,74.81
2026-02-27 15:30:56,Sheet1,sum of units,Multivariate,LightGBM,0.32312,81.76007,0.39966,67.69
2026-02-27 15:33:33,Sheet1,sum of units,Multivariate,XGBoost,0.27571,69.76472,0.33144,72.43
2026-02-27 15:39:19,Sheet1,sum of units,Multivariate,HistGB,0.31429,79.52527,0.37866,68.57
2026-02-27 15:39:20,Sheet1,sum of units,Multivariate,ExtraTrees,0.23452,59.34172,0.29178,76.55
2026-02-27 15:39:20,Sheet1,sum of units,Multivariate,Ridge,0.25847,65.40174,0.31664,74.15
2026-02-27 15:39:27,Sheet1,sum of units,Multivariate,Huber,0.26432,66.88135,0.30179,73.57
2026-02-27 15:39:39,Sheet1,sum of units,Multivariate,ExtraTrees,0.23452,59.34172,0.29178,76.55
2026-02-27 15:48:03,Sheet1,sum of units,Univariate,Baseline_SMA,0.24251,61.71905,0.31142,75.75
2026-02-27 15:48:03,Sheet1,sum of units,Multivariate,Baseline_SMA,0.24251,61.71905,0.31142,75.75
2026-02-27 15:48:13,Sheet1,sum of units,Univariate,Prophet,0.24082,61.28907,0.30016,75.92
2026-02-27 15:48:13,Sheet1,sum of units,Univariate,ExpSmoothing,0.27657,70.38704,0.37578,72.34
2026-02-27 15:48:22,Sheet1,sum of units,Univariate,SARIMAX,0.25190,64.10885,0.32348,74.81
2026-02-27 15:48:33,Sheet1,sum of units,Multivariate,LightGBM,0.33499,84.76514,0.41475,66.50
2026-02-27 15:50:23,Sheet1,sum of units,Multivariate,XGBoost,0.25891,65.51377,0.31414,74.11
2026-02-27 15:50:27,Sheet1,sum of units,Multivariate,HistGB,0.31007,78.45778,0.37704,68.99
2026-02-27 15:50:27,Sheet1,sum of units,Multivariate,ExtraTrees,0.23308,58.97756,0.28127,76.69
2026-02-27 15:50:27,Sheet1,sum of units,Multivariate,Ridge,0.25847,65.40174,0.31664,74.15
2026-02-27 15:50:31,Sheet1,sum of units,Multivariate,Huber,0.26432,66.88135,0.30179,73.57
2026-02-27 15:50:36,Sheet1,sum of units,Multivariate,ExtraTrees,0.23308,58.97756,0.28127,76.69
2026-02-27 15:54:21,Sheet1,Daily_Sales,Univariate,Baseline_SMA,0.19287,175.84595,0.17456,80.71
2026-02-27 15:54:21,Sheet1,Daily_Sales,Multivariate,Baseline_SMA,0.19287,175.84595,0.17456,80.71
2026-02-27 15:54:34,Sheet1,Daily_Sales,Univariate,Prophet,0.49690,453.04795,0.49856,50.31
2026-02-27 15:54:36,Sheet1,Daily_Sales,Univariate,ExpSmoothing,0.07309,66.64011,0.07563,92.69
2026-02-27 15:54:42,Sheet1,Daily_Sales,Univariate,SARIMAX,0.14949,136.30042,0.14406,85.05
2026-02-27 15:59:18,Sheet1,Daily_Sales,Univariate,Baseline_SMA,0.19287,175.84595,0.17456,80.71
2026-02-27 15:59:18,Sheet1,Daily_Sales,Multivariate,Baseline_SMA,0.19287,175.84595,0.17456,80.71
2026-02-27 15:59:22,Sheet1,Daily_Sales,Univariate,Prophet,0.49690,453.04795,0.49856,50.31
2026-02-27 15:59:41,Sheet1,Daily_Sales,Univariate,LightGBM,0.19499,177.78673,0.19658,80.50
2026-02-27 15:59:53,Sheet1,Daily_Sales,Univariate,HistGB,0.21017,191.62501,0.21186,78.98
2026-02-27 15:59:53,Sheet1,Daily_Sales,Univariate,ExpSmoothing,0.07309,66.64011,0.07563,92.69
2026-02-27 15:59:54,Sheet1,Daily_Sales,Univariate,SARIMAX,0.14949,136.30042,0.14406,85.05
2026-02-27 16:00:02,Sheet1,Daily_Sales,Multivariate,LightGBM,0.08551,77.96548,0.08693,91.45
2026-02-27 16:00:11,Sheet1,Daily_Sales,Multivariate,XGBoost,0.07718,70.36863,0.07966,92.28
2026-02-27 16:00:13,Sheet1,Daily_Sales,Multivariate,HistGB,0.08391,76.50470,0.08641,91.61
2026-02-27 16:00:13,Sheet1,Daily_Sales,Multivariate,ExtraTrees,0.10712,97.66812,0.10415,89.29
2026-02-27 16:00:14,Sheet1,Daily_Sales,Multivariate,Ridge,0.04879,44.48309,0.04799,95.12
2026-02-27 16:00:19,Sheet1,Daily_Sales,Multivariate,Huber,0.04836,44.09286,0.04760,95.16
2026-02-27 16:00:29,Sheet1,Daily_Sales,Multivariate,Huber,0.04836,44.09286,0.04760,95.16
2026-02-27 16:02:20,Sheet1,sum of units,Univariate,Baseline_SMA,0.24251,61.71905,0.31142,75.75
2026-02-27 16:02:20,Sheet1,sum of units,Multivariate,Baseline_SMA,0.24251,61.71905,0.31142,75.75
2026-02-27 16:02:29,Sheet1,sum of units,Univariate,Prophet,0.24082,61.28907,0.30016,75.92
2026-02-27 16:02:32,Sheet1,sum of units,Univariate,LightGBM,0.26589,67.66787,0.27702,73.41
2026-02-27 16:02:39,Sheet1,sum of units,Univariate,HistGB,0.28038,71.35688,0.29351,71.96
2026-02-27 16:02:39,Sheet1,sum of units,Univariate,ExpSmoothing,0.27657,70.38704,0.37578,72.34
2026-02-27 16:02:41,Sheet1,sum of units,Univariate,SARIMAX,0.25190,64.10885,0.32348,74.81
2026-02-27 16:02:42,Sheet1,sum of units,Multivariate,LightGBM,0.32450,82.10931,0.40500,67.55
2026-02-27 16:04:52,Sheet1,sum of units,Multivariate,XGBoost,0.26131,66.12070,0.31353,73.87
2026-02-27 16:05:17,Sheet1,sum of units,Multivariate,HistGB,0.32002,80.97534,0.38119,68.00
2026-02-27 16:05:18,Sheet1,sum of units,Multivariate,ExtraTrees,0.24017,60.77141,0.29640,75.98
2026-02-27 16:05:18,Sheet1,sum of units,Multivariate,Ridge,0.25847,65.40174,0.31664,74.15
2026-02-27 16:05:25,Sheet1,sum of units,Multivariate,Huber,0.26432,66.88135,0.30179,73.57
2026-02-27 16:05:37,Sheet1,sum of units,Multivariate,ExtraTrees,0.24017,60.77141,0.29640,75.98
2026-02-27 16:18:43,Sheet1,sum of units,Univariate,Baseline_SMA,0.24251,61.71905,0.31142,75.75
2026-02-27 16:18:43,Sheet1,sum of units,Multivariate,Baseline_SMA,0.24251,61.71905,0.31142,75.75
2026-02-27 16:18:53,Sheet1,sum of units,Univariate,Prophet,0.24082,61.28907,0.30016,75.92
2026-02-27 16:19:35,Sheet1,sum of units,Univariate,LightGBM,0.26589,67.66787,0.27702,73.41
2026-02-27 16:19:42,Sheet1,sum of units,Univariate,HistGB,0.28038,71.35688,0.29351,71.96
2026-02-27 16:19:42,Sheet1,sum of units,Univariate,ExpSmoothing,0.27657,70.38704,0.37578,72.34
2026-02-27 16:19:44,Sheet1,sum of units,Univariate,SARIMAX,0.25190,64.10885,0.32348,74.81
2026-02-27 16:19:44,Sheet1,sum of units,Multivariate,LightGBM,0.32138,81.32136,0.40391,67.86
2026-02-27 16:19:53,Sheet1,sum of units,Multivariate,XGBoost,0.24983,63.21626,0.29385,75.02
2026-02-27 16:19:56,Sheet1,sum of units,Multivariate,HistGB,0.29570,74.82344,0.35855,70.43
2026-02-27 16:19:56,Sheet1,sum of units,Multivariate,ExtraTrees,0.23850,60.34817,0.29441,76.15
2026-02-27 16:19:56,Sheet1,sum of units,Multivariate,Ridge,0.25847,65.40174,0.31664,74.15
2026-02-27 16:20:01,Sheet1,sum of units,Multivariate,Huber,0.26432,66.88135,0.30179,73.57
2026-02-27 16:20:05,Sheet1,sum of units,Multivariate,ExtraTrees,0.23850,60.34817,0.29441,76.15
2026-02-27 16:25:41,Sheet1,sum of units,Univariate,Baseline_SMA,0.24251,61.71905,0.31142,75.75
2026-02-27 16:25:41,Sheet1,sum of units,Multivariate,Baseline_SMA,0.24251,61.71905,0.31142,75.75
2026-02-27 16:25:46,Sheet1,sum of units,Univariate,Prophet,0.24082,61.28907,0.30016,75.92
2026-02-27 16:25:57,Sheet1,sum of units,Univariate,LightGBM,0.26589,67.66787,0.27702,73.41
2026-02-27 16:26:00,Sheet1,sum of units,Univariate,HistGB,0.28038,71.35688,0.29351,71.96
2026-02-27 16:26:00,Sheet1,sum of units,Univariate,ExpSmoothing,0.27657,70.38704,0.37578,72.34
2026-02-27 16:26:01,Sheet1,sum of units,Univariate,SARIMAX,0.25190,64.10885,0.32348,74.81
2026-02-27 16:26:26,Sheet1,sum of units,Univariate,Baseline_SMA,0.24251,61.71905,0.31142,75.75
2026-02-27 16:26:26,Sheet1,sum of units,Multivariate,Baseline_SMA,0.24251,61.71905,0.31142,75.75
2026-02-27 16:26:26,Sheet1,sum of units,Univariate,Baseline_SMA,0.24251,61.71905,0.31142,75.75
2026-02-27 16:26:26,Sheet1,sum of units,Multivariate,Baseline_SMA,0.24251,61.71905,0.31142,75.75
2026-02-27 16:26:37,Sheet1,sum of units,Univariate,Prophet,0.24082,61.28907,0.30016,75.92
2026-02-27 16:26:37,Sheet1,sum of units,Univariate,Prophet,0.24082,61.28907,0.30016,75.92
2026-02-27 16:28:07,Sheet1,sum of units,Univariate,LightGBM,0.26589,67.66787,0.27702,73.41
2026-02-27 16:28:07,Sheet1,sum of units,Univariate,LightGBM,0.26589,67.66787,0.27702,73.41
2026-02-27 16:31:22,Sheet1,sum of units,Univariate,HistGB,0.28038,71.35688,0.29351,71.96
2026-02-27 16:31:22,Sheet1,sum of units,Univariate,ExpSmoothing,0.27657,70.38704,0.37578,72.34
2026-02-27 16:31:22,Sheet1,sum of units,Univariate,HistGB,0.28038,71.35688,0.29351,71.96
2026-02-27 16:31:22,Sheet1,sum of units,Univariate,ExpSmoothing,0.27657,70.38704,0.37578,72.34
2026-02-27 16:31:24,Sheet1,sum of units,Univariate,SARIMAX,0.25190,64.10885,0.32348,74.81
2026-02-27 16:31:25,Sheet1,sum of units,Univariate,SARIMAX,0.25190,64.10885,0.32348,74.81
2026-02-27 16:31:28,Sheet1,sum of units,Multivariate,LightGBM,0.31499,79.70388,0.38956,68.50
2026-02-27 16:31:28,Sheet1,sum of units,Multivariate,LightGBM,0.31499,79.70388,0.38956,68.50
2026-02-27 16:31:29,Sheet1,sum of units,Multivariate,XGBoost,0.25658,64.92243,0.30588,74.34
2026-02-27 16:31:29,Sheet1,sum of units,Multivariate,XGBoost,0.25658,64.92243,0.30588,74.34
2026-02-27 16:31:51,Sheet1,sum of units,Multivariate,HistGB,0.34473,87.22892,0.40770,65.53
2026-02-27 16:31:51,Sheet1,sum of units,Multivariate,ExtraTrees,0.23013,58.23088,0.28473,76.99
2026-02-27 16:31:51,Sheet1,sum of units,Multivariate,Ridge,0.25847,65.40174,0.31664,74.15
2026-02-27 16:31:54,Sheet1,sum of units,Multivariate,HistGB,0.34473,87.22892,0.40770,65.53
2026-02-27 16:31:55,Sheet1,sum of units,Multivariate,ExtraTrees,0.23013,58.23088,0.28473,76.99
2026-02-27 16:31:55,Sheet1,sum of units,Multivariate,Ridge,0.25847,65.40174,0.31664,74.15
2026-02-27 16:31:57,Sheet1,sum of units,Multivariate,Huber,0.26432,66.88135,0.30179,73.57
2026-02-27 16:32:03,Sheet1,sum of units,Multivariate,Huber,0.26432,66.88135,0.30179,73.57
2026-02-27 16:32:07,Sheet1,sum of units,Multivariate,ExtraTrees,0.23013,58.23088,0.28473,76.99
2026-02-27 16:32:07,Sheet1,sum of units,Multivariate,ExtraTrees,0.23013,58.23088,0.28473,76.99
2026-02-27 16:34:33,Sheet1,Daily_Sales,Univariate,Baseline_SMA,0.19287,175.84595,0.17456,80.71
2026-02-27 16:34:33,Sheet1,Daily_Sales,Multivariate,Baseline_SMA,0.19287,175.84595,0.17456,80.71
2026-02-27 16:34:41,Sheet1,Daily_Sales,Univariate,Prophet,0.49690,453.04795,0.49856,50.31
2026-02-27 16:35:01,Sheet1,Daily_Sales,Univariate,LightGBM,0.19499,177.78673,0.19658,80.50
2026-02-27 16:35:45,Sheet1,Daily_Sales,Univariate,HistGB,0.21017,191.62501,0.21186,78.98
2026-02-27 16:35:45,Sheet1,Daily_Sales,Univariate,ExpSmoothing,0.07309,66.64011,0.07563,92.69
2026-02-27 16:35:47,Sheet1,Daily_Sales,Univariate,SARIMAX,0.14949,136.30042,0.14406,85.05
2026-02-27 16:35:47,Sheet1,Daily_Sales,Multivariate,LightGBM,0.08918,81.31096,0.09036,91.08
2026-02-27 16:36:02,Sheet1,Daily_Sales,Multivariate,XGBoost,0.08590,78.31538,0.08765,91.41
2026-02-27 16:36:04,Sheet1,Daily_Sales,Multivariate,HistGB,0.08830,80.51005,0.09014,91.17
2026-02-27 16:36:04,Sheet1,Daily_Sales,Multivariate,ExtraTrees,0.11107,101.26804,0.10857,88.89
2026-02-27 16:36:04,Sheet1,Daily_Sales,Multivariate,Ridge,0.04898,44.66163,0.04816,95.10
2026-02-27 16:36:09,Sheet1,Daily_Sales,Multivariate,Huber,0.04876,44.45367,0.04795,95.12
2026-02-27 16:36:17,Sheet1,Daily_Sales,Multivariate,Huber,0.04876,44.45367,0.04795,95.12
2026-02-27 16:40:26,Sheet1,sum of units,Univariate,Baseline_SMA,0.24251,61.71905,0.31142,75.75
2026-02-27 16:40:26,Sheet1,sum of units,Multivariate,Baseline_SMA,0.24251,61.71905,0.31142,75.75
2026-02-27 16:40:34,Sheet1,sum of units,Univariate,Prophet,0.24082,61.28907,0.30016,75.92
2026-02-27 16:41:04,Sheet1,sum of units,Univariate,LightGBM,0.26589,67.66787,0.27702,73.41
2026-02-27 16:42:08,Sheet1,sum of units,Univariate,HistGB,0.28038,71.35688,0.29351,71.96
2026-02-27 16:42:08,Sheet1,sum of units,Univariate,ExpSmoothing,0.27657,70.38704,0.37578,72.34
2026-02-27 16:42:10,Sheet1,sum of units,Univariate,SARIMAX,0.25190,64.10885,0.32348,74.81
2026-02-27 16:42:11,Sheet1,sum of units,Multivariate,LightGBM,0.32311,81.75768,0.40698,67.69
2026-02-27 16:42:23,Sheet1,sum of units,Multivariate,XGBoost,0.26204,66.30605,0.31551,73.80
2026-02-27 16:42:26,Sheet1,sum of units,Multivariate,HistGB,0.31205,78.95971,0.38383,68.79
2026-02-27 16:42:26,Sheet1,sum of units,Multivariate,ExtraTrees,0.22969,58.11869,0.27863,77.03
2026-02-27 16:42:26,Sheet1,sum of units,Multivariate,Ridge,0.25537,64.61763,0.31299,74.46
2026-02-27 16:42:35,Sheet1,sum of units,Multivariate,Huber,0.26204,66.30426,0.30198,73.80
2026-02-27 16:42:41,Sheet1,sum of units,Multivariate,ExtraTrees,0.22969,58.11869,0.27863,77.03
2026-02-27 16:56:41,Sheet1,sum of units,Univariate,Baseline_SMA,0.24251,61.71905,0.31142,75.75
2026-02-27 16:56:41,Sheet1,sum of units,Multivariate,Baseline_SMA,0.24251,61.71905,0.31142,75.75
2026-02-27 16:56:48,Sheet1,sum of units,Univariate,Prophet,0.24082,61.28907,0.30016,75.92
2026-02-27 16:57:43,Sheet1,sum of units,Univariate,LightGBM,0.26589,67.66787,0.27702,73.41
2026-02-27 16:58:27,Sheet1,sum of units,Univariate,HistGB,0.28038,71.35688,0.29351,71.96
2026-02-27 16:58:27,Sheet1,sum of units,Univariate,ExpSmoothing,0.27657,70.38704,0.37578,72.34
2026-02-27 16:58:31,Sheet1,sum of units,Univariate,SARIMAX,0.25190,64.10885,0.32348,74.81
2026-02-27 16:58:32,Sheet1,sum of units,Multivariate,LightGBM,0.31911,80.74504,0.39873,68.09
2026-02-27 16:58:48,Sheet1,sum of units,Multivariate,XGBoost,0.26211,66.32370,0.31517,73.79
2026-02-27 16:58:51,Sheet1,sum of units,Multivariate,HistGB,0.29900,75.65852,0.36433,70.10
2026-02-27 16:58:51,Sheet1,sum of units,Multivariate,ExtraTrees,0.24475,61.92972,0.30600,75.53
2026-02-27 16:58:51,Sheet1,sum of units,Multivariate,Ridge,0.25847,65.40174,0.31664,74.15
2026-02-27 16:58:56,Sheet1,sum of units,Multivariate,Huber,0.26432,66.88135,0.30179,73.57
2026-02-27 17:07:22,Sheet1,sum of units,Univariate,Baseline_SMA,0.24251,61.71905,0.31142,75.75
2026-02-27 17:07:22,Sheet1,sum of units,Multivariate,Baseline_SMA,0.24251,61.71905,0.31142,75.75
2026-02-27 17:07:24,Sheet1,sum of units,Univariate,Prophet,0.24082,61.28907,0.30016,75.92
2026-02-27 17:07:25,Sheet1,sum of units,Univariate,LightGBM,0.26589,67.66787,0.27702,73.41
2026-02-27 17:07:32,Sheet1,sum of units,Univariate,HistGB,0.28038,71.35688,0.29351,71.96
2026-02-27 17:07:33,Sheet1,sum of units,Univariate,ExpSmoothing,0.27657,70.38704,0.37578,72.34
2026-02-27 17:07:35,Sheet1,sum of units,Univariate,SARIMAX,0.25190,64.10885,0.32348,74.81
2026-02-27 17:07:37,Sheet1,sum of units,Multivariate,LightGBM,0.32424,82.04450,0.40180,67.58
2026-02-27 17:09:56,Sheet1,sum of units,Multivariate,XGBoost,0.27700,70.09123,0.32678,72.30
2026-02-27 17:10:38,Sheet1,sum of units,Multivariate,HistGB,0.31748,80.33421,0.38464,68.25
2026-02-27 17:10:38,Sheet1,sum of units,Multivariate,ExtraTrees,0.23630,59.79273,0.29182,76.37
2026-02-27 17:10:38,Sheet1,sum of units,Multivariate,Ridge,0.25847,65.40174,0.31664,74.15
2026-02-27 17:10:45,Sheet1,sum of units,Multivariate,Huber,0.26432,66.88135,0.30179,73.57
2026-02-27 17:10:55,Sheet1,sum of units,Multivariate,ExtraTrees,0.23630,59.79273,0.29182,76.37
2026-02-27 17:16:49,Sheet1,sum of units,Univariate,Baseline_SMA,0.24251,61.71905,0.31142,75.75
2026-02-27 17:16:49,Sheet1,sum of units,Multivariate,Baseline_SMA,0.24251,61.71905,0.31142,75.75
2026-02-27 17:16:56,Sheet1,sum of units,Univariate,Prophet,0.24082,61.28907,0.30016,75.92
2026-02-27 17:17:05,Sheet1,sum of units,Univariate,LightGBM,0.26589,67.66787,0.27702,73.41
2026-02-27 17:17:18,Sheet1,sum of units,Univariate,HistGB,0.28038,71.35688,0.29351,71.96
2026-02-27 17:17:18,Sheet1,sum of units,Univariate,ExpSmoothing,0.27657,70.38704,0.37578,72.34
2026-02-27 17:17:22,Sheet1,sum of units,Univariate,SARIMAX,0.25190,64.10885,0.32348,74.81
2026-02-27 17:17:28,Sheet1,sum of units,Multivariate,LightGBM,0.26363,66.70754,0.33695,73.64
2026-02-27 17:17:51,Sheet1,sum of units,Multivariate,XGBoost,0.25037,63.35204,0.30445,74.96
2026-02-27 17:17:54,Sheet1,sum of units,Multivariate,HistGB,0.26214,66.33031,0.32074,73.79
2026-02-27 17:17:54,Sheet1,sum of units,Multivariate,ExtraTrees,0.21570,54.57837,0.26389,78.43
2026-02-27 17:17:54,Sheet1,sum of units,Multivariate,Ridge,0.25451,64.40094,0.31404,74.55
2026-02-27 17:18:00,Sheet1,sum of units,Multivariate,Huber,0.26074,65.97660,0.30573,73.93
2026-02-27 17:18:04,Sheet1,sum of units,Multivariate,ExtraTrees,0.21570,54.57837,0.26389,78.43
2026-02-27 17:25:15,Sheet1,sum of units,Univariate,Baseline_SMA,0.24251,61.71905,0.31142,75.75
2026-02-27 17:25:15,Sheet1,sum of units,Multivariate,Baseline_SMA,0.24251,61.71905,0.31142,75.75
2026-02-27 17:26:11,Sheet1,sum of units,Univariate,TBATS,0.31557,80.31281,0.35478,68.44
2026-02-27 17:26:11,Sheet1,sum of units,Univariate,Prophet,0.24082,61.28907,0.30016,75.92
2026-02-27 17:26:13,Sheet1,sum of units,Univariate,LightGBM,0.26589,67.66787,0.27702,73.41
2026-02-27 17:26:20,Sheet1,sum of units,Univariate,HistGB,0.28038,71.35688,0.29351,71.96
2026-02-27 17:26:20,Sheet1,sum of units,Univariate,ExpSmoothing,0.27657,70.38704,0.37578,72.34
2026-02-27 17:26:23,Sheet1,sum of units,Univariate,SARIMAX,0.25190,64.10885,0.32348,74.81
2026-02-27 17:26:24,Sheet1,sum of units,Multivariate,LightGBM,0.25481,64.47494,0.31991,74.52
2026-02-27 17:28:45,Sheet1,sum of units,Multivariate,XGBoost,0.23260,58.85707,0.28194,76.74
2026-02-27 17:29:04,Sheet1,sum of units,Multivariate,HistGB,0.26290,66.52203,0.32690,73.71
2026-02-27 17:29:05,Sheet1,sum of units,Multivariate,ExtraTrees,0.22150,56.04690,0.26996,77.85
2026-02-27 17:29:05,Sheet1,sum of units,Multivariate,Ridge,0.25448,64.39131,0.31401,74.55
2026-02-27 17:29:16,Sheet1,sum of units,Multivariate,Huber,0.26072,65.97109,0.30598,73.93
2026-02-27 17:29:29,Sheet1,sum of units,Multivariate,ExtraTrees,0.22150,56.04690,0.26996,77.85
2026-02-27 17:30:08,Sheet1,sum of units,Univariate,Baseline_SMA,0.24251,61.71905,0.31142,75.75
2026-02-27 17:30:08,Sheet1,sum of units,Multivariate,Baseline_SMA,0.24251,61.71905,0.31142,75.75
2026-02-27 17:30:10,Sheet1,sum of units,Univariate,Prophet,0.24082,61.28907,0.30016,75.92
2026-02-27 17:30:12,Sheet1,sum of units,Univariate,LightGBM,0.26589,67.66787,0.27702,73.41
2026-02-27 17:30:15,Sheet1,sum of units,Univariate,HistGB,0.28038,71.35688,0.29351,71.96
2026-02-27 17:30:15,Sheet1,sum of units,Univariate,ExpSmoothing,0.27657,70.38704,0.37578,72.34
2026-02-27 17:30:16,Sheet1,sum of units,Univariate,SARIMAX,0.25190,64.10885,0.32348,74.81
2026-02-27 21:04:25,Sheet1,sum of units,Univariate,Baseline_SMA,0.24251,61.71905,0.31142,75.75
2026-02-27 21:04:25,Sheet1,sum of units,Multivariate,Baseline_SMA,0.24251,61.71905,0.31142,75.75
2026-02-27 21:04:34,Sheet1,sum of units,Univariate,Prophet,0.24082,61.28907,0.30016,75.92
2026-02-27 21:04:38,Sheet1,sum of units,Univariate,LightGBM,0.26589,67.66787,0.27702,73.41
2026-02-27 21:04:45,Sheet1,sum of units,Univariate,HistGB,0.28038,71.35688,0.29351,71.96
2026-02-27 21:04:45,Sheet1,sum of units,Univariate,ExpSmoothing,0.27657,70.38704,0.37578,72.34
2026-02-27 21:04:48,Sheet1,sum of units,Univariate,SARIMAX,0.25190,64.10885,0.32348,74.81
2026-02-27 21:04:51,Sheet1,sum of units,Multivariate,LightGBM,0.26001,65.79087,0.33116,74.00
2026-02-27 21:05:33,Sheet1,sum of units,Multivariate,XGBoost,0.23539,59.56196,0.28766,76.46
2026-02-27 21:05:35,Sheet1,sum of units,Multivariate,HistGB,0.23739,60.06699,0.28861,76.26
2026-02-27 21:05:36,Sheet1,sum of units,Multivariate,ExtraTrees,0.22388,56.64839,0.27971,77.61
2026-02-27 21:05:36,Sheet1,sum of units,Multivariate,Ridge,0.25448,64.39131,0.31401,74.55
2026-02-27 21:05:38,Sheet1,sum of units,Multivariate,Huber,0.26073,65.97267,0.30598,73.93
2026-02-27 21:05:40,Sheet1,sum of units,Multivariate,ExtraTrees,0.22388,56.64839,0.27971,77.61
2026-02-27 21:11:22,Sheet1,GRA,Univariate,Baseline_SMA,0.41947,6.26237,1.24590,58.05
2026-02-27 21:11:22,Sheet1,GRA,Multivariate,Baseline_SMA,0.41947,6.26237,1.24590,58.05
2026-02-27 21:11:52,Sheet1,GRA,Univariate,TBATS,0.40453,6.03938,1.26717,59.55
2026-02-27 21:11:52,Sheet1,GRA,Univariate,Prophet,0.38977,5.81907,1.32293,61.02
2026-02-27 21:11:53,Sheet1,GRA,Univariate,LightGBM,0.39804,5.94245,1.20596,60.20
2026-02-27 21:11:57,Sheet1,GRA,Univariate,HistGB,0.43955,6.56215,1.18427,56.05
2026-02-27 21:11:57,Sheet1,GRA,Univariate,ExpSmoothing,0.39571,5.90763,1.23651,60.43
2026-02-27 21:11:57,Sheet1,GRA,Univariate,SARIMAX,0.40391,6.03015,1.38878,59.61
2026-02-27 21:11:58,Sheet1,GRA,Multivariate,LightGBM,0.52862,6.94133,1.97461,47.14
2026-02-27 21:11:58,Sheet1,GRA,Multivariate,XGBoost,0.53663,7.04644,2.05274,46.34
2026-02-27 21:11:59,Sheet1,GRA,Multivariate,HistGB,0.50538,6.63617,1.96770,49.46
2026-02-27 21:11:59,Sheet1,GRA,Multivariate,ExtraTrees,0.49482,6.49742,1.92341,50.52
2026-02-27 21:11:59,Sheet1,GRA,Multivariate,Ridge,0.45934,6.03154,1.66175,54.07
2026-02-27 21:12:01,Sheet1,GRA,Multivariate,Huber,0.47495,6.23660,1.74825,52.50
2026-02-27 21:25:17,Sheet1,Canceled,Univariate,Baseline_SMA,0.59166,22.56190,0.35046,40.83
2026-02-27 21:25:17,Sheet1,Canceled,Multivariate,Baseline_SMA,0.59166,22.56190,0.35046,40.83
2026-02-27 21:25:32,Sheet1,Canceled,Univariate,TBATS,0.76846,29.30394,0.70773,23.15
2026-02-27 21:25:32,Sheet1,Canceled,Univariate,Prophet,0.64801,24.71082,0.67947,35.20
2026-02-27 21:25:33,Sheet1,Canceled,Univariate,LightGBM,0.61526,23.46197,0.48726,38.47
2026-02-27 21:25:37,Sheet1,Canceled,Univariate,HistGB,0.68747,26.21561,0.67122,31.25
2026-02-27 21:25:37,Sheet1,Canceled,Univariate,ExpSmoothing,0.61513,23.45678,0.53869,38.49
2026-02-27 21:25:38,Sheet1,Canceled,Univariate,SARIMAX,0.62966,24.01099,0.62534,37.03
2026-02-27 21:25:38,Sheet1,Canceled,Multivariate,LightGBM,0.50296,18.79243,0.57847,49.70
2026-02-27 21:25:39,Sheet1,Canceled,Multivariate,XGBoost,0.54736,20.45128,0.73174,45.26
2026-02-27 21:25:41,Sheet1,Canceled,Multivariate,HistGB,0.48739,18.21073,0.52002,51.26
2026-02-27 21:25:41,Sheet1,Canceled,Multivariate,ExtraTrees,0.42962,16.05212,0.40309,57.04
2026-02-27 21:25:41,Sheet1,Canceled,Multivariate,Ridge,0.44114,16.48273,0.38447,55.89
2026-02-27 21:25:41,Sheet1,Canceled,Multivariate,Huber,0.42654,15.93701,0.45224,57.35
2026-02-27 21:25:42,Sheet1,Canceled,Multivariate,Huber,0.42654,15.93701,0.45224,57.35
2026-02-27 21:30:05,Sheet1,Canceled,Univariate,Baseline_SMA,0.59166,22.56190,0.35046,40.83
2026-02-27 21:30:05,Sheet1,Canceled,Multivariate,Baseline_SMA,0.59166,22.56190,0.35046,40.83
2026-02-27 21:30:20,Sheet1,Canceled,Univariate,TBATS,0.76846,29.30394,0.70773,23.15
2026-02-27 21:30:21,Sheet1,Canceled,Univariate,Prophet,0.64801,24.71082,0.67947,35.20
2026-02-27 21:30:22,Sheet1,Canceled,Univariate,LightGBM,0.61526,23.46197,0.48726,38.47
2026-02-27 21:30:26,Sheet1,Canceled,Univariate,HistGB,0.68747,26.21561,0.67122,31.25
2026-02-27 21:30:26,Sheet1,Canceled,Univariate,ExpSmoothing,0.61513,23.45678,0.53869,38.49
2026-02-27 21:30:27,Sheet1,Canceled,Univariate,SARIMAX,0.62966,24.01099,0.62534,37.03
2026-02-27 21:30:27,Sheet1,Canceled,Multivariate,LightGBM,0.51077,19.08416,0.57020,48.92
2026-02-27 21:30:34,Sheet1,Canceled,Multivariate,XGBoost,0.61472,22.96812,0.77147,38.53
2026-02-27 21:30:35,Sheet1,Canceled,Multivariate,HistGB,0.46025,17.19677,0.49587,53.97
2026-02-27 21:30:36,Sheet1,Canceled,Multivariate,ExtraTrees,0.41446,15.48576,0.37402,58.55
2026-02-27 21:30:36,Sheet1,Canceled,Multivariate,Ridge,0.44114,16.48273,0.38447,55.89
2026-02-27 21:30:36,Sheet1,Canceled,Multivariate,Huber,0.42654,15.93701,0.45224,57.35
2026-02-27 21:30:38,Sheet1,Canceled,Multivariate,ExtraTrees,0.41446,15.48576,0.37402,58.55
2026-02-27 21:34:16,Sheet1,Canceled,Univariate,Baseline_SMA,0.59166,22.56190,0.35046,40.83
2026-02-27 21:34:16,Sheet1,Canceled,Multivariate,Baseline_SMA,0.59166,22.56190,0.35046,40.83
2026-02-27 21:34:32,Sheet1,Canceled,Univariate,TBATS,0.76846,29.30394,0.70773,23.15
2026-02-27 21:34:32,Sheet1,Canceled,Univariate,Prophet,0.64801,24.71082,0.67947,35.20
2026-02-27 21:34:33,Sheet1,Canceled,Univariate,LightGBM,0.61526,23.46197,0.48726,38.47
2026-02-27 21:34:37,Sheet1,Canceled,Univariate,HistGB,0.68747,26.21561,0.67122,31.25
2026-02-27 21:34:37,Sheet1,Canceled,Univariate,ExpSmoothing,0.61513,23.45678,0.53869,38.49
2026-02-27 21:34:38,Sheet1,Canceled,Univariate,SARIMAX,0.62966,24.01099,0.62534,37.03
2026-02-27 21:34:38,Sheet1,Canceled,Multivariate,LightGBM,0.50743,18.95957,0.56063,49.26
2026-02-27 21:34:56,Sheet1,Canceled,Multivariate,XGBoost,0.53714,20.06945,0.63654,46.29
2026-02-27 21:34:57,Sheet1,Canceled,Multivariate,HistGB,0.44833,16.75126,0.45717,55.17
2026-02-27 21:34:58,Sheet1,Canceled,Multivariate,ExtraTrees,0.40578,15.16141,0.37317,59.42
2026-02-27 21:34:58,Sheet1,Canceled,Multivariate,Ridge,0.44114,16.48273,0.38447,55.89
2026-02-27 21:34:58,Sheet1,Canceled,Multivariate,Huber,0.42654,15.93701,0.45224,57.35
2026-02-27 21:35:02,Sheet1,Canceled,Multivariate,ExtraTrees,0.40578,15.16141,0.37317,59.42
2026-02-27 21:38:39,Sheet1,Canceled,Univariate,Baseline_SMA,0.59166,22.56190,0.35046,40.83
2026-02-27 21:38:39,Sheet1,Canceled,Multivariate,Baseline_SMA,0.59166,22.56190,0.35046,40.83
2026-02-27 21:38:56,Sheet1,Canceled,Univariate,TBATS,0.76846,29.30394,0.70773,23.15
2026-02-27 21:38:56,Sheet1,Canceled,Univariate,Prophet,0.64801,24.71082,0.67947,35.20
2026-02-27 21:38:57,Sheet1,Canceled,Univariate,LightGBM,0.61526,23.46197,0.48726,38.47
2026-02-27 21:39:02,Sheet1,Canceled,Univariate,HistGB,0.68747,26.21561,0.67122,31.25
2026-02-27 21:39:02,Sheet1,Canceled,Univariate,ExpSmoothing,0.61513,23.45678,0.53869,38.49
2026-02-27 21:39:03,Sheet1,Canceled,Univariate,SARIMAX,0.62966,24.01099,0.62534,37.03
2026-02-27 21:39:03,Sheet1,Canceled,Multivariate,LightGBM,0.44923,16.78471,0.46589,55.08
2026-02-27 21:39:06,Sheet1,Canceled,Multivariate,XGBoost,0.44802,16.73952,0.50545,55.20
2026-02-27 21:39:07,Sheet1,Canceled,Multivariate,HistGB,0.48965,18.29526,0.49322,51.03
2026-02-27 21:39:08,Sheet1,Canceled,Multivariate,ExtraTrees,0.43200,16.14108,0.40183,56.80
2026-02-27 21:39:08,Sheet1,Canceled,Multivariate,Ridge,0.45864,17.13657,0.38660,54.14
2026-02-27 21:39:08,Sheet1,Canceled,Multivariate,Huber,0.45887,17.14505,0.44544,54.11
2026-02-27 21:39:11,Sheet1,Canceled,Multivariate,ExtraTrees,0.43200,16.14108,0.40183,56.80
2026-02-27 21:52:29,Sheet1,Canceled,Univariate,Baseline_SMA,0.59166,22.56190,0.35046,40.83
2026-02-27 21:52:29,Sheet1,Canceled,Multivariate,Baseline_SMA,0.59166,22.56190,0.35046,40.83
2026-02-27 21:52:45,Sheet1,Canceled,Univariate,TBATS,0.76846,29.30394,0.70773,23.15
2026-02-27 21:52:45,Sheet1,Canceled,Univariate,Prophet,0.64801,24.71082,0.67947,35.20
2026-02-27 21:52:46,Sheet1,Canceled,Univariate,LightGBM,0.61526,23.46197,0.48726,38.47
2026-02-27 21:52:50,Sheet1,Canceled,Univariate,HistGB,0.68747,26.21561,0.67122,31.25
2026-02-27 21:52:50,Sheet1,Canceled,Univariate,ExpSmoothing,0.61513,23.45678,0.53869,38.49
2026-02-27 21:52:51,Sheet1,Canceled,Univariate,SARIMAX,0.62966,24.01099,0.62534,37.03
2026-02-27 21:52:51,Sheet1,Canceled,Multivariate,LightGBM,0.55394,20.69737,0.56159,44.61
2026-02-27 21:52:53,Sheet1,Canceled,Multivariate,XGBoost,0.46527,17.38422,0.55455,53.47
2026-02-27 21:52:54,Sheet1,Canceled,Multivariate,HistGB,0.47415,17.71582,0.46432,52.59
2026-02-27 21:52:54,Sheet1,Canceled,Multivariate,ExtraTrees,0.43814,16.37052,0.40933,56.19
2026-02-27 21:52:54,Sheet1,Canceled,Multivariate,Ridge,0.44706,16.70362,0.37256,55.29
2026-02-27 21:52:54,Sheet1,Canceled,Multivariate,Huber,0.43660,16.31282,0.42622,56.34
2026-02-27 21:52:56,Sheet1,Canceled,Multivariate,Huber,0.43660,16.31282,0.42622,56.34
2026-02-27 21:55:40,Sheet1,Canceled,Univariate,Baseline_SMA,0.59166,22.56190,0.35046,40.83
2026-02-27 21:55:40,Sheet1,Canceled,Multivariate,Baseline_SMA,0.59166,22.56190,0.35046,40.83
2026-02-27 21:55:53,Sheet1,Canceled,Univariate,TBATS,0.76846,29.30394,0.70773,23.15
2026-02-27 21:55:54,Sheet1,Canceled,Univariate,Prophet,0.64801,24.71082,0.67947,35.20
2026-02-27 21:55:54,Sheet1,Canceled,Univariate,LightGBM,0.61526,23.46197,0.48726,38.47
2026-02-27 21:55:58,Sheet1,Canceled,Univariate,HistGB,0.68747,26.21561,0.67122,31.25
2026-02-27 21:55:58,Sheet1,Canceled,Univariate,ExpSmoothing,0.61513,23.45678,0.53869,38.49
2026-02-27 21:55:58,Sheet1,Canceled,Univariate,SARIMAX,0.62966,24.01099,0.62534,37.03
2026-02-27 21:55:59,Sheet1,Canceled,Multivariate,LightGBM,0.50361,18.81656,0.55916,49.64
2026-02-27 21:56:00,Sheet1,Canceled,Multivariate,XGBoost,0.45718,17.08187,0.56707,54.28
2026-02-27 21:56:02,Sheet1,Canceled,Multivariate,HistGB,0.52927,19.77563,0.60948,47.07
2026-02-27 21:56:02,Sheet1,Canceled,Multivariate,ExtraTrees,0.41959,15.67731,0.38488,58.04
2026-02-27 21:56:02,Sheet1,Canceled,Multivariate,Ridge,0.44114,16.48273,0.38447,55.89
2026-02-27 21:56:02,Sheet1,Canceled,Multivariate,Huber,0.42654,15.93701,0.45224,57.35
2026-02-27 21:56:06,Sheet1,Canceled,Multivariate,ExtraTrees,0.41959,15.67731,0.38488,58.04
2026-02-27 21:58:23,Sheet1,Canceled,Univariate,Baseline_SMA,0.67707,19.36429,0.45687,32.29
2026-02-27 21:58:23,Sheet1,Canceled,Multivariate,Baseline_SMA,0.67707,19.36429,0.45687,32.29
2026-02-27 21:58:39,Sheet1,Canceled,Univariate,TBATS,1.20641,34.50338,1.10003,-20.64
2026-02-27 21:58:39,Sheet1,Canceled,Univariate,Prophet,0.88737,25.37875,1.32264,11.26
2026-02-27 21:58:41,Sheet1,Canceled,Univariate,LightGBM,0.72732,20.80147,0.75019,27.27
2026-02-27 21:58:44,Sheet1,Canceled,Univariate,HistGB,0.85566,24.47177,0.94648,14.43
2026-02-27 21:58:44,Sheet1,Canceled,Univariate,ExpSmoothing,0.78522,22.45737,1.10890,21.48
2026-02-27 21:58:45,Sheet1,Canceled,Univariate,SARIMAX,0.74487,21.30341,1.01041,25.51
2026-02-27 21:58:46,Sheet1,Canceled,Multivariate,LightGBM,0.59839,18.20486,0.80015,40.16
2026-02-27 21:58:52,Sheet1,Canceled,Multivariate,XGBoost,0.61136,18.59959,0.79444,38.86
2026-02-27 21:58:53,Sheet1,Canceled,Multivariate,HistGB,0.56484,17.18426,0.70307,43.52
2026-02-27 21:58:53,Sheet1,Canceled,Multivariate,ExtraTrees,0.61156,18.60558,0.78086,38.84
2026-02-27 21:58:54,Sheet1,Canceled,Multivariate,Ridge,0.89937,27.36166,1.45036,10.06
2026-02-27 21:58:54,Sheet1,Canceled,Multivariate,Huber,0.97139,29.55276,1.54731,2.86
2026-02-27 21:58:57,Sheet1,Canceled,Multivariate,HistGB,0.56484,17.18426,0.70307,43.52
2026-02-27 22:48:46,Sheet1,sum of units,Univariate,Baseline_SMA,0.24251,61.71905,0.31142,75.75
2026-02-27 22:48:46,Sheet1,sum of units,Multivariate,Baseline_SMA,0.24251,61.71905,0.31142,75.75
2026-02-27 22:48:48,Sheet1,sum of units,Univariate,Prophet,0.24082,61.28907,0.30016,75.92
2026-02-27 22:48:50,Sheet1,sum of units,Univariate,LightGBM,0.26589,67.66787,0.27702,73.41
2026-02-27 22:48:54,Sheet1,sum of units,Univariate,HistGB,0.28038,71.35688,0.29351,71.96
2026-02-27 22:48:54,Sheet1,sum of units,Univariate,ExpSmoothing,0.27657,70.38704,0.37578,72.34
2026-02-27 22:48:55,Sheet1,sum of units,Univariate,SARIMAX,0.25190,64.10885,0.32348,74.81
2026-02-27 22:48:56,Sheet1,sum of units,Multivariate,LightGBM,0.26533,67.13722,0.33216,73.47
2026-02-27 22:48:56,Sheet1,sum of units,Multivariate,XGBoost,0.23568,59.63485,0.28652,76.43
2026-02-27 22:48:58,Sheet1,sum of units,Multivariate,HistGB,0.24253,61.36949,0.30260,75.75
2026-02-27 22:48:58,Sheet1,sum of units,Multivariate,ExtraTrees,0.22163,56.07911,0.26953,77.84
2026-02-27 22:48:58,Sheet1,sum of units,Multivariate,Ridge,0.25242,63.87124,0.31069,74.76
2026-02-27 22:49:02,Sheet1,sum of units,Multivariate,Huber,0.25989,65.76173,0.30435,74.01
2026-02-27 22:49:05,Sheet1,sum of units,Multivariate,ExtraTrees,0.22163,56.07911,0.26953,77.84
2026-03-02 11:38:41,Sheet1,Canceled,Univariate,Baseline_SMA,0.59166,22.56190,0.35046,40.83
2026-03-02 11:38:41,Sheet1,Canceled,Multivariate,Baseline_SMA,0.59166,22.56190,0.35046,40.83
2026-03-02 11:38:51,Sheet1,Canceled,Univariate,TBATS,0.76846,29.30394,0.70773,23.15
2026-03-02 11:38:51,Sheet1,Canceled,Univariate,Prophet,0.64801,24.71082,0.67947,35.20
2026-03-02 11:38:52,Sheet1,Canceled,Univariate,LightGBM,0.61526,23.46197,0.48726,38.47
2026-03-02 11:38:57,Sheet1,Canceled,Univariate,HistGB,0.68747,26.21561,0.67122,31.25
2026-03-02 11:38:57,Sheet1,Canceled,Univariate,ExpSmoothing,0.61513,23.45678,0.53869,38.49
2026-03-02 11:38:57,Sheet1,Canceled,Univariate,SARIMAX,0.62966,24.01099,0.62534,37.03
2026-03-02 11:38:58,Sheet1,Canceled,Multivariate,LightGBM,0.50255,18.77726,0.50861,49.74
2026-03-02 11:39:26,Sheet1,Canceled,Multivariate,XGBoost,0.46109,17.22802,0.57793,53.89
2026-03-02 11:39:27,Sheet1,Canceled,Multivariate,HistGB,0.50667,18.93090,0.52264,49.33
2026-03-02 11:39:28,Sheet1,Canceled,Multivariate,ExtraTrees,0.44809,16.74221,0.42564,55.19
2026-03-02 11:39:28,Sheet1,Canceled,Multivariate,Ridge,0.44706,16.70362,0.37256,55.29
2026-03-02 11:39:28,Sheet1,Canceled,Multivariate,Huber,0.43660,16.31282,0.42622,56.34
2026-03-02 11:39:29,Sheet1,Canceled,Multivariate,Huber,0.43660,16.31282,0.42622,56.34
2026-03-02 11:44:51,Sheet1,Canceled,Univariate,Baseline_SMA,0.59166,22.56190,0.35046,40.83
2026-03-02 11:44:51,Sheet1,Canceled,Multivariate,Baseline_SMA,0.59166,22.56190,0.35046,40.83
2026-03-02 11:45:02,Sheet1,Canceled,Univariate,TBATS,0.76846,29.30394,0.70773,23.15
2026-03-02 11:45:02,Sheet1,Canceled,Univariate,Prophet,0.64801,24.71082,0.67947,35.20
2026-03-02 11:45:03,Sheet1,Canceled,Univariate,LightGBM,0.61526,23.46197,0.48726,38.47
2026-03-02 11:45:07,Sheet1,Canceled,Univariate,HistGB,0.68747,26.21561,0.67122,31.25
2026-03-02 11:45:07,Sheet1,Canceled,Univariate,ExpSmoothing,0.61513,23.45678,0.53869,38.49
2026-03-02 11:45:08,Sheet1,Canceled,Univariate,SARIMAX,0.62966,24.01099,0.62534,37.03
2026-03-02 11:45:08,Sheet1,Canceled,Multivariate,LightGBM,0.47669,17.81103,0.46812,52.33
2026-03-02 11:45:17,Sheet1,Canceled,Multivariate,XGBoost,0.50526,18.87820,0.68335,49.47
2026-03-02 11:45:18,Sheet1,Canceled,Multivariate,HistGB,0.47598,17.78440,0.45170,52.40
2026-03-02 11:45:18,Sheet1,Canceled,Multivariate,ExtraTrees,0.42948,16.04705,0.39617,57.05
2026-03-02 11:45:18,Sheet1,Canceled,Multivariate,Ridge,0.44706,16.70362,0.37256,55.29
2026-03-02 11:45:18,Sheet1,Canceled,Multivariate,Huber,0.43660,16.31282,0.42622,56.34
2026-03-02 11:45:21,Sheet1,Canceled,Multivariate,ExtraTrees,0.42948,16.04705,0.39617,57.05
2026-03-02 11:58:45,Sheet1,Canceled,Univariate,Baseline_SMA,0.59166,22.56190,0.35046,40.83
2026-03-02 11:58:45,Sheet1,Canceled,Multivariate,Baseline_SMA,0.59166,22.56190,0.35046,40.83
2026-03-02 11:58:55,Sheet1,Canceled,Univariate,TBATS,0.76846,29.30394,0.70773,23.15
2026-03-02 11:58:56,Sheet1,Canceled,Univariate,Prophet,0.64801,24.71082,0.67947,35.20
2026-03-02 11:58:56,Sheet1,Canceled,Univariate,LightGBM,0.61526,23.46197,0.48726,38.47
2026-03-02 11:59:01,Sheet1,Canceled,Univariate,HistGB,0.68747,26.21561,0.67122,31.25
2026-03-02 11:59:01,Sheet1,Canceled,Univariate,ExpSmoothing,0.61513,23.45678,0.53869,38.49
2026-03-02 11:59:02,Sheet1,Canceled,Univariate,SARIMAX,0.62966,24.01099,0.62534,37.03
2026-03-02 11:59:02,Sheet1,Canceled,Multivariate,LightGBM,0.47682,17.81588,0.45663,52.32
2026-03-02 11:59:22,Sheet1,Canceled,Multivariate,XGBoost,0.51418,19.21156,0.58346,48.58
2026-03-02 11:59:23,Sheet1,Canceled,Multivariate,HistGB,0.52714,19.69574,0.53209,47.29
2026-03-02 11:59:23,Sheet1,Canceled,Multivariate,ExtraTrees,0.42453,15.86207,0.37597,57.55
2026-03-02 11:59:23,Sheet1,Canceled,Multivariate,Ridge,0.44706,16.70362,0.37256,55.29
2026-03-02 11:59:23,Sheet1,Canceled,Multivariate,Huber,0.43660,16.31282,0.42622,56.34
2026-03-02 11:59:27,Sheet1,Canceled,Multivariate,ExtraTrees,0.42453,15.86207,0.37597,57.55
2026-03-02 12:02:26,Sheet1,Canceled,Univariate,Baseline_SMA,0.59166,22.56190,0.35046,40.83
2026-03-02 12:02:26,Sheet1,Canceled,Multivariate,Baseline_SMA,0.59166,22.56190,0.35046,40.83
2026-03-02 12:02:36,Sheet1,Canceled,Univariate,TBATS,0.76846,29.30394,0.70773,23.15
2026-03-02 12:02:36,Sheet1,Canceled,Univariate,Prophet,0.64801,24.71082,0.67947,35.20
2026-03-02 12:02:37,Sheet1,Canceled,Univariate,LightGBM,0.61526,23.46197,0.48726,38.47
2026-03-02 12:02:42,Sheet1,Canceled,Univariate,HistGB,0.68747,26.21561,0.67122,31.25
2026-03-02 12:02:42,Sheet1,Canceled,Univariate,ExpSmoothing,0.61513,23.45678,0.53869,38.49
2026-03-02 12:02:43,Sheet1,Canceled,Univariate,SARIMAX,0.62966,24.01099,0.62534,37.03
2026-03-02 12:02:43,Sheet1,Canceled,Multivariate,LightGBM,0.49404,18.45906,0.52990,50.60
2026-03-02 12:02:59,Sheet1,Canceled,Multivariate,XGBoost,0.63247,23.63144,0.76920,36.75
2026-03-02 12:03:01,Sheet1,Canceled,Multivariate,HistGB,0.47361,17.69593,0.50226,52.64
2026-03-02 12:03:01,Sheet1,Canceled,Multivariate,ExtraTrees,0.41827,15.62790,0.40381,58.17
2026-03-02 12:03:01,Sheet1,Canceled,Multivariate,Ridge,0.44114,16.48273,0.38447,55.89
2026-03-02 12:03:01,Sheet1,Canceled,Multivariate,Huber,0.42654,15.93701,0.45224,57.35
2026-03-02 12:03:05,Sheet1,Canceled,Multivariate,ExtraTrees,0.41827,15.62790,0.40381,58.17
2026-03-02 12:04:42,Sheet1,Canceled,Univariate,Baseline_SMA,0.59166,22.56190,0.35046,40.83
2026-03-02 12:04:42,Sheet1,Canceled,Multivariate,Baseline_SMA,0.59166,22.56190,0.35046,40.83
2026-03-02 12:04:52,Sheet1,Canceled,Univariate,TBATS,0.76846,29.30394,0.70773,23.15
2026-03-02 12:04:53,Sheet1,Canceled,Univariate,Prophet,0.64801,24.71082,0.67947,35.20
2026-03-02 12:04:54,Sheet1,Canceled,Univariate,LightGBM,0.61526,23.46197,0.48726,38.47
2026-03-02 12:04:59,Sheet1,Canceled,Univariate,HistGB,0.68747,26.21561,0.67122,31.25
2026-03-02 12:04:59,Sheet1,Canceled,Univariate,ExpSmoothing,0.61513,23.45678,0.53869,38.49
2026-03-02 12:04:59,Sheet1,Canceled,Univariate,SARIMAX,0.62966,24.01099,0.62534,37.03
2026-03-02 12:05:00,Sheet1,Canceled,Multivariate,LightGBM,0.51552,19.26160,0.50708,48.45
2026-03-02 12:05:04,Sheet1,Canceled,Multivariate,XGBoost,0.51770,19.34300,0.68541,48.23
2026-03-02 12:05:05,Sheet1,Canceled,Multivariate,HistGB,0.47293,17.67026,0.46022,52.71
2026-03-02 12:05:05,Sheet1,Canceled,Multivariate,ExtraTrees,0.42671,15.94357,0.38518,57.33
2026-03-02 12:05:05,Sheet1,Canceled,Multivariate,Ridge,0.44706,16.70362,0.37256,55.29
2026-03-02 12:05:06,Sheet1,Canceled,Multivariate,Huber,0.43660,16.31282,0.42622,56.34
2026-03-02 12:05:09,Sheet1,Canceled,Multivariate,ExtraTrees,0.42671,15.94357,0.38518,57.33
2026-03-02 12:11:48,Sheet1,Canceled,Univariate,Baseline_SMA,0.59166,22.56190,0.35046,40.83
2026-03-02 12:11:48,Sheet1,Canceled,Multivariate,Baseline_SMA,0.59166,22.56190,0.35046,40.83
2026-03-02 12:11:58,Sheet1,Canceled,Univariate,TBATS,0.76846,29.30394,0.70773,23.15
2026-03-02 12:11:58,Sheet1,Canceled,Univariate,Prophet,0.64801,24.71082,0.67947,35.20
2026-03-02 12:11:59,Sheet1,Canceled,Univariate,LightGBM,0.61526,23.46197,0.48726,38.47
2026-03-02 12:12:04,Sheet1,Canceled,Univariate,HistGB,0.68747,26.21561,0.67122,31.25
2026-03-02 12:12:04,Sheet1,Canceled,Univariate,ExpSmoothing,0.61513,23.45678,0.53869,38.49
2026-03-02 12:12:04,Sheet1,Canceled,Univariate,SARIMAX,0.62966,24.01099,0.62534,37.03
2026-03-02 12:12:05,Sheet1,Canceled,Multivariate,LightGBM,0.52644,19.66973,0.58994,47.36
2026-03-02 12:12:18,Sheet1,Canceled,Multivariate,XGBoost,0.49905,18.64623,0.64732,50.10
2026-03-02 12:12:19,Sheet1,Canceled,Multivariate,HistGB,0.52293,19.53873,0.55403,47.71
2026-03-02 12:12:19,Sheet1,Canceled,Multivariate,ExtraTrees,0.44025,16.44944,0.42243,55.97
2026-03-02 12:12:20,Sheet1,Canceled,Multivariate,Ridge,0.44114,16.48273,0.38447,55.89
2026-03-02 12:12:20,Sheet1,Canceled,Multivariate,Huber,0.42654,15.93701,0.45224,57.35
2026-03-02 12:12:21,Sheet1,Canceled,Multivariate,Huber,0.42654,15.93701,0.45224,57.35
2026-03-02 12:15:47,Sheet1,Canceled,Univariate,Baseline_SMA,0.59166,22.56190,0.35046,40.83
2026-03-02 12:15:47,Sheet1,Canceled,Multivariate,Baseline_SMA,0.59166,22.56190,0.35046,40.83
2026-03-02 12:15:57,Sheet1,Canceled,Univariate,TBATS,0.76846,29.30394,0.70773,23.15
2026-03-02 12:15:57,Sheet1,Canceled,Univariate,Prophet,0.64801,24.71082,0.67947,35.20
2026-03-02 12:15:58,Sheet1,Canceled,Univariate,LightGBM,0.61526,23.46197,0.48726,38.47
2026-03-02 12:16:03,Sheet1,Canceled,Univariate,HistGB,0.68747,26.21561,0.67122,31.25
2026-03-02 12:16:03,Sheet1,Canceled,Univariate,ExpSmoothing,0.61513,23.45678,0.53869,38.49
2026-03-02 12:16:04,Sheet1,Canceled,Univariate,SARIMAX,0.62966,24.01099,0.62534,37.03
2026-03-02 12:16:04,Sheet1,Canceled,Multivariate,LightGBM,0.52827,19.73802,0.60143,47.17
2026-03-02 12:16:25,Sheet1,Canceled,Multivariate,XGBoost,0.69056,25.80168,0.90566,30.94
2026-03-02 12:16:26,Sheet1,Canceled,Multivariate,HistGB,0.45405,16.96493,0.49327,54.60
2026-03-02 12:16:26,Sheet1,Canceled,Multivariate,ExtraTrees,0.42104,15.73171,0.39375,57.90
2026-03-02 12:16:26,Sheet1,Canceled,Multivariate,Ridge,0.44114,16.48273,0.38447,55.89
2026-03-02 12:16:27,Sheet1,Canceled,Multivariate,Huber,0.42654,15.93701,0.45224,57.35
2026-03-02 12:16:30,Sheet1,Canceled,Multivariate,ExtraTrees,0.42104,15.73171,0.39375,57.90
2026-03-02 12:19:32,Sheet1,Canceled,Univariate,Baseline_SMA,0.59166,22.56190,0.35046,40.83
2026-03-02 12:19:32,Sheet1,Canceled,Multivariate,Baseline_SMA,0.59166,22.56190,0.35046,40.83
2026-03-02 12:19:42,Sheet1,Canceled,Univariate,TBATS,0.76846,29.30394,0.70773,23.15
2026-03-02 12:19:42,Sheet1,Canceled,Univariate,Prophet,0.64801,24.71082,0.67947,35.20
2026-03-02 12:19:43,Sheet1,Canceled,Univariate,LightGBM,0.61526,23.46197,0.48726,38.47
2026-03-02 12:19:48,Sheet1,Canceled,Univariate,HistGB,0.68747,26.21561,0.67122,31.25
2026-03-02 12:19:48,Sheet1,Canceled,Univariate,ExpSmoothing,0.61513,23.45678,0.53869,38.49
2026-03-02 12:19:49,Sheet1,Canceled,Univariate,SARIMAX,0.62966,24.01099,0.62534,37.03
2026-03-02 12:19:49,Sheet1,Canceled,Multivariate,LightGBM,0.54395,20.32391,0.62533,45.61
2026-03-02 12:19:50,Sheet1,Canceled,Multivariate,XGBoost,0.58855,21.99039,0.77795,41.14
2026-03-02 12:19:51,Sheet1,Canceled,Multivariate,HistGB,0.45404,16.96456,0.49809,54.60
2026-03-02 12:19:52,Sheet1,Canceled,Multivariate,ExtraTrees,0.41017,15.32550,0.38264,58.98
2026-03-02 12:19:52,Sheet1,Canceled,Multivariate,Ridge,0.44114,16.48273,0.38447,55.89
2026-03-02 12:19:52,Sheet1,Canceled,Multivariate,Huber,0.42654,15.93701,0.45224,57.35
2026-03-02 12:19:55,Sheet1,Canceled,Multivariate,ExtraTrees,0.41017,15.32550,0.38264,58.98
2026-03-02 12:23:47,Sheet1,Canceled,Univariate,Baseline_SMA,0.59166,22.56190,0.35046,40.83
2026-03-02 12:23:47,Sheet1,Canceled,Multivariate,Baseline_SMA,0.59166,22.56190,0.35046,40.83
2026-03-02 12:23:56,Sheet1,Canceled,Univariate,TBATS,0.76846,29.30394,0.70773,23.15
2026-03-02 12:23:57,Sheet1,Canceled,Univariate,Prophet,0.64801,24.71082,0.67947,35.20
2026-03-02 12:23:58,Sheet1,Canceled,Univariate,LightGBM,0.61526,23.46197,0.48726,38.47
2026-03-02 12:24:02,Sheet1,Canceled,Univariate,HistGB,0.68747,26.21561,0.67122,31.25
2026-03-02 12:24:03,Sheet1,Canceled,Univariate,ExpSmoothing,0.61513,23.45678,0.53869,38.49
2026-03-02 12:24:03,Sheet1,Canceled,Univariate,SARIMAX,0.62966,24.01099,0.62534,37.03
2026-03-02 12:24:03,Sheet1,Canceled,Multivariate,LightGBM,0.54981,20.54289,0.62836,45.02
2026-03-02 12:24:05,Sheet1,Canceled,Multivariate,XGBoost,0.47704,17.82406,0.57723,52.30
2026-03-02 12:24:07,Sheet1,Canceled,Multivariate,HistGB,0.44350,16.57066,0.47432,55.65
2026-03-02 12:24:07,Sheet1,Canceled,Multivariate,ExtraTrees,0.42423,15.85065,0.39744,57.58
2026-03-02 12:24:07,Sheet1,Canceled,Multivariate,Ridge,0.44114,16.48273,0.38447,55.89
2026-03-02 12:24:07,Sheet1,Canceled,Multivariate,Huber,0.42654,15.93701,0.45224,57.35
2026-03-02 12:24:10,Sheet1,Canceled,Multivariate,ExtraTrees,0.42423,15.85065,0.39744,57.58
2026-03-02 12:28:14,Sheet1,Canceled,Univariate,Baseline_SMA,0.59166,22.56190,0.35046,40.83
2026-03-02 12:28:14,Sheet1,Canceled,Multivariate,Baseline_SMA,0.59166,22.56190,0.35046,40.83
2026-03-02 12:28:24,Sheet1,Canceled,Univariate,TBATS,0.76846,29.30394,0.70773,23.15
2026-03-02 12:28:24,Sheet1,Canceled,Univariate,Prophet,0.64801,24.71082,0.67947,35.20
2026-03-02 12:28:25,Sheet1,Canceled,Univariate,LightGBM,0.61526,23.46197,0.48726,38.47
2026-03-02 12:28:30,Sheet1,Canceled,Univariate,HistGB,0.68747,26.21561,0.67122,31.25
2026-03-02 12:28:30,Sheet1,Canceled,Univariate,ExpSmoothing,0.61513,23.45678,0.53869,38.49
2026-03-02 12:28:31,Sheet1,Canceled,Univariate,SARIMAX,0.62966,24.01099,0.62534,37.03
2026-03-02 12:28:31,Sheet1,Canceled,Multivariate,LightGBM,0.46374,17.32706,0.52604,53.63
2026-03-02 12:28:33,Sheet1,Canceled,Multivariate,XGBoost,0.50129,18.73000,0.67777,49.87
2026-03-02 12:28:34,Sheet1,Canceled,Multivariate,HistGB,0.44497,16.62580,0.50103,55.50
2026-03-02 12:28:35,Sheet1,Canceled,Multivariate,ExtraTrees,0.40874,15.27219,0.39333,59.13
2026-03-02 12:28:35,Sheet1,Canceled,Multivariate,Ridge,0.44114,16.48273,0.38447,55.89
2026-03-02 12:28:35,Sheet1,Canceled,Multivariate,Huber,0.42654,15.93701,0.45224,57.35
2026-03-02 12:28:38,Sheet1,Canceled,Multivariate,ExtraTrees,0.40874,15.27219,0.39333,59.13
2026-03-02 12:35:03,Sheet1,Canceled,Univariate,Baseline_SMA,0.59166,22.56190,0.35046,40.83
2026-03-02 12:35:03,Sheet1,Canceled,Multivariate,Baseline_SMA,0.59166,22.56190,0.35046,40.83
2026-03-02 12:35:13,Sheet1,Canceled,Univariate,TBATS,0.76846,29.30394,0.70773,23.15
2026-03-02 12:35:13,Sheet1,Canceled,Univariate,Prophet,0.64801,24.71082,0.67947,35.20
2026-03-02 12:35:14,Sheet1,Canceled,Univariate,LightGBM,0.61526,23.46197,0.48726,38.47
2026-03-02 12:35:18,Sheet1,Canceled,Univariate,HistGB,0.68747,26.21561,0.67122,31.25
2026-03-02 12:35:18,Sheet1,Canceled,Univariate,ExpSmoothing,0.61513,23.45678,0.53869,38.49
2026-03-02 12:35:19,Sheet1,Canceled,Univariate,SARIMAX,0.62966,24.01099,0.62534,37.03
2026-03-02 12:35:19,Sheet1,Canceled,Multivariate,LightGBM,0.48133,17.98426,0.53590,51.87
2026-03-02 12:35:29,Sheet1,Canceled,Multivariate,XGBoost,0.68068,25.43284,0.89735,31.93
2026-03-02 12:35:31,Sheet1,Canceled,Multivariate,HistGB,0.47143,17.61447,0.51066,52.86
2026-03-02 12:35:31,Sheet1,Canceled,Multivariate,ExtraTrees,0.41085,15.35084,0.37994,58.92
2026-03-02 12:35:31,Sheet1,Canceled,Multivariate,Ridge,0.44114,16.48273,0.38447,55.89
2026-03-02 12:35:31,Sheet1,Canceled,Multivariate,Huber,0.42654,15.93701,0.45224,57.35
2026-03-02 12:35:34,Sheet1,Canceled,Multivariate,ExtraTrees,0.41085,15.35084,0.37994,58.92
2026-03-02 12:37:32,Sheet1,Canceled,Univariate,Baseline_SMA,0.59166,22.56190,0.35046,40.83
2026-03-02 12:37:32,Sheet1,Canceled,Multivariate,Baseline_SMA,0.59166,22.56190,0.35046,40.83
2026-03-02 12:37:41,Sheet1,Canceled,Univariate,TBATS,0.76846,29.30394,0.70773,23.15
2026-03-02 12:37:41,Sheet1,Canceled,Univariate,Prophet,0.64801,24.71082,0.67947,35.20
2026-03-02 12:37:42,Sheet1,Canceled,Univariate,LightGBM,0.61526,23.46197,0.48726,38.47
2026-03-02 12:37:47,Sheet1,Canceled,Univariate,HistGB,0.68747,26.21561,0.67122,31.25
2026-03-02 12:37:47,Sheet1,Canceled,Univariate,ExpSmoothing,0.61513,23.45678,0.53869,38.49
2026-03-02 12:37:47,Sheet1,Canceled,Univariate,SARIMAX,0.62966,24.01099,0.62534,37.03
2026-03-02 12:37:48,Sheet1,Canceled,Multivariate,LightGBM,0.49941,18.65979,0.54895,50.06
2026-03-02 12:37:49,Sheet1,Canceled,Multivariate,XGBoost,0.55870,20.87494,0.63844,44.13
2026-03-02 12:37:50,Sheet1,Canceled,Multivariate,HistGB,0.46061,17.21019,0.48305,53.94
2026-03-02 12:37:50,Sheet1,Canceled,Multivariate,ExtraTrees,0.40600,15.16947,0.39008,59.40
2026-03-02 12:37:50,Sheet1,Canceled,Multivariate,Ridge,0.44114,16.48273,0.38447,55.89
2026-03-02 12:37:51,Sheet1,Canceled,Multivariate,Huber,0.42654,15.93701,0.45224,57.35
2026-03-02 12:37:54,Sheet1,Canceled,Multivariate,ExtraTrees,0.40600,15.16947,0.39008,59.40
2026-03-02 12:42:05,Sheet1,Canceled,Univariate,Baseline_SMA,0.59166,22.56190,0.35046,40.83
2026-03-02 12:42:05,Sheet1,Canceled,Multivariate,Baseline_SMA,0.59166,22.56190,0.35046,40.83
2026-03-02 12:42:15,Sheet1,Canceled,Univariate,TBATS,0.76846,29.30394,0.70773,23.15
2026-03-02 12:42:15,Sheet1,Canceled,Univariate,Prophet,0.64801,24.71082,0.67947,35.20
2026-03-02 12:42:16,Sheet1,Canceled,Univariate,LightGBM,0.61526,23.46197,0.48726,38.47
2026-03-02 12:42:21,Sheet1,Canceled,Univariate,HistGB,0.68747,26.21561,0.67122,31.25
2026-03-02 12:42:21,Sheet1,Canceled,Univariate,ExpSmoothing,0.61513,23.45678,0.53869,38.49
2026-03-02 12:42:22,Sheet1,Canceled,Univariate,SARIMAX,0.62966,24.01099,0.62534,37.03
2026-03-02 12:42:22,Sheet1,Canceled,Multivariate,LightGBM,0.48802,18.23427,0.51387,51.20
2026-03-02 12:42:33,Sheet1,Canceled,Multivariate,XGBoost,0.49061,18.33092,0.56235,50.94
2026-03-02 12:42:35,Sheet1,Canceled,Multivariate,HistGB,0.50151,18.73819,0.52672,49.85
2026-03-02 12:42:35,Sheet1,Canceled,Multivariate,ExtraTrees,0.44419,16.59658,0.40393,55.58
2026-03-02 12:42:35,Sheet1,Canceled,Multivariate,Ridge,0.45864,17.13657,0.38660,54.14
2026-03-02 12:42:35,Sheet1,Canceled,Multivariate,Huber,0.45887,17.14505,0.44544,54.11
2026-03-02 12:42:39,Sheet1,Canceled,Multivariate,ExtraTrees,0.44419,16.59658,0.40393,55.58
2026-03-02 12:48:03,Sheet1,Canceled,Univariate,Baseline_SMA,0.59166,22.56190,0.35046,40.83
2026-03-02 12:48:03,Sheet1,Canceled,Multivariate,Baseline_SMA,0.59166,22.56190,0.35046,40.83
2026-03-02 12:48:21,Sheet1,Canceled,Univariate,TBATS,0.76846,29.30394,0.70773,23.15
2026-03-02 12:48:21,Sheet1,Canceled,Univariate,Prophet,0.64801,24.71082,0.67947,35.20
2026-03-02 12:48:22,Sheet1,Canceled,Univariate,LightGBM,0.61526,23.46197,0.48726,38.47
2026-03-02 12:48:29,Sheet1,Canceled,Univariate,HistGB,0.68747,26.21561,0.67122,31.25
2026-03-02 12:48:29,Sheet1,Canceled,Univariate,ExpSmoothing,0.61513,23.45678,0.53869,38.49
2026-03-02 12:48:29,Sheet1,Canceled,Univariate,SARIMAX,0.62966,24.01099,0.62534,37.03
2026-03-02 12:48:30,Sheet1,Canceled,Multivariate,LightGBM,0.49004,18.30973,0.52605,51.00
2026-03-02 12:48:32,Sheet1,Canceled,Multivariate,XGBoost,0.44856,16.75972,0.56959,55.14
2026-03-02 12:48:32,Sheet1,Canceled,Multivariate,HistGB,0.46445,17.35368,0.48583,53.55
2026-03-02 12:48:33,Sheet1,Canceled,Multivariate,ExtraTrees,0.43519,16.26023,0.41890,56.48
2026-03-02 12:48:33,Sheet1,Canceled,Multivariate,Ridge,0.44114,16.48273,0.38447,55.89
2026-03-02 12:48:33,Sheet1,Canceled,Multivariate,Huber,0.42654,15.93701,0.45224,57.35
2026-03-02 12:48:33,Sheet1,Canceled,Multivariate,Huber,0.42654,15.93701,0.45224,57.35
2026-03-02 12:48:44,Sheet1,Canceled,Univariate,Baseline_SMA,0.59166,22.56190,0.35046,40.83
2026-03-02 12:48:44,Sheet1,Canceled,Multivariate,Baseline_SMA,0.59166,22.56190,0.35046,40.83
2026-03-02 12:48:58,Sheet1,Canceled,Univariate,TBATS,0.76846,29.30394,0.70773,23.15
2026-03-02 12:48:58,Sheet1,Canceled,Univariate,Prophet,0.64801,24.71082,0.67947,35.20
2026-03-02 12:49:00,Sheet1,Canceled,Univariate,LightGBM,0.61526,23.46197,0.48726,38.47
2026-03-02 12:49:03,Sheet1,Canceled,Univariate,HistGB,0.68747,26.21561,0.67122,31.25
2026-03-02 12:49:04,Sheet1,Canceled,Univariate,ExpSmoothing,0.61513,23.45678,0.53869,38.49
2026-03-02 12:49:04,Sheet1,Canceled,Univariate,SARIMAX,0.62966,24.01099,0.62534,37.03
2026-03-02 12:49:04,Sheet1,Canceled,Multivariate,LightGBM,0.49004,18.30973,0.52605,51.00
2026-03-02 12:49:04,Sheet1,Canceled,Multivariate,XGBoost,0.44856,16.75972,0.56959,55.14
2026-03-02 12:49:06,Sheet1,Canceled,Multivariate,HistGB,0.46445,17.35368,0.48583,53.55
2026-03-02 12:49:06,Sheet1,Canceled,Multivariate,ExtraTrees,0.43519,16.26023,0.41890,56.48
2026-03-02 12:49:06,Sheet1,Canceled,Multivariate,Ridge,0.44114,16.48273,0.38447,55.89
2026-03-02 12:49:06,Sheet1,Canceled,Multivariate,Huber,0.42654,15.93701,0.45224,57.35
2026-03-02 12:49:07,Sheet1,Canceled,Multivariate,Huber,0.42654,15.93701,0.45224,57.35
2026-03-02 12:56:34,Sheet1,Canceled,Univariate,Baseline_SMA,0.59166,22.56190,0.35046,40.83
2026-03-02 12:56:34,Sheet1,Canceled,Multivariate,Baseline_SMA,0.59166,22.56190,0.35046,40.83
2026-03-02 12:56:50,Sheet1,Canceled,Univariate,TBATS,0.76846,29.30394,0.70773,23.15
2026-03-02 12:56:50,Sheet1,Canceled,Univariate,Prophet,0.64801,24.71082,0.67947,35.20
2026-03-02 12:56:51,Sheet1,Canceled,Univariate,LightGBM,0.61526,23.46197,0.48726,38.47
2026-03-02 12:56:57,Sheet1,Canceled,Univariate,HistGB,0.68747,26.21561,0.67122,31.25
2026-03-02 12:56:57,Sheet1,Canceled,Univariate,ExpSmoothing,0.61513,23.45678,0.53869,38.49
2026-03-02 12:56:58,Sheet1,Canceled,Univariate,SARIMAX,0.62966,24.01099,0.62534,37.03
2026-03-02 12:56:58,Sheet1,Canceled,Multivariate,LightGBM,0.53613,20.03187,0.59724,46.39
2026-03-02 12:57:24,Sheet1,Canceled,Multivariate,XGBoost,0.60236,22.50619,0.69887,39.76
2026-03-02 12:57:25,Sheet1,Canceled,Multivariate,HistGB,0.50361,18.81655,0.53785,49.64
2026-03-02 12:57:25,Sheet1,Canceled,Multivariate,ExtraTrees,0.43694,16.32561,0.42750,56.31
2026-03-02 12:57:25,Sheet1,Canceled,Multivariate,Ridge,0.44114,16.48273,0.38447,55.89
2026-03-02 12:57:25,Sheet1,Canceled,Multivariate,Huber,0.42654,15.93701,0.45224,57.35
2026-03-02 12:57:27,Sheet1,Canceled,Multivariate,Huber,0.42654,15.93701,0.45224,57.35
2026-03-02 13:10:31,Sheet1,sum of units,Univariate,Baseline_SMA,0.24251,61.71905,0.31142,75.75
2026-03-02 13:10:31,Sheet1,sum of units,Multivariate,Baseline_SMA,0.24251,61.71905,0.31142,75.75
2026-03-02 13:10:37,Sheet1,sum of units,Univariate,Prophet,0.24082,61.28907,0.30016,75.92
2026-03-02 13:11:15,Sheet1,sum of units,Univariate,LightGBM,0.26589,67.66787,0.27702,73.41
2026-03-02 13:11:25,Sheet1,sum of units,Univariate,HistGB,0.28038,71.35688,0.29351,71.96
2026-03-02 13:11:26,Sheet1,sum of units,Univariate,ExpSmoothing,0.27657,70.38704,0.37578,72.34
2026-03-02 13:11:29,Sheet1,sum of units,Univariate,SARIMAX,0.25190,64.10885,0.32348,74.81
2026-03-02 13:11:31,Sheet1,sum of units,Multivariate,LightGBM,0.26619,67.35639,0.32623,73.38
2026-03-02 13:13:37,Sheet1,sum of units,Multivariate,XGBoost,0.22621,57.23946,0.27685,77.38
2026-03-02 13:13:59,Sheet1,sum of units,Multivariate,HistGB,0.25129,63.58521,0.31571,74.87
2026-03-02 13:13:59,Sheet1,sum of units,Multivariate,ExtraTrees,0.20674,52.31278,0.25774,79.33
2026-03-02 13:13:59,Sheet1,sum of units,Multivariate,Ridge,0.25448,64.39131,0.31401,74.55
2026-03-02 13:14:04,Sheet1,sum of units,Multivariate,Huber,0.26072,65.97210,0.30598,73.93
2026-03-02 13:14:09,Sheet1,sum of units,Multivariate,ExtraTrees,0.20674,52.31278,0.25774,79.33
2026-03-02 21:51:59,Sheet1,Canceled,Univariate,Baseline_SMA,0.59166,22.56190,0.35046,40.83
2026-03-02 21:51:59,Sheet1,Canceled,Multivariate,Baseline_SMA,0.59166,22.56190,0.35046,40.83
2026-03-02 21:52:08,Sheet1,Canceled,Univariate,TBATS,0.76846,29.30394,0.70773,23.15
2026-03-02 21:52:08,Sheet1,Canceled,Univariate,Prophet,0.64801,24.71082,0.67947,35.20
2026-03-02 21:52:09,Sheet1,Canceled,Univariate,LightGBM,0.61526,23.46197,0.48726,38.47
2026-03-02 21:52:14,Sheet1,Canceled,Univariate,HistGB,0.68747,26.21561,0.67122,31.25
2026-03-02 21:52:14,Sheet1,Canceled,Univariate,ExpSmoothing,0.61513,23.45678,0.53869,38.49
2026-03-02 21:52:14,Sheet1,Canceled,Univariate,SARIMAX,0.62966,24.01099,0.62534,37.03
2026-03-02 21:52:14,Sheet1,Canceled,Multivariate,LightGBM,0.53532,20.00137,0.62427,46.47
2026-03-02 21:52:16,Sheet1,Canceled,Multivariate,XGBoost,0.49132,18.35752,0.61959,50.87
2026-03-02 21:52:17,Sheet1,Canceled,Multivariate,HistGB,0.48925,18.28028,0.53857,51.07
2026-03-02 21:52:17,Sheet1,Canceled,Multivariate,ExtraTrees,0.42307,15.80727,0.40027,57.69
2026-03-02 21:52:17,Sheet1,Canceled,Multivariate,Ridge,0.44114,16.48273,0.38447,55.89
2026-03-02 21:52:17,Sheet1,Canceled,Multivariate,Huber,0.42654,15.93701,0.45224,57.35
2026-03-02 21:52:21,Sheet1,Canceled,Multivariate,ExtraTrees,0.42307,15.80727,0.40027,57.69
2026-03-03 09:05:53,Sheet1,Canceled,Univariate,Baseline_SMA,0.59166,22.56190,0.35046,40.83
2026-03-03 09:05:53,Sheet1,Canceled,Multivariate,Baseline_SMA,0.59166,22.56190,0.35046,40.83
2026-03-03 09:06:02,Sheet1,Canceled,Univariate,TBATS,0.76846,29.30394,0.70773,23.15
2026-03-03 09:06:02,Sheet1,Canceled,Univariate,Prophet,0.64801,24.71082,0.67947,35.20
2026-03-03 09:06:02,Sheet1,Canceled,Univariate,LightGBM,0.61526,23.46197,0.48726,38.47
2026-03-03 09:06:07,Sheet1,Canceled,Univariate,HistGB,0.68747,26.21561,0.67122,31.25
2026-03-03 09:06:07,Sheet1,Canceled,Univariate,ExpSmoothing,0.61513,23.45678,0.53869,38.49
2026-03-03 09:06:08,Sheet1,Canceled,Univariate,SARIMAX,0.62966,24.01099,0.62534,37.03
2026-03-03 09:06:08,Sheet1,Canceled,Multivariate,LightGBM,0.52025,19.43855,0.59274,47.97
2026-03-03 09:06:44,Sheet1,Canceled,Multivariate,XGBoost,0.64498,24.09863,0.81296,35.50
2026-03-03 09:06:45,Sheet1,Canceled,Multivariate,HistGB,0.41830,15.62906,0.42881,58.17
2026-03-03 09:06:45,Sheet1,Canceled,Multivariate,ExtraTrees,0.41734,15.59319,0.39285,58.27
2026-03-03 09:06:45,Sheet1,Canceled,Multivariate,Ridge,0.44114,16.48273,0.38447,55.89
2026-03-03 09:06:45,Sheet1,Canceled,Multivariate,Huber,0.42654,15.93701,0.45224,57.35
2026-03-03 09:06:49,Sheet1,Canceled,Multivariate,ExtraTrees,0.41734,15.59319,0.39285,58.27
2026-03-03 22:53:16,Sheet1,Canceled,Univariate,Baseline_SMA,0.59166,22.56190,0.35046,40.83
2026-03-03 22:53:16,Sheet1,Canceled,Multivariate,Baseline_SMA,0.59166,22.56190,0.35046,40.83
2026-03-03 22:53:26,Sheet1,Canceled,Univariate,TBATS,0.76846,29.30394,0.70773,23.15
2026-03-03 22:53:26,Sheet1,Canceled,Univariate,Prophet,0.64801,24.71082,0.67947,35.20
2026-03-03 22:53:27,Sheet1,Canceled,Univariate,LightGBM,0.61526,23.46197,0.48726,38.47
2026-03-03 22:53:32,Sheet1,Canceled,Univariate,HistGB,0.68747,26.21561,0.67122,31.25
2026-03-03 22:53:32,Sheet1,Canceled,Univariate,ExpSmoothing,0.61513,23.45678,0.53869,38.49
2026-03-03 22:53:33,Sheet1,Canceled,Univariate,SARIMAX,0.62966,24.01099,0.62534,37.03
2026-03-03 22:53:33,Sheet1,Canceled,Multivariate,LightGBM,0.45495,16.99840,0.46128,54.51
2026-03-03 22:53:53,Sheet1,Canceled,Multivariate,XGBoost,0.40631,15.18111,0.47476,59.37
2026-03-03 22:53:54,Sheet1,Canceled,Multivariate,HistGB,0.50252,18.77597,0.53855,49.75
2026-03-03 22:53:54,Sheet1,Canceled,Multivariate,ExtraTrees,0.44762,16.72484,0.40872,55.24
2026-03-03 22:53:54,Sheet1,Canceled,Multivariate,Ridge,0.45864,17.13657,0.38660,54.14
2026-03-03 22:53:55,Sheet1,Canceled,Multivariate,Huber,0.45887,17.14505,0.44544,54.11
2026-03-03 22:54:15,Sheet1,Canceled,Multivariate,XGBoost,0.40631,15.18111,0.47476,59.37
2026-03-03 22:58:41,Sheet1,Canceled,Univariate,Baseline_SMA,0.59166,22.56190,0.35046,40.83
2026-03-03 22:58:41,Sheet1,Canceled,Multivariate,Baseline_SMA,0.59166,22.56190,0.35046,40.83
2026-03-03 22:58:51,Sheet1,Canceled,Univariate,TBATS,0.76846,29.30394,0.70773,23.15
2026-03-03 22:58:52,Sheet1,Canceled,Univariate,Prophet,0.64801,24.71082,0.67947,35.20
2026-03-03 22:58:53,Sheet1,Canceled,Univariate,LightGBM,0.61526,23.46197,0.48726,38.47
2026-03-03 22:58:59,Sheet1,Canceled,Univariate,HistGB,0.68747,26.21561,0.67122,31.25
2026-03-03 22:58:59,Sheet1,Canceled,Univariate,ExpSmoothing,0.61513,23.45678,0.53869,38.49
2026-03-03 22:58:59,Sheet1,Canceled,Univariate,SARIMAX,0.62966,24.01099,0.62534,37.03
2026-03-03 22:58:59,Sheet1,Canceled,Multivariate,LightGBM,0.52332,19.55298,0.58796,47.67
2026-03-03 22:59:10,Sheet1,Canceled,Multivariate,XGBoost,0.66792,24.95598,0.91161,33.21
2026-03-03 22:59:12,Sheet1,Canceled,Multivariate,HistGB,0.47920,17.90461,0.52063,52.08
2026-03-03 22:59:12,Sheet1,Canceled,Multivariate,ExtraTrees,0.41880,15.64786,0.39232,58.12
2026-03-03 22:59:12,Sheet1,Canceled,Multivariate,Ridge,0.44114,16.48273,0.38447,55.89
2026-03-03 22:59:12,Sheet1,Canceled,Multivariate,Huber,0.42654,15.93701,0.45224,57.35
2026-03-03 22:59:16,Sheet1,Canceled,Multivariate,ExtraTrees,0.41880,15.64786,0.39232,58.12
2026-03-03 23:00:19,Sheet1,Canceled,Univariate,Baseline_SMA,0.59166,22.56190,0.35046,40.83
2026-03-03 23:00:19,Sheet1,Canceled,Multivariate,Baseline_SMA,0.59166,22.56190,0.35046,40.83
2026-03-03 23:00:30,Sheet1,Canceled,Univariate,TBATS,0.76846,29.30394,0.70773,23.15
2026-03-03 23:00:30,Sheet1,Canceled,Univariate,Prophet,0.64801,24.71082,0.67947,35.20
2026-03-03 23:00:31,Sheet1,Canceled,Univariate,LightGBM,0.61526,23.46197,0.48726,38.47
2026-03-03 23:00:37,Sheet1,Canceled,Univariate,HistGB,0.68747,26.21561,0.67122,31.25
2026-03-03 23:00:37,Sheet1,Canceled,Univariate,ExpSmoothing,0.61513,23.45678,0.53869,38.49
2026-03-03 23:00:37,Sheet1,Canceled,Univariate,SARIMAX,0.62966,24.01099,0.62534,37.03
2026-03-03 23:00:38,Sheet1,Canceled,Multivariate,LightGBM,0.44691,16.69818,0.43082,55.31
2026-03-03 23:01:13,Sheet1,Canceled,Multivariate,XGBoost,0.48145,17.98870,0.53384,51.86
2026-03-03 23:01:14,Sheet1,Canceled,Multivariate,HistGB,0.50159,18.74120,0.52059,49.84
2026-03-03 23:01:14,Sheet1,Canceled,Multivariate,ExtraTrees,0.44371,16.57861,0.40441,55.63
2026-03-03 23:01:14,Sheet1,Canceled,Multivariate,Ridge,0.45864,17.13657,0.38660,54.14
2026-03-03 23:01:14,Sheet1,Canceled,Multivariate,Huber,0.45887,17.14505,0.44544,54.11
2026-03-03 23:01:18,Sheet1,Canceled,Multivariate,ExtraTrees,0.44371,16.57861,0.40441,55.63
2026-03-03 23:04:36,Sheet1,Canceled,Univariate,Baseline_SMA,0.59166,22.56190,0.35046,40.83
2026-03-03 23:04:36,Sheet1,Canceled,Multivariate,Baseline_SMA,0.59166,22.56190,0.35046,40.83
2026-03-03 23:04:46,Sheet1,Canceled,Univariate,TBATS,0.76846,29.30394,0.70773,23.15
2026-03-03 23:04:46,Sheet1,Canceled,Univariate,Prophet,0.64801,24.71082,0.67947,35.20
2026-03-03 23:04:47,Sheet1,Canceled,Univariate,LightGBM,0.61526,23.46197,0.48726,38.47
2026-03-03 23:04:53,Sheet1,Canceled,Univariate,HistGB,0.68747,26.21561,0.67122,31.25
2026-03-03 23:04:54,Sheet1,Canceled,Univariate,ExpSmoothing,0.61513,23.45678,0.53869,38.49
2026-03-03 23:04:54,Sheet1,Canceled,Univariate,SARIMAX,0.62966,24.01099,0.62534,37.03
2026-03-03 23:04:55,Sheet1,Canceled,Multivariate,LightGBM,0.46428,17.34728,0.49568,53.57
2026-03-03 23:05:44,Sheet1,Canceled,Multivariate,XGBoost,0.48696,18.19452,0.54324,51.30
2026-03-03 23:05:45,Sheet1,Canceled,Multivariate,HistGB,0.49581,18.52543,0.49346,50.42
2026-03-03 23:05:45,Sheet1,Canceled,Multivariate,ExtraTrees,0.44618,16.67074,0.43130,55.38
2026-03-03 23:05:45,Sheet1,Canceled,Multivariate,Ridge,0.45864,17.13657,0.38660,54.14
2026-03-03 23:05:45,Sheet1,Canceled,Multivariate,Huber,0.45887,17.14505,0.44544,54.11
2026-03-03 23:05:50,Sheet1,Canceled,Multivariate,ExtraTrees,0.44618,16.67074,0.43130,55.38
2026-03-03 23:20:32,Sheet1,Canceled,Univariate,Baseline_SMA,0.59166,22.56190,0.35046,40.83
2026-03-03 23:20:32,Sheet1,Canceled,Multivariate,Baseline_SMA,0.59166,22.56190,0.35046,40.83
2026-03-03 23:20:43,Sheet1,Canceled,Univariate,TBATS,0.76846,29.30394,0.70773,23.15
2026-03-03 23:20:43,Sheet1,Canceled,Univariate,Prophet,0.64801,24.71082,0.67947,35.20
2026-03-03 23:20:44,Sheet1,Canceled,Univariate,LightGBM,0.61526,23.46197,0.48726,38.47
2026-03-03 23:20:50,Sheet1,Canceled,Univariate,HistGB,0.68747,26.21561,0.67122,31.25
2026-03-03 23:20:50,Sheet1,Canceled,Univariate,ExpSmoothing,0.61513,23.45678,0.53869,38.49
2026-03-03 23:20:50,Sheet1,Canceled,Univariate,SARIMAX,0.62966,24.01099,0.62534,37.03
2026-03-03 23:20:51,Sheet1,Canceled,Multivariate,LightGBM,0.53998,20.17551,0.61765,46.00
2026-03-03 23:21:20,Sheet1,Canceled,Multivariate,XGBoost,0.50590,18.90243,0.56739,49.41
2026-03-03 23:21:21,Sheet1,Canceled,Multivariate,HistGB,0.48259,18.03119,0.52379,51.74
2026-03-03 23:21:21,Sheet1,Canceled,Multivariate,ExtraTrees,0.42880,16.02141,0.40309,57.12
2026-03-03 23:21:21,Sheet1,Canceled,Multivariate,Ridge,0.44114,16.48273,0.38447,55.89
2026-03-03 23:21:22,Sheet1,Canceled,Multivariate,Huber,0.42654,15.93701,0.45224,57.35
2026-03-03 23:21:23,Sheet1,Canceled,Multivariate,Huber,0.42654,15.93701,0.45224,57.35
2026-03-03 23:24:25,Sheet1,sum of units,Univariate,Baseline_SMA,0.24251,61.71905,0.31142,75.75
2026-03-03 23:24:25,Sheet1,sum of units,Multivariate,Baseline_SMA,0.24251,61.71905,0.31142,75.75
2026-03-03 23:24:43,Sheet1,sum of units,Univariate,Prophet,0.24082,61.28907,0.30016,75.92
2026-03-03 23:24:45,Sheet1,sum of units,Univariate,LightGBM,0.26589,67.66787,0.27702,73.41
2026-03-03 23:24:54,Sheet1,sum of units,Univariate,HistGB,0.28038,71.35688,0.29351,71.96
2026-03-03 23:24:54,Sheet1,sum of units,Univariate,ExpSmoothing,0.27657,70.38704,0.37578,72.34
2026-03-03 23:24:57,Sheet1,sum of units,Univariate,SARIMAX,0.25190,64.10885,0.32348,74.81
2026-03-03 23:24:59,Sheet1,sum of units,Multivariate,LightGBM,0.25379,64.21742,0.31395,74.62
2026-03-03 23:26:25,Sheet1,sum of units,Multivariate,XGBoost,0.22872,57.87496,0.28750,77.13
2026-03-03 23:26:27,Sheet1,sum of units,Multivariate,HistGB,0.27602,69.84343,0.33947,72.40
2026-03-03 23:26:27,Sheet1,sum of units,Multivariate,ExtraTrees,0.21366,54.06302,0.26421,78.63
2026-03-03 23:26:27,Sheet1,sum of units,Multivariate,Ridge,0.25451,64.40094,0.31404,74.55
2026-03-03 23:26:30,Sheet1,sum of units,Multivariate,Huber,0.26074,65.97656,0.30573,73.93
2026-03-03 23:26:34,Sheet1,sum of units,Multivariate,ExtraTrees,0.21366,54.06302,0.26421,78.63
2026-03-03 23:27:38,Sheet1,Canceled,Univariate,Baseline_SMA,0.59166,22.56190,0.35046,40.83
2026-03-03 23:27:38,Sheet1,Canceled,Multivariate,Baseline_SMA,0.59166,22.56190,0.35046,40.83
2026-03-03 23:27:47,Sheet1,Canceled,Univariate,TBATS,0.76846,29.30394,0.70773,23.15
2026-03-03 23:27:47,Sheet1,Canceled,Univariate,Prophet,0.64801,24.71082,0.67947,35.20
2026-03-03 23:27:48,Sheet1,Canceled,Univariate,LightGBM,0.61526,23.46197,0.48726,38.47
2026-03-03 23:27:53,Sheet1,Canceled,Univariate,HistGB,0.68747,26.21561,0.67122,31.25
2026-03-03 23:27:53,Sheet1,Canceled,Univariate,ExpSmoothing,0.61513,23.45678,0.53869,38.49
2026-03-03 23:27:54,Sheet1,Canceled,Univariate,SARIMAX,0.62966,24.01099,0.62534,37.03
2026-03-03 23:27:54,Sheet1,Canceled,Multivariate,LightGBM,0.45445,16.97990,0.47180,54.56
2026-03-03 23:28:18,Sheet1,Canceled,Multivariate,XGBoost,0.38781,14.48989,0.45705,61.22
2026-03-03 23:28:19,Sheet1,Canceled,Multivariate,HistGB,0.49450,18.47615,0.50188,50.55
2026-03-03 23:28:19,Sheet1,Canceled,Multivariate,ExtraTrees,0.43890,16.39908,0.40506,56.11
2026-03-03 23:28:19,Sheet1,Canceled,Multivariate,Ridge,0.45864,17.13657,0.38660,54.14
2026-03-03 23:28:19,Sheet1,Canceled,Multivariate,Huber,0.45887,17.14505,0.44544,54.11
2026-03-03 23:28:21,Sheet1,Canceled,Multivariate,XGBoost,0.38781,14.48989,0.45705,61.22
2026-03-03 23:31:41,Sheet1,Canceled,Univariate,Baseline_SMA,0.59166,22.56190,0.35046,40.83
2026-03-03 23:31:41,Sheet1,Canceled,Multivariate,Baseline_SMA,0.59166,22.56190,0.35046,40.83
2026-03-03 23:31:51,Sheet1,Canceled,Univariate,TBATS,0.76846,29.30394,0.70773,23.15
2026-03-03 23:31:51,Sheet1,Canceled,Univariate,Prophet,0.64801,24.71082,0.67947,35.20
2026-03-03 23:31:52,Sheet1,Canceled,Univariate,LightGBM,0.61526,23.46197,0.48726,38.47
2026-03-03 23:31:57,Sheet1,Canceled,Univariate,HistGB,0.68747,26.21561,0.67122,31.25
2026-03-03 23:31:57,Sheet1,Canceled,Univariate,ExpSmoothing,0.61513,23.45678,0.53869,38.49
2026-03-03 23:31:57,Sheet1,Canceled,Univariate,SARIMAX,0.62966,24.01099,0.62534,37.03
2026-03-03 23:31:58,Sheet1,Canceled,Multivariate,LightGBM,0.52012,19.43345,0.59212,47.99
2026-03-03 23:32:28,Sheet1,Canceled,Multivariate,XGBoost,0.67087,25.06629,0.89809,32.91
2026-03-03 23:32:29,Sheet1,Canceled,Multivariate,HistGB,0.49464,18.48167,0.53631,50.54
2026-03-03 23:32:29,Sheet1,Canceled,Multivariate,ExtraTrees,0.43594,16.28812,0.42081,56.41
2026-03-03 23:32:29,Sheet1,Canceled,Multivariate,Ridge,0.44114,16.48273,0.38447,55.89
2026-03-03 23:32:30,Sheet1,Canceled,Multivariate,Huber,0.42654,15.93701,0.45224,57.35
2026-03-03 23:32:31,Sheet1,Canceled,Multivariate,Huber,0.42654,15.93701,0.45224,57.35
2026-03-03 23:40:04,Sheet1,Canceled,Univariate,Baseline_SMA,0.59166,22.56190,0.35046,40.83
2026-03-03 23:40:04,Sheet1,Canceled,Multivariate,Baseline_SMA,0.59166,22.56190,0.35046,40.83
2026-03-03 23:40:15,Sheet1,Canceled,Univariate,TBATS,0.76846,29.30394,0.70773,23.15
2026-03-03 23:40:15,Sheet1,Canceled,Univariate,Prophet,0.64801,24.71082,0.67947,35.20
2026-03-03 23:40:16,Sheet1,Canceled,Univariate,LightGBM,0.61526,23.46197,0.48726,38.47
2026-03-03 23:40:21,Sheet1,Canceled,Univariate,HistGB,0.68747,26.21561,0.67122,31.25
2026-03-03 23:40:21,Sheet1,Canceled,Univariate,ExpSmoothing,0.61513,23.45678,0.53869,38.49
2026-03-03 23:40:22,Sheet1,Canceled,Univariate,SARIMAX,0.62966,24.01099,0.62534,37.03
2026-03-03 23:40:22,Sheet1,Canceled,Multivariate,LightGBM,0.48614,18.16380,0.51506,51.39
2026-03-03 23:40:31,Sheet1,Canceled,Multivariate,XGBoost,0.55639,20.78884,0.57985,44.36
2026-03-03 23:40:32,Sheet1,Canceled,Multivariate,HistGB,0.44384,16.58364,0.42337,55.62
2026-03-03 23:40:32,Sheet1,Canceled,Multivariate,ExtraTrees,0.45672,17.06486,0.41110,54.33
2026-03-03 23:40:32,Sheet1,Canceled,Multivariate,Ridge,0.45864,17.13657,0.38660,54.14
2026-03-03 23:40:33,Sheet1,Canceled,Multivariate,Huber,0.45887,17.14505,0.44544,54.11
2026-03-03 23:40:36,Sheet1,Canceled,Multivariate,HistGB,0.44384,16.58364,0.42337,55.62
2026-03-03 23:58:51,Sheet1,Canceled,Univariate,Baseline_SMA,0.59166,22.56190,0.35046,40.83
2026-03-03 23:58:51,Sheet1,Canceled,Multivariate,Baseline_SMA,0.59166,22.56190,0.35046,40.83
2026-03-03 23:58:59,Sheet1,Canceled,Univariate,TBATS,0.76846,29.30394,0.70773,23.15
2026-03-03 23:58:59,Sheet1,Canceled,Univariate,Prophet,0.64801,24.71082,0.67947,35.20
2026-03-03 23:59:00,Sheet1,Canceled,Univariate,LightGBM,0.61526,23.46197,0.48726,38.47
2026-03-03 23:59:03,Sheet1,Canceled,Univariate,HistGB,0.68747,26.21561,0.67122,31.25
2026-03-03 23:59:04,Sheet1,Canceled,Univariate,ExpSmoothing,0.61513,23.45678,0.53869,38.49
2026-03-03 23:59:04,Sheet1,Canceled,Univariate,SARIMAX,0.62966,24.01099,0.62534,37.03
2026-03-03 23:59:04,Sheet1,Canceled,Multivariate,LightGBM,0.72878,27.22975,0.82432,27.12
2026-03-03 23:59:05,Sheet1,Canceled,Multivariate,XGBoost,0.78945,29.49669,0.88725,21.06
2026-03-03 23:59:05,Sheet1,Canceled,Multivariate,HistGB,0.79183,29.58581,0.87718,20.82
2026-03-03 23:59:06,Sheet1,Canceled,Multivariate,ExtraTrees,0.53678,20.05606,0.45791,46.32
2026-03-03 23:59:06,Sheet1,Canceled,Multivariate,Ridge,0.52986,19.79739,0.43990,47.01
2026-03-03 23:59:06,Sheet1,Canceled,Multivariate,Huber,0.53283,19.90831,0.44821,46.72
2026-03-03 23:59:06,Sheet1,Canceled,Multivariate,Ridge,0.52986,19.79739,0.43990,47.01
2026-03-04 00:17:03,Sheet1,sum of units,Univariate,Baseline_SMA,0.24251,61.71905,0.31142,75.75
2026-03-04 00:17:03,Sheet1,sum of units,Multivariate,Baseline_SMA,0.24251,61.71905,0.31142,75.75
2026-03-04 00:17:05,Sheet1,sum of units,Univariate,Prophet,0.24082,61.28907,0.30016,75.92
2026-03-04 00:17:07,Sheet1,sum of units,Univariate,LightGBM,0.26589,67.66787,0.27702,73.41
2026-03-04 00:17:10,Sheet1,sum of units,Univariate,HistGB,0.28038,71.35688,0.29351,71.96
2026-03-04 00:17:10,Sheet1,sum of units,Univariate,ExpSmoothing,0.27657,70.38704,0.37578,72.34
2026-03-04 00:17:11,Sheet1,sum of units,Univariate,SARIMAX,0.25190,64.10885,0.32348,74.81
2026-03-04 00:17:12,Sheet1,sum of units,Multivariate,LightGBM,0.31740,80.31330,0.39245,68.26
2026-03-04 00:17:22,Sheet1,sum of units,Multivariate,XGBoost,0.26292,66.52895,0.31085,73.71
2026-03-04 00:17:23,Sheet1,sum of units,Multivariate,HistGB,0.32730,82.81906,0.39924,67.27
2026-03-04 00:17:23,Sheet1,sum of units,Multivariate,ExtraTrees,0.24253,61.36895,0.29357,75.75
2026-03-04 00:17:23,Sheet1,sum of units,Multivariate,Ridge,0.25849,65.40731,0.31664,74.15
2026-03-04 00:17:26,Sheet1,sum of units,Multivariate,Huber,0.26533,67.13688,0.30315,73.47
2026-03-04 00:22:32,Sheet1,sum of units,Univariate,Baseline_SMA,0.24251,61.71905,0.31142,75.75
2026-03-04 00:22:32,Sheet1,sum of units,Multivariate,Baseline_SMA,0.24251,61.71905,0.31142,75.75
2026-03-04 00:22:33,Sheet1,sum of units,Univariate,Prophet,0.24082,61.28907,0.30016,75.92
2026-03-04 00:22:35,Sheet1,sum of units,Univariate,LightGBM,0.26589,67.66787,0.27702,73.41
2026-03-04 00:22:40,Sheet1,sum of units,Univariate,HistGB,0.28038,71.35688,0.29351,71.96
2026-03-04 00:22:40,Sheet1,sum of units,Univariate,ExpSmoothing,0.27657,70.38704,0.37578,72.34
2026-03-04 00:22:42,Sheet1,sum of units,Univariate,SARIMAX,0.25190,64.10885,0.32348,74.81
2026-03-04 00:22:43,Sheet1,sum of units,Multivariate,LightGBM,0.30777,77.87666,0.37901,69.22
2026-03-04 00:24:21,Sheet1,sum of units,Multivariate,XGBoost,0.25856,65.42561,0.30716,74.14
2026-03-04 00:24:28,Sheet1,sum of units,Multivariate,HistGB,0.32814,83.02996,0.39881,67.19
2026-03-04 00:24:28,Sheet1,sum of units,Multivariate,ExtraTrees,0.23237,58.79782,0.28483,76.76
2026-03-04 00:24:28,Sheet1,sum of units,Multivariate,Ridge,0.25849,65.40731,0.31664,74.15
2026-03-04 00:24:32,Sheet1,sum of units,Multivariate,Huber,0.26533,67.13688,0.30315,73.47
2026-03-04 00:24:37,Sheet1,sum of units,Multivariate,ExtraTrees,0.23237,58.79782,0.28483,76.76
2026-03-05 11:56:01,Sheet1,Canceled,Univariate,Baseline_SMA,0.59166,22.56190,0.35046,40.83
2026-03-05 11:56:01,Sheet1,Canceled,Multivariate,Baseline_SMA,0.59166,22.56190,0.35046,40.83
2026-03-05 11:56:10,Sheet1,Canceled,Univariate,TBATS,0.76846,29.30394,0.70773,23.15
2026-03-05 11:56:10,Sheet1,Canceled,Univariate,Prophet,0.64801,24.71082,0.67947,35.20
2026-03-05 11:56:11,Sheet1,Canceled,Univariate,LightGBM,0.61526,23.46197,0.48726,38.47
2026-03-05 11:56:14,Sheet1,Canceled,Univariate,HistGB,0.68747,26.21561,0.67122,31.25
2026-03-05 11:56:14,Sheet1,Canceled,Univariate,ExpSmoothing,0.61513,23.45678,0.53869,38.49
2026-03-05 11:56:14,Sheet1,Canceled,Univariate,SARIMAX,0.62966,24.01099,0.62534,37.03
2026-03-05 11:56:14,Sheet1,Canceled,Multivariate,LightGBM,0.49062,18.33135,0.54099,50.94
2026-03-05 11:56:15,Sheet1,Canceled,Multivariate,XGBoost,0.52767,19.71570,0.60435,47.23
2026-03-05 11:56:16,Sheet1,Canceled,Multivariate,HistGB,0.47141,17.61370,0.50400,52.86
2026-03-05 11:56:16,Sheet1,Canceled,Multivariate,ExtraTrees,0.39880,14.90057,0.36951,60.12
2026-03-05 11:56:16,Sheet1,Canceled,Multivariate,Ridge,0.44114,16.48273,0.38447,55.89
2026-03-05 11:56:16,Sheet1,Canceled,Multivariate,Huber,0.42654,15.93701,0.45224,57.35
2026-03-05 11:56:19,Sheet1,Canceled,Multivariate,ExtraTrees,0.39880,14.90057,0.36951,60.12
2026-03-05 12:09:43,Sheet1,GRA,Univariate,Baseline_SMA,0.41947,6.26237,1.24590,58.05
2026-03-05 12:09:43,Sheet1,GRA,Multivariate,Baseline_SMA,0.41947,6.26237,1.24590,58.05
2026-03-05 12:10:02,Sheet1,GRA,Univariate,TBATS,0.40453,6.03938,1.26717,59.55
2026-03-05 12:10:02,Sheet1,GRA,Univariate,Prophet,0.38977,5.81907,1.32293,61.02
2026-03-05 12:10:03,Sheet1,GRA,Univariate,LightGBM,0.39804,5.94245,1.20596,60.20
2026-03-05 12:10:06,Sheet1,GRA,Univariate,HistGB,0.43955,6.56215,1.18427,56.05
2026-03-05 12:10:06,Sheet1,GRA,Univariate,ExpSmoothing,0.39571,5.90763,1.23651,60.43
2026-03-05 12:10:06,Sheet1,GRA,Univariate,SARIMAX,0.40391,6.03015,1.38878,59.61
2026-03-05 12:10:07,Sheet1,GRA,Multivariate,LightGBM,0.52415,6.88263,2.03739,47.58
2026-03-05 12:10:07,Sheet1,GRA,Multivariate,XGBoost,0.52188,6.85283,2.07848,47.81
2026-03-05 12:10:08,Sheet1,GRA,Multivariate,HistGB,0.57584,7.56134,2.16494,42.42
2026-03-05 12:10:08,Sheet1,GRA,Multivariate,ExtraTrees,0.50783,6.66831,1.88057,49.22
2026-03-05 12:10:08,Sheet1,GRA,Multivariate,Ridge,0.46009,6.04137,1.72835,53.99
2026-03-05 12:10:10,Sheet1,GRA,Multivariate,Huber,0.47182,6.19540,1.82783,52.82
2026-03-05 12:14:33,Sheet1,GRA,Univariate,Baseline_SMA,0.41947,6.26237,1.24590,58.05
2026-03-05 12:14:33,Sheet1,GRA,Multivariate,Baseline_SMA,0.41947,6.26237,1.24590,58.05
2026-03-05 12:14:52,Sheet1,GRA,Univariate,TBATS,0.40453,6.03938,1.26717,59.55
2026-03-05 12:14:53,Sheet1,GRA,Univariate,Prophet,0.38977,5.81907,1.32293,61.02
2026-03-05 12:14:53,Sheet1,GRA,Univariate,LightGBM,0.39804,5.94245,1.20596,60.20
2026-03-05 12:14:57,Sheet1,GRA,Univariate,HistGB,0.43955,6.56215,1.18427,56.05
2026-03-05 12:14:57,Sheet1,GRA,Univariate,ExpSmoothing,0.39571,5.90763,1.23651,60.43
2026-03-05 12:14:57,Sheet1,GRA,Univariate,SARIMAX,0.40391,6.03015,1.38878,59.61
2026-03-05 12:14:57,Sheet1,GRA,Multivariate,LightGBM,0.54332,7.13431,2.08179,45.67
2026-03-05 12:15:05,Sheet1,GRA,Multivariate,XGBoost,0.55131,7.23918,1.92251,44.87
2026-03-05 12:15:05,Sheet1,GRA,Multivariate,HistGB,0.55364,7.26976,2.03804,44.64
2026-03-05 12:15:05,Sheet1,GRA,Multivariate,ExtraTrees,0.50585,6.64234,1.85953,49.41
2026-03-05 12:15:05,Sheet1,GRA,Multivariate,Ridge,0.46009,6.04137,1.72835,53.99
2026-03-05 12:15:06,Sheet1,GRA,Multivariate,Huber,0.47182,6.19541,1.82783,52.82
2026-03-05 12:21:34,Sheet1,GRA,Univariate,Baseline_SMA,0.41947,6.26237,1.24590,58.05
2026-03-05 12:21:34,Sheet1,GRA,Multivariate,Baseline_SMA,0.41947,6.26237,1.24590,58.05
2026-03-05 12:21:50,Sheet1,GRA,Univariate,TBATS,0.40453,6.03938,1.26717,59.55
2026-03-05 12:21:50,Sheet1,GRA,Univariate,Baseline_SMA,0.41947,6.26237,1.24590,58.05
2026-03-05 12:21:50,Sheet1,GRA,Multivariate,Baseline_SMA,0.41947,6.26237,1.24590,58.05
2026-03-05 12:27:23,Sheet1,GRA,Univariate,Baseline_SMA,0.41947,6.26237,1.24590,58.05
2026-03-05 12:27:23,Sheet1,GRA,Multivariate,Baseline_SMA,0.41947,6.26237,1.24590,58.05
2026-03-05 12:27:31,Sheet1,GRA,Univariate,Baseline_SMA,0.41947,6.26237,1.24590,58.05
2026-03-05 12:27:31,Sheet1,GRA,Multivariate,Baseline_SMA,0.41947,6.26237,1.24590,58.05
2026-03-05 12:27:58,Sheet1,GRA,Univariate,TBATS,0.40453,6.03938,1.26717,59.55
2026-03-05 12:27:58,Sheet1,GRA,Univariate,Prophet,0.38977,5.81907,1.32293,61.02
2026-03-05 12:28:00,Sheet1,GRA,Univariate,LightGBM,0.39804,5.94245,1.20596,60.20
2026-03-05 12:28:05,Sheet1,GRA,Univariate,TBATS,0.40453,6.03938,1.26717,59.55
2026-03-05 12:28:05,Sheet1,GRA,Univariate,Prophet,0.38977,5.81907,1.32293,61.02
2026-03-05 12:28:07,Sheet1,GRA,Univariate,LightGBM,0.39804,5.94245,1.20596,60.20
2026-03-05 12:28:15,Sheet1,GRA,Univariate,HistGB,0.43955,6.56215,1.18427,56.05
2026-03-05 12:28:15,Sheet1,GRA,Univariate,ExpSmoothing,0.39571,5.90763,1.23651,60.43
2026-03-05 12:28:15,Sheet1,GRA,Univariate,SARIMAX,0.40391,6.03015,1.38878,59.61
2026-03-05 12:28:16,Sheet1,GRA,Multivariate,LightGBM,0.54483,7.15418,2.13398,45.52
2026-03-05 12:28:33,Sheet1,GRA,Univariate,HistGB,0.43955,6.56215,1.18427,56.05
2026-03-05 12:28:34,Sheet1,GRA,Univariate,ExpSmoothing,0.39571,5.90763,1.23651,60.43
2026-03-05 12:28:36,Sheet1,GRA,Univariate,SARIMAX,0.40391,6.03015,1.38878,59.61
2026-03-05 12:28:36,Sheet1,GRA,Multivariate,XGBoost,0.57303,7.52443,2.04777,42.70
2026-03-05 12:28:37,Sheet1,GRA,Multivariate,HistGB,0.55199,7.24815,2.21103,44.80
2026-03-05 12:28:37,Sheet1,GRA,Multivariate,ExtraTrees,0.52088,6.83963,1.93658,47.91
2026-03-05 12:28:37,Sheet1,GRA,Multivariate,Ridge,0.46009,6.04137,1.72835,53.99
2026-03-05 12:28:38,Sheet1,GRA,Multivariate,Huber,0.47182,6.19541,1.82783,52.82
2026-03-05 12:31:47,Sheet1,GRA,Univariate,Baseline_SMA,0.41947,6.26237,1.24590,58.05
2026-03-05 12:31:47,Sheet1,GRA,Multivariate,Baseline_SMA,0.41947,6.26237,1.24590,58.05
2026-03-05 12:31:54,Sheet1,GRA,Univariate,Baseline_SMA,0.41947,6.26237,1.24590,58.05
2026-03-05 12:31:54,Sheet1,GRA,Multivariate,Baseline_SMA,0.41947,6.26237,1.24590,58.05
2026-03-05 12:32:00,Sheet1,GRA,Univariate,Prophet,0.38977,5.81907,1.32293,61.02
2026-03-05 12:32:03,Sheet1,GRA,Univariate,LightGBM,0.39804,5.94245,1.20596,60.20
2026-03-05 12:35:47,Sheet1,GRA,Univariate,Baseline_SMA,0.41947,6.26237,1.24590,58.05
2026-03-05 12:35:47,Sheet1,GRA,Multivariate,Baseline_SMA,0.41947,6.26237,1.24590,58.05
2026-03-05 12:36:05,Sheet1,GRA,Univariate,TBATS,0.40453,6.03938,1.26717,59.55
2026-03-05 12:36:05,Sheet1,GRA,Univariate,Prophet,0.38977,5.81907,1.32293,61.02
2026-03-05 12:36:05,Sheet1,GRA,Univariate,LightGBM,0.39804,5.94245,1.20596,60.20
2026-03-05 12:36:08,Sheet1,GRA,Univariate,HistGB,0.43955,6.56215,1.18427,56.05
2026-03-05 12:36:08,Sheet1,GRA,Univariate,ExpSmoothing,0.39571,5.90763,1.23651,60.43
2026-03-05 12:36:08,Sheet1,GRA,Univariate,SARIMAX,0.40391,6.03015,1.38878,59.61
2026-03-05 12:36:09,Sheet1,GRA,Multivariate,LightGBM,0.50621,6.64697,1.93381,49.38
2026-03-05 12:36:09,Sheet1,GRA,Multivariate,XGBoost,0.54850,7.20227,2.20226,45.15
2026-03-05 12:36:10,Sheet1,GRA,Multivariate,HistGB,0.55543,7.29329,2.02256,44.46
2026-03-05 12:36:10,Sheet1,GRA,Multivariate,ExtraTrees,0.50309,6.60611,1.86897,49.69
2026-03-05 12:36:10,Sheet1,GRA,Multivariate,Ridge,0.46009,6.04137,1.72835,53.99
2026-03-05 12:36:59,Sheet1,GRA,Univariate,Baseline_SMA,0.41947,6.26237,1.24590,58.05
2026-03-05 12:36:59,Sheet1,GRA,Multivariate,Baseline_SMA,0.41947,6.26237,1.24590,58.05
2026-03-05 12:37:17,Sheet1,GRA,Univariate,TBATS,0.40453,6.03938,1.26717,59.55
2026-03-05 12:37:17,Sheet1,GRA,Univariate,Prophet,0.38977,5.81907,1.32293,61.02
2026-03-05 12:37:18,Sheet1,GRA,Univariate,LightGBM,0.39804,5.94245,1.20596,60.20
2026-03-05 12:37:21,Sheet1,GRA,Univariate,HistGB,0.43955,6.56215,1.18427,56.05
2026-03-05 12:37:21,Sheet1,GRA,Univariate,ExpSmoothing,0.39571,5.90763,1.23651,60.43
2026-03-05 12:37:21,Sheet1,GRA,Univariate,SARIMAX,0.40391,6.03015,1.38878,59.61
2026-03-05 12:37:21,Sheet1,GRA,Multivariate,LightGBM,0.55596,7.30021,2.06258,44.40
2026-03-05 12:37:22,Sheet1,GRA,Multivariate,XGBoost,0.58002,7.61619,2.15486,42.00
2026-03-05 12:37:22,Sheet1,GRA,Multivariate,HistGB,0.54315,7.13201,2.06010,45.69
2026-03-05 12:37:23,Sheet1,GRA,Multivariate,ExtraTrees,0.51956,6.82234,1.95404,48.04
2026-03-05 12:37:23,Sheet1,GRA,Multivariate,Ridge,0.46009,6.04137,1.72835,53.99
2026-03-05 12:37:23,Sheet1,GRA,Multivariate,Huber,0.47182,6.19540,1.82783,52.82
2026-03-05 12:41:52,Sheet1,GRA,Univariate,Baseline_SMA,0.41947,6.26237,1.24590,58.05
2026-03-05 12:41:52,Sheet1,GRA,Multivariate,Baseline_SMA,0.41947,6.26237,1.24590,58.05
2026-03-05 12:42:10,Sheet1,GRA,Univariate,TBATS,0.40453,6.03938,1.26717,59.55
2026-03-05 12:42:10,Sheet1,GRA,Univariate,Prophet,0.38977,5.81907,1.32293,61.02
2026-03-05 12:42:10,Sheet1,GRA,Univariate,LightGBM,0.39804,5.94245,1.20596,60.20
2026-03-05 12:42:14,Sheet1,GRA,Univariate,HistGB,0.43955,6.56215,1.18427,56.05
2026-03-05 12:42:14,Sheet1,GRA,Univariate,ExpSmoothing,0.39571,5.90763,1.23651,60.43
2026-03-05 12:42:14,Sheet1,GRA,Univariate,SARIMAX,0.40391,6.03015,1.38878,59.61
2026-03-05 12:42:14,Sheet1,GRA,Multivariate,LightGBM,0.52748,6.92631,2.03921,47.25
2026-03-05 12:42:14,Sheet1,GRA,Multivariate,XGBoost,0.54837,7.20066,2.05993,45.16
2026-03-05 12:42:15,Sheet1,GRA,Multivariate,HistGB,0.55420,7.27723,2.13029,44.58
2026-03-05 12:42:15,Sheet1,GRA,Multivariate,ExtraTrees,0.49950,6.55886,1.91475,50.05
2026-03-05 12:42:15,Sheet1,GRA,Multivariate,Ridge,0.46009,6.04137,1.72835,53.99
2026-03-05 12:42:17,Sheet1,GRA,Multivariate,Huber,0.47182,6.19540,1.82783,52.82
2026-03-05 12:44:56,Sheet1,GRA,Univariate,Baseline_SMA,0.41947,6.26237,1.24590,58.05
2026-03-05 12:44:56,Sheet1,GRA,Multivariate,Baseline_SMA,0.41947,6.26237,1.24590,58.05
2026-03-05 12:45:15,Sheet1,GRA,Univariate,TBATS,0.40453,6.03938,1.26717,59.55
2026-03-05 12:45:15,Sheet1,GRA,Univariate,Prophet,0.38977,5.81907,1.32293,61.02
2026-03-05 12:45:16,Sheet1,GRA,Univariate,LightGBM,0.39804,5.94245,1.20596,60.20
2026-03-05 12:45:19,Sheet1,GRA,Univariate,HistGB,0.43955,6.56215,1.18427,56.05
2026-03-05 12:45:19,Sheet1,GRA,Univariate,ExpSmoothing,0.39571,5.90763,1.23651,60.43
2026-03-05 12:45:19,Sheet1,GRA,Univariate,SARIMAX,0.40391,6.03015,1.38878,59.61
2026-03-05 12:45:19,Sheet1,GRA,Multivariate,LightGBM,0.54178,7.11408,2.13370,45.82
2026-03-05 12:45:20,Sheet1,GRA,Multivariate,XGBoost,0.53269,6.99468,2.05275,46.73
2026-03-05 12:45:21,Sheet1,GRA,Multivariate,HistGB,0.56584,7.43006,2.13756,43.42
2026-03-05 12:45:21,Sheet1,GRA,Multivariate,ExtraTrees,0.51606,6.77636,1.93267,48.39
2026-03-05 12:45:21,Sheet1,GRA,Multivariate,Ridge,0.46009,6.04137,1.72835,53.99
2026-03-05 12:45:23,Sheet1,GRA,Multivariate,Huber,0.47182,6.19541,1.82783,52.82
2026-03-05 12:49:03,Sheet1,GRA,Univariate,Baseline_SMA,0.41947,6.26237,1.24590,58.05
2026-03-05 12:49:03,Sheet1,GRA,Multivariate,Baseline_SMA,0.41947,6.26237,1.24590,58.05
2026-03-05 12:49:21,Sheet1,GRA,Univariate,TBATS,0.40453,6.03938,1.26717,59.55
2026-03-05 12:49:21,Sheet1,GRA,Univariate,Prophet,0.38977,5.81907,1.32293,61.02
2026-03-05 12:49:22,Sheet1,GRA,Univariate,LightGBM,0.39804,5.94245,1.20596,60.20
2026-03-05 12:49:24,Sheet1,GRA,Univariate,HistGB,0.43955,6.56215,1.18427,56.05
2026-03-05 12:49:24,Sheet1,GRA,Univariate,ExpSmoothing,0.39571,5.90763,1.23651,60.43
2026-03-05 12:49:25,Sheet1,GRA,Univariate,SARIMAX,0.40391,6.03015,1.38878,59.61
2026-03-05 12:49:25,Sheet1,GRA,Multivariate,LightGBM,0.53908,7.07862,1.99932,46.09
2026-03-05 12:49:25,Sheet1,GRA,Multivariate,XGBoost,0.55743,7.31962,2.21369,44.26
2026-03-05 12:49:26,Sheet1,GRA,Multivariate,HistGB,0.53776,7.06135,2.04031,46.22
2026-03-05 12:49:26,Sheet1,GRA,Multivariate,ExtraTrees,0.52058,6.83565,1.91303,47.94
2026-03-05 12:49:26,Sheet1,GRA,Multivariate,Ridge,0.46009,6.04137,1.72835,53.99
2026-03-05 12:49:27,Sheet1,GRA,Multivariate,Huber,0.47182,6.19541,1.82783,52.82
2026-03-05 12:50:44,Sheet1,GRA,Univariate,Baseline_SMA,0.41947,6.26237,1.24590,58.05
2026-03-05 12:50:44,Sheet1,GRA,Multivariate,Baseline_SMA,0.41947,6.26237,1.24590,58.05
2026-03-05 12:50:59,Sheet1,GRA,Univariate,TBATS,0.40453,6.03938,1.26717,59.55
2026-03-05 12:50:59,Sheet1,GRA,Univariate,Baseline_SMA,0.41947,6.26237,1.24590,58.05
2026-03-05 12:50:59,Sheet1,GRA,Multivariate,Baseline_SMA,0.41947,6.26237,1.24590,58.05
2026-03-05 12:52:15,Sheet1,GRA,Univariate,Baseline_SMA,0.41947,6.26237,1.24590,58.05
2026-03-05 12:52:15,Sheet1,GRA,Multivariate,Baseline_SMA,0.41947,6.26237,1.24590,58.05
2026-03-05 12:52:33,Sheet1,GRA,Univariate,TBATS,0.40453,6.03938,1.26717,59.55
2026-03-05 12:52:33,Sheet1,GRA,Univariate,Prophet,0.38977,5.81907,1.32293,61.02
2026-03-05 12:52:34,Sheet1,GRA,Univariate,LightGBM,0.39804,5.94245,1.20596,60.20
2026-03-05 12:52:38,Sheet1,GRA,Univariate,HistGB,0.43955,6.56215,1.18427,56.05
2026-03-05 12:52:38,Sheet1,GRA,Univariate,ExpSmoothing,0.39571,5.90763,1.23651,60.43
2026-03-05 12:52:38,Sheet1,GRA,Univariate,SARIMAX,0.40391,6.03015,1.38878,59.61
2026-03-05 12:52:38,Sheet1,GRA,Multivariate,LightGBM,0.52112,6.84278,2.00670,47.89
2026-03-05 12:52:39,Sheet1,GRA,Multivariate,XGBoost,0.54751,7.18935,2.02518,45.25
2026-03-05 12:52:40,Sheet1,GRA,Multivariate,HistGB,0.57428,7.54084,2.17104,42.57
2026-03-05 12:52:40,Sheet1,GRA,Multivariate,ExtraTrees,0.52819,6.93558,1.95869,47.18
2026-03-05 12:52:40,Sheet1,GRA,Multivariate,Ridge,0.46009,6.04137,1.72835,53.99
2026-03-05 12:52:42,Sheet1,GRA,Multivariate,Huber,0.47182,6.19541,1.82783,52.82
2026-03-05 12:54:04,Sheet1,sum of units,Univariate,Baseline_SMA,0.24251,61.71905,0.31142,75.75
2026-03-05 12:54:04,Sheet1,sum of units,Multivariate,Baseline_SMA,0.24251,61.71905,0.31142,75.75
2026-03-05 12:54:07,Sheet1,sum of units,Univariate,Prophet,0.24082,61.28907,0.30016,75.92
2026-03-05 12:54:09,Sheet1,sum of units,Univariate,LightGBM,0.26589,67.66787,0.27702,73.41
2026-03-05 12:54:14,Sheet1,sum of units,Univariate,HistGB,0.28038,71.35688,0.29351,71.96
2026-03-05 12:54:14,Sheet1,sum of units,Univariate,ExpSmoothing,0.27657,70.38704,0.37578,72.34
2026-03-05 12:54:16,Sheet1,sum of units,Univariate,SARIMAX,0.25190,64.10885,0.32348,74.81
2026-03-05 12:54:17,Sheet1,sum of units,Multivariate,LightGBM,0.30980,78.39007,0.38625,69.02
2026-03-05 12:54:47,Sheet1,sum of units,Multivariate,XGBoost,0.26791,67.79068,0.32445,73.21
2026-03-05 12:54:49,Sheet1,sum of units,Multivariate,HistGB,0.31389,79.42453,0.38177,68.61
2026-03-05 12:54:49,Sheet1,sum of units,Multivariate,ExtraTrees,0.22829,57.76530,0.28088,77.17
2026-03-05 12:54:49,Sheet1,sum of units,Multivariate,Ridge,0.25847,65.40174,0.31664,74.15
2026-03-05 12:54:53,Sheet1,sum of units,Multivariate,Huber,0.26432,66.88135,0.30179,73.57
2026-03-05 12:54:55,Sheet1,sum of units,Multivariate,ExtraTrees,0.22829,57.76530,0.28088,77.17
2026-03-05 12:58:26,Sheet1,GRA,Univariate,Baseline_SMA,0.41947,6.26237,1.24590,58.05
2026-03-05 12:58:26,Sheet1,GRA,Multivariate,Baseline_SMA,0.41947,6.26237,1.24590,58.05
2026-03-05 12:58:51,Sheet1,GRA,Univariate,TBATS,0.40453,6.03938,1.26717,59.55
2026-03-05 12:58:51,Sheet1,GRA,Univariate,Prophet,0.38977,5.81907,1.32293,61.02
2026-03-05 12:58:52,Sheet1,GRA,Univariate,LightGBM,0.39804,5.94245,1.20596,60.20
2026-03-05 12:58:57,Sheet1,GRA,Univariate,HistGB,0.43955,6.56215,1.18427,56.05
2026-03-05 12:58:57,Sheet1,GRA,Univariate,ExpSmoothing,0.39571,5.90763,1.23651,60.43
2026-03-05 12:58:57,Sheet1,GRA,Univariate,SARIMAX,0.40391,6.03015,1.38878,59.61
2026-03-05 12:58:58,Sheet1,GRA,Multivariate,LightGBM,0.49955,6.55958,1.85019,50.04
2026-03-05 12:59:07,Sheet1,GRA,Multivariate,XGBoost,0.55814,7.32887,2.01114,44.19
2026-03-05 12:59:08,Sheet1,GRA,Multivariate,HistGB,0.53653,7.04516,1.95006,46.35
2026-03-05 12:59:09,Sheet1,GRA,Multivariate,ExtraTrees,0.47958,6.29734,1.77440,52.04
2026-03-05 12:59:09,Sheet1,GRA,Multivariate,Ridge,0.45934,6.03154,1.66175,54.07
2026-03-05 12:59:10,Sheet1,GRA,Multivariate,Huber,0.47495,6.23660,1.74825,52.50
2026-03-05 13:03:10,Sheet1,GRA,Univariate,Baseline_SMA,0.41947,6.26237,1.24590,58.05
2026-03-05 13:03:10,Sheet1,GRA,Multivariate,Baseline_SMA,0.41947,6.26237,1.24590,58.05
2026-03-05 13:03:32,Sheet1,GRA,Univariate,TBATS,0.40453,6.03938,1.26717,59.55
2026-03-05 13:03:32,Sheet1,GRA,Univariate,Prophet,0.38977,5.81907,1.32293,61.02
2026-03-05 13:03:33,Sheet1,GRA,Univariate,LightGBM,0.39804,5.94245,1.20596,60.20
2026-03-05 13:03:37,Sheet1,GRA,Univariate,HistGB,0.43955,6.56215,1.18427,56.05
2026-03-05 13:03:37,Sheet1,GRA,Univariate,ExpSmoothing,0.39571,5.90763,1.23651,60.43
2026-03-05 13:03:37,Sheet1,GRA,Univariate,SARIMAX,0.40391,6.03015,1.38878,59.61
2026-03-05 13:03:37,Sheet1,GRA,Multivariate,LightGBM,0.52871,6.94251,2.05249,47.13
2026-03-05 13:03:40,Sheet1,GRA,Multivariate,XGBoost,0.57664,7.57180,2.09662,42.34
2026-03-05 13:03:41,Sheet1,GRA,Multivariate,HistGB,0.56151,7.37315,2.11677,43.85
2026-03-05 13:03:42,Sheet1,GRA,Multivariate,ExtraTrees,0.51878,6.81208,1.92933,48.12
2026-03-05 13:03:42,Sheet1,GRA,Multivariate,Ridge,0.46009,6.04137,1.72835,53.99
2026-03-05 13:03:43,Sheet1,GRA,Multivariate,Huber,0.47182,6.19541,1.82783,52.82
2026-03-05 13:10:23,Sheet1,GRA,Univariate,Baseline_SMA,0.41947,6.26237,1.24590,58.05
2026-03-05 13:10:23,Sheet1,GRA,Multivariate,Baseline_SMA,0.41947,6.26237,1.24590,58.05
2026-03-05 13:10:42,Sheet1,GRA,Univariate,TBATS,0.40453,6.03938,1.26717,59.55
2026-03-05 13:10:43,Sheet1,GRA,Univariate,Prophet,0.38977,5.81907,1.32293,61.02
2026-03-05 13:10:43,Sheet1,GRA,Univariate,LightGBM,0.39804,5.94245,1.20596,60.20
2026-03-05 13:10:47,Sheet1,GRA,Univariate,HistGB,0.43955,6.56215,1.18427,56.05
2026-03-05 13:10:47,Sheet1,GRA,Univariate,ExpSmoothing,0.39571,5.90763,1.23651,60.43
2026-03-05 13:10:47,Sheet1,GRA,Univariate,SARIMAX,0.40391,6.03015,1.38878,59.61
2026-03-05 13:10:47,Sheet1,GRA,Multivariate,LightGBM,0.55480,7.28502,2.15570,44.52
2026-03-05 13:10:48,Sheet1,GRA,Multivariate,XGBoost,0.57570,7.55945,2.16952,42.43
2026-03-05 13:10:48,Sheet1,GRA,Multivariate,HistGB,0.56131,7.37050,2.05598,43.87
2026-03-05 13:10:48,Sheet1,GRA,Multivariate,ExtraTrees,0.52264,6.86280,1.94278,47.74
2026-03-05 13:10:48,Sheet1,GRA,Multivariate,Ridge,0.46009,6.04137,1.72835,53.99
2026-03-05 13:10:50,Sheet1,GRA,Multivariate,Huber,0.47182,6.19541,1.82783,52.82
2026-03-05 13:21:50,Sheet1,GRA,Univariate,Baseline_SMA,0.41947,6.26237,1.24590,58.05
2026-03-05 13:21:50,Sheet1,GRA,Multivariate,Baseline_SMA,0.41947,6.26237,1.24590,58.05
2026-03-05 13:22:09,Sheet1,GRA,Univariate,TBATS,0.40453,6.03938,1.26717,59.55
2026-03-05 13:22:09,Sheet1,GRA,Univariate,Prophet,0.38977,5.81907,1.32293,61.02
2026-03-05 13:22:10,Sheet1,GRA,Univariate,LightGBM,0.39804,5.94245,1.20596,60.20
2026-03-05 13:22:13,Sheet1,GRA,Univariate,HistGB,0.43955,6.56215,1.18427,56.05
2026-03-05 13:22:13,Sheet1,GRA,Univariate,ExpSmoothing,0.39571,5.90763,1.23651,60.43
2026-03-05 13:22:13,Sheet1,GRA,Univariate,SARIMAX,0.40391,6.03015,1.38878,59.61
2026-03-05 13:22:14,Sheet1,GRA,Multivariate,LightGBM,0.52695,6.91935,1.99511,47.30
2026-03-05 13:22:14,Sheet1,GRA,Multivariate,XGBoost,0.57146,7.50386,2.08415,42.85
2026-03-05 13:22:15,Sheet1,GRA,Multivariate,HistGB,0.55332,7.26562,2.12576,44.67
2026-03-05 13:22:15,Sheet1,GRA,Multivariate,ExtraTrees,0.50501,6.63122,1.92035,49.50
2026-03-05 13:22:15,Sheet1,GRA,Multivariate,Ridge,0.46009,6.04137,1.72835,53.99
2026-03-05 13:22:18,Sheet1,GRA,Multivariate,Huber,0.47182,6.19541,1.82783,52.82
2026-03-05 13:30:54,Sheet1,Canceled,Univariate,Baseline_SMA,0.59166,22.56190,0.35046,40.83
2026-03-05 13:30:54,Sheet1,Canceled,Multivariate,Baseline_SMA,0.59166,22.56190,0.35046,40.83
2026-03-05 13:31:05,Sheet1,Canceled,Univariate,TBATS,0.76846,29.30394,0.70773,23.15
2026-03-05 13:31:05,Sheet1,Canceled,Univariate,Prophet,0.64801,24.71082,0.67947,35.20
2026-03-05 13:31:06,Sheet1,Canceled,Univariate,LightGBM,0.61526,23.46197,0.48726,38.47
2026-03-05 13:31:11,Sheet1,Canceled,Univariate,HistGB,0.68747,26.21561,0.67122,31.25
2026-03-05 13:31:11,Sheet1,Canceled,Univariate,ExpSmoothing,0.61513,23.45678,0.53869,38.49
2026-03-05 13:31:11,Sheet1,Canceled,Univariate,SARIMAX,0.62966,24.01099,0.62534,37.03
2026-03-05 13:31:12,Sheet1,Canceled,Multivariate,LightGBM,0.47626,17.79465,0.52178,52.37
2026-03-05 13:31:38,Sheet1,Canceled,Multivariate,XGBoost,0.45156,16.87208,0.53071,54.84
2026-03-05 13:31:39,Sheet1,Canceled,Multivariate,HistGB,0.49760,18.59218,0.49535,50.24
2026-03-05 13:31:39,Sheet1,Canceled,Multivariate,ExtraTrees,0.42139,15.74484,0.39704,57.86
2026-03-05 13:31:39,Sheet1,Canceled,Multivariate,Ridge,0.45864,17.13657,0.38660,54.14
2026-03-05 13:31:39,Sheet1,Canceled,Multivariate,Huber,0.45887,17.14505,0.44544,54.11
2026-03-05 13:31:43,Sheet1,Canceled,Multivariate,ExtraTrees,0.42139,15.74484,0.39704,57.86
2026-03-05 13:38:59,Sheet1,Canceled,Univariate,Baseline_SMA,0.59166,22.56190,0.35046,40.83
2026-03-05 13:38:59,Sheet1,Canceled,Multivariate,Baseline_SMA,0.59166,22.56190,0.35046,40.83
2026-03-05 13:39:09,Sheet1,Canceled,Univariate,TBATS,0.76846,29.30394,0.70773,23.15
2026-03-05 13:39:09,Sheet1,Canceled,Univariate,Prophet,0.64801,24.71082,0.67947,35.20
2026-03-05 13:39:10,Sheet1,Canceled,Univariate,LightGBM,0.61526,23.46197,0.48726,38.47
2026-03-05 13:39:15,Sheet1,Canceled,Univariate,HistGB,0.68747,26.21561,0.67122,31.25
2026-03-05 13:39:15,Sheet1,Canceled,Univariate,ExpSmoothing,0.61513,23.45678,0.53869,38.49
2026-03-05 13:39:15,Sheet1,Canceled,Univariate,SARIMAX,0.62966,24.01099,0.62534,37.03
2026-03-05 13:39:16,Sheet1,Canceled,Multivariate,LightGBM,0.52303,19.54216,0.59629,47.70
2026-03-05 13:39:38,Sheet1,Canceled,Multivariate,XGBoost,0.63738,23.81468,0.79543,36.26
2026-03-05 13:39:39,Sheet1,Canceled,Multivariate,HistGB,0.46032,17.19918,0.48184,53.97
2026-03-05 13:39:39,Sheet1,Canceled,Multivariate,ExtraTrees,0.42341,15.82005,0.38515,57.66
2026-03-05 13:39:39,Sheet1,Canceled,Multivariate,Ridge,0.44114,16.48273,0.38447,55.89
2026-03-05 13:39:39,Sheet1,Canceled,Multivariate,Huber,0.42654,15.93701,0.45224,57.35
2026-03-05 13:39:43,Sheet1,Canceled,Multivariate,ExtraTrees,0.42341,15.82005,0.38515,57.66
2026-03-05 13:50:13,Sheet1,Canceled,Univariate,Baseline_SMA,0.59166,22.56190,0.35046,40.83
2026-03-05 13:50:13,Sheet1,Canceled,Multivariate,Baseline_SMA,0.59166,22.56190,0.35046,40.83
2026-03-05 13:50:23,Sheet1,Canceled,Univariate,TBATS,0.76846,29.30394,0.70773,23.15
2026-03-05 13:50:23,Sheet1,Canceled,Univariate,Prophet,0.64801,24.71082,0.67947,35.20
2026-03-05 13:50:24,Sheet1,Canceled,Univariate,LightGBM,0.61526,23.46197,0.48726,38.47
2026-03-05 13:50:29,Sheet1,Canceled,Univariate,HistGB,0.68747,26.21561,0.67122,31.25
2026-03-05 13:50:29,Sheet1,Canceled,Univariate,ExpSmoothing,0.61513,23.45678,0.53869,38.49
2026-03-05 13:50:30,Sheet1,Canceled,Univariate,SARIMAX,0.62966,24.01099,0.62534,37.03
2026-03-05 13:50:30,Sheet1,Canceled,Multivariate,LightGBM,0.50591,18.90276,0.57314,49.41
2026-03-05 13:50:48,Sheet1,Canceled,Multivariate,XGBoost,0.52707,19.69307,0.67185,47.29
2026-03-05 13:50:51,Sheet1,Canceled,Multivariate,HistGB,0.49676,18.56070,0.55005,50.32
2026-03-05 13:50:52,Sheet1,Canceled,Multivariate,ExtraTrees,0.41160,15.37892,0.38166,58.84
2026-03-05 13:50:52,Sheet1,Canceled,Multivariate,Ridge,0.44114,16.48273,0.38447,55.89
2026-03-05 13:50:52,Sheet1,Canceled,Multivariate,Huber,0.42654,15.93701,0.45224,57.35
2026-03-05 13:50:56,Sheet1,Canceled,Multivariate,ExtraTrees,0.41160,15.37892,0.38166,58.84
2026-03-05 16:25:32,Sheet1,cups_sold,Univariate,Baseline_SMA,0.14004,40.51429,0.15723,86.00
2026-03-05 16:25:32,Sheet1,cups_sold,Multivariate,Baseline_SMA,0.14004,40.51429,0.15723,86.00
2026-03-05 16:25:42,Sheet1,cups_sold,Univariate,Prophet,0.11203,32.41138,0.12312,88.80
2026-03-05 16:25:48,Sheet1,cups_sold,Univariate,LightGBM,0.14275,41.29866,0.13721,85.72
2026-03-05 16:25:56,Sheet1,cups_sold,Univariate,HistGB,0.13564,39.23995,0.13047,86.44
2026-03-05 16:25:56,Sheet1,cups_sold,Univariate,ExpSmoothing,0.17201,49.76373,0.16250,82.80
2026-03-05 16:25:58,Sheet1,cups_sold,Univariate,SARIMAX,0.09108,26.34943,0.09788,90.89
2026-03-05 16:26:03,Sheet1,cups_sold,Multivariate,LightGBM,0.04834,13.98547,0.05024,95.17
2026-03-05 16:27:48,Sheet1,cups_sold,Multivariate,XGBoost,0.04851,14.03525,0.05101,95.15
2026-03-05 16:30:04,Sheet1,cups_sold,Multivariate,HistGB,0.04538,13.12709,0.04798,95.46
2026-03-05 16:30:04,Sheet1,cups_sold,Multivariate,ExtraTrees,0.04736,13.70126,0.04811,95.26
2026-03-05 16:30:04,Sheet1,cups_sold,Multivariate,Ridge,0.04668,13.50560,0.04679,95.33
2026-03-05 16:30:08,Sheet1,cups_sold,Multivariate,Huber,0.04810,13.91522,0.04806,95.19
2026-03-05 16:30:20,Sheet1,cups_sold,Multivariate,HistGB,0.04538,13.12709,0.04798,95.46
2026-03-05 16:32:48,Sheet1,Daily_Sales,Univariate,Baseline_SMA,0.19287,175.84595,0.17456,80.71
2026-03-05 16:32:48,Sheet1,Daily_Sales,Multivariate,Baseline_SMA,0.19287,175.84595,0.17456,80.71
2026-03-05 16:32:56,Sheet1,Daily_Sales,Univariate,Prophet,0.49690,453.04795,0.49856,50.31
2026-03-05 16:33:01,Sheet1,Daily_Sales,Univariate,LightGBM,0.19499,177.78673,0.19658,80.50
2026-03-05 16:33:08,Sheet1,Daily_Sales,Univariate,HistGB,0.21017,191.62501,0.21186,78.98
2026-03-05 16:33:09,Sheet1,Daily_Sales,Univariate,ExpSmoothing,0.07309,66.64011,0.07563,92.69
2026-03-05 16:33:10,Sheet1,Daily_Sales,Univariate,SARIMAX,0.14949,136.30042,0.14406,85.05
2026-03-05 16:33:12,Sheet1,Daily_Sales,Multivariate,LightGBM,0.08978,81.85739,0.09076,91.02
2026-03-05 16:34:56,Sheet1,Daily_Sales,Multivariate,XGBoost,0.08492,77.42616,0.08556,91.51
2026-03-05 16:35:14,Sheet1,Daily_Sales,Multivariate,HistGB,0.08373,76.33845,0.08592,91.63
2026-03-05 16:35:14,Sheet1,Daily_Sales,Multivariate,ExtraTrees,0.10950,99.83451,0.10660,89.05
2026-03-05 16:35:14,Sheet1,Daily_Sales,Multivariate,Ridge,0.04898,44.66163,0.04816,95.10
2026-03-05 16:35:21,Sheet1,Daily_Sales,Multivariate,Huber,0.04876,44.45613,0.04796,95.12
2026-03-05 16:35:36,Sheet1,Daily_Sales,Multivariate,Huber,0.04876,44.45613,0.04796,95.12
2026-03-05 17:01:15,Sheet1,Daily_Sales,Univariate,Baseline_SMA,0.19287,175.84595,0.17456,80.71
2026-03-05 17:01:15,Sheet1,Daily_Sales,Multivariate,Baseline_SMA,0.19287,175.84595,0.17456,80.71
2026-03-05 17:01:21,Sheet1,Daily_Sales,Univariate,Prophet,0.49690,453.04795,0.49856,50.31
2026-03-05 17:01:32,Sheet1,Daily_Sales,Univariate,LightGBM,0.19499,177.78673,0.19658,80.50
2026-03-05 17:01:40,Sheet1,Daily_Sales,Univariate,HistGB,0.21017,191.62501,0.21186,78.98
2026-03-05 17:01:40,Sheet1,Daily_Sales,Univariate,ExpSmoothing,0.07309,66.64011,0.07563,92.69
2026-03-05 17:01:41,Sheet1,Daily_Sales,Univariate,SARIMAX,0.14949,136.30042,0.14406,85.05
2026-03-05 17:01:43,Sheet1,Daily_Sales,Multivariate,LightGBM,0.08869,80.86779,0.08867,91.13
2026-03-05 17:03:34,Sheet1,Daily_Sales,Multivariate,XGBoost,0.08727,79.56839,0.08777,91.27
2026-03-05 17:03:57,Sheet1,Daily_Sales,Multivariate,HistGB,0.08829,80.50030,0.09071,91.17
2026-03-05 17:03:57,Sheet1,Daily_Sales,Multivariate,ExtraTrees,0.10618,96.80930,0.10286,89.38
2026-03-05 17:03:57,Sheet1,Daily_Sales,Multivariate,Ridge,0.04898,44.66163,0.04816,95.10
2026-03-05 17:04:05,Sheet1,Daily_Sales,Multivariate,Huber,0.04876,44.45632,0.04796,95.12
2026-03-05 17:04:18,Sheet1,Daily_Sales,Multivariate,Huber,0.04876,44.45632,0.04796,95.12
2026-03-05 17:11:48,Sheet1,Daily_Sales,Univariate,Baseline_SMA,0.19287,175.84595,0.17456,80.71
2026-03-05 17:11:48,Sheet1,Daily_Sales,Multivariate,Baseline_SMA,0.19287,175.84595,0.17456,80.71
2026-03-05 17:11:57,Sheet1,Daily_Sales,Univariate,Prophet,0.49690,453.04795,0.49856,50.31
2026-03-05 17:11:59,Sheet1,Daily_Sales,Univariate,LightGBM,0.19499,177.78673,0.19658,80.50
2026-03-05 17:12:05,Sheet1,Daily_Sales,Univariate,HistGB,0.21017,191.62501,0.21186,78.98
2026-03-05 17:12:05,Sheet1,Daily_Sales,Univariate,ExpSmoothing,0.07309,66.64011,0.07563,92.69
2026-03-05 17:12:06,Sheet1,Daily_Sales,Univariate,SARIMAX,0.14949,136.30042,0.14406,85.05
2026-03-05 17:12:08,Sheet1,Daily_Sales,Multivariate,LightGBM,0.09192,83.81236,0.09333,90.81
2026-03-05 17:13:54,Sheet1,Daily_Sales,Multivariate,XGBoost,0.08550,77.95180,0.08715,91.45
2026-03-05 17:15:05,Sheet1,Daily_Sales,Multivariate,HistGB,0.08294,75.61728,0.08504,91.71
2026-03-05 17:15:05,Sheet1,Daily_Sales,Multivariate,ExtraTrees,0.09917,90.42118,0.09500,90.08
2026-03-05 17:15:05,Sheet1,Daily_Sales,Multivariate,Ridge,0.04898,44.66163,0.04816,95.10
2026-03-05 17:15:13,Sheet1,Daily_Sales,Multivariate,Huber,0.04876,44.45623,0.04796,95.12
2026-03-05 17:15:30,Sheet1,Daily_Sales,Multivariate,Huber,0.04876,44.45623,0.04796,95.12
2026-03-05 17:33:52,Sheet1,cups_sold,Univariate,Baseline_SMA,0.14004,40.51429,0.15723,86.00
2026-03-05 17:33:52,Sheet1,cups_sold,Multivariate,Baseline_SMA,0.14004,40.51429,0.15723,86.00
2026-03-05 17:33:57,Sheet1,cups_sold,Univariate,Prophet,0.11203,32.41138,0.12312,88.80
2026-03-05 17:33:58,Sheet1,cups_sold,Univariate,LightGBM,0.14275,41.29866,0.13721,85.72
2026-03-05 17:34:06,Sheet1,cups_sold,Univariate,HistGB,0.13564,39.23995,0.13047,86.44
2026-03-05 17:34:06,Sheet1,cups_sold,Univariate,ExpSmoothing,0.17201,49.76373,0.16250,82.80
2026-03-05 17:34:09,Sheet1,cups_sold,Univariate,SARIMAX,0.09108,26.34943,0.09788,90.89
2026-03-05 17:34:14,Sheet1,cups_sold,Multivariate,LightGBM,0.05110,14.78261,0.05309,94.89
2026-03-05 17:36:32,Sheet1,cups_sold,Multivariate,XGBoost,0.04926,14.25100,0.05150,95.07
2026-03-05 17:37:27,Sheet1,cups_sold,Multivariate,HistGB,0.04800,13.88522,0.05097,95.20
2026-03-05 17:37:28,Sheet1,cups_sold,Multivariate,ExtraTrees,0.04662,13.48684,0.04767,95.34
2026-03-05 17:37:28,Sheet1,cups_sold,Multivariate,Ridge,0.04668,13.50560,0.04679,95.33
2026-03-05 17:37:33,Sheet1,cups_sold,Multivariate,Huber,0.04810,13.91522,0.04806,95.19
2026-03-05 17:37:42,Sheet1,cups_sold,Multivariate,ExtraTrees,0.04662,13.48684,0.04767,95.34
2026-03-05 17:47:54,Sheet1,cups_sold,Univariate,Baseline_SMA,0.14004,40.51429,0.15723,86.00
2026-03-05 17:47:54,Sheet1,cups_sold,Multivariate,Baseline_SMA,0.14004,40.51429,0.15723,86.00
2026-03-05 17:48:02,Sheet1,cups_sold,Univariate,Prophet,0.11203,32.41138,0.12312,88.80
2026-03-05 17:48:04,Sheet1,cups_sold,Univariate,LightGBM,0.14275,41.29866,0.13721,85.72
2026-03-05 17:48:28,Sheet1,cups_sold,Univariate,HistGB,0.13564,39.23995,0.13047,86.44
2026-03-05 17:48:28,Sheet1,cups_sold,Univariate,ExpSmoothing,0.17201,49.76373,0.16250,82.80
2026-03-05 17:48:31,Sheet1,cups_sold,Univariate,SARIMAX,0.09108,26.34943,0.09788,90.89
2026-03-05 17:49:05,Sheet1,cups_sold,Multivariate,LightGBM,0.05203,15.05095,0.05378,94.80
2026-03-05 17:51:50,Sheet1,cups_sold,Multivariate,XGBoost,0.04535,13.11966,0.04745,95.47
2026-03-05 17:54:18,Sheet1,cups_sold,Multivariate,HistGB,0.04556,13.18132,0.04826,95.44
2026-03-05 17:54:18,Sheet1,cups_sold,Multivariate,ExtraTrees,0.04604,13.32080,0.04680,95.40
2026-03-05 17:54:18,Sheet1,cups_sold,Multivariate,Ridge,0.04668,13.50560,0.04679,95.33
2026-03-05 17:54:23,Sheet1,cups_sold,Multivariate,Huber,0.04810,13.91522,0.04806,95.19
2026-03-05 17:56:58,Sheet1,cups_sold,Multivariate,XGBoost,0.04535,13.11966,0.04745,95.47
2026-03-05 17:59:16,Sheet1,Canceled,Univariate,Baseline_SMA,0.59166,22.56190,0.35046,40.83
2026-03-05 17:59:16,Sheet1,Canceled,Multivariate,Baseline_SMA,0.59166,22.56190,0.35046,40.83
2026-03-05 17:59:25,Sheet1,Canceled,Univariate,TBATS,0.76846,29.30394,0.70773,23.15
2026-03-05 17:59:25,Sheet1,Canceled,Univariate,Prophet,0.64801,24.71082,0.67947,35.20
2026-03-05 17:59:26,Sheet1,Canceled,Univariate,LightGBM,0.61526,23.46197,0.48726,38.47
2026-03-05 17:59:30,Sheet1,Canceled,Univariate,HistGB,0.68747,26.21561,0.67122,31.25
2026-03-05 17:59:30,Sheet1,Canceled,Univariate,ExpSmoothing,0.61513,23.45678,0.53869,38.49
2026-03-05 17:59:31,Sheet1,Canceled,Univariate,SARIMAX,0.62966,24.01099,0.62534,37.03
2026-03-05 17:59:31,Sheet1,Canceled,Multivariate,LightGBM,0.49252,18.40250,0.55685,50.75
2026-03-05 17:59:33,Sheet1,Canceled,Multivariate,XGBoost,0.64459,24.08407,0.79869,35.54
2026-03-05 17:59:34,Sheet1,Canceled,Multivariate,HistGB,0.48453,18.10397,0.52208,51.55
2026-03-05 17:59:34,Sheet1,Canceled,Multivariate,ExtraTrees,0.41966,15.67986,0.39524,58.03
2026-03-05 17:59:34,Sheet1,Canceled,Multivariate,Ridge,0.44114,16.48273,0.38447,55.89
2026-03-05 17:59:34,Sheet1,Canceled,Multivariate,Huber,0.42654,15.93701,0.45224,57.35
2026-03-05 17:59:38,Sheet1,Canceled,Multivariate,ExtraTrees,0.41966,15.67986,0.39524,58.03
2026-03-05 18:00:37,Sheet1,Canceled,Univariate,Baseline_SMA,0.59166,22.56190,0.35046,40.83
2026-03-05 18:00:37,Sheet1,Canceled,Multivariate,Baseline_SMA,0.59166,22.56190,0.35046,40.83
2026-03-05 18:00:45,Sheet1,Canceled,Univariate,TBATS,0.76846,29.30394,0.70773,23.15
2026-03-05 18:00:45,Sheet1,Canceled,Univariate,Prophet,0.64801,24.71082,0.67947,35.20
2026-03-05 18:00:46,Sheet1,Canceled,Univariate,LightGBM,0.61526,23.46197,0.48726,38.47
2026-03-05 18:00:50,Sheet1,Canceled,Univariate,HistGB,0.68747,26.21561,0.67122,31.25
2026-03-05 18:00:50,Sheet1,Canceled,Univariate,ExpSmoothing,0.61513,23.45678,0.53869,38.49
2026-03-05 18:00:51,Sheet1,Canceled,Univariate,SARIMAX,0.62966,24.01099,0.62534,37.03
2026-03-05 18:00:51,Sheet1,Canceled,Multivariate,LightGBM,0.76461,28.56870,0.86788,23.54
2026-03-05 18:00:52,Sheet1,Canceled,Multivariate,XGBoost,0.72929,27.24893,0.82221,27.07
2026-03-05 18:00:52,Sheet1,Canceled,Multivariate,HistGB,0.80666,30.13978,0.90209,19.33
2026-03-05 18:00:52,Sheet1,Canceled,Multivariate,ExtraTrees,0.54698,20.43699,0.48616,45.30
2026-03-05 18:00:52,Sheet1,Canceled,Multivariate,Ridge,0.53817,20.10794,0.43793,46.18
2026-03-05 18:00:53,Sheet1,Canceled,Multivariate,Huber,0.55370,20.68820,0.46750,44.63
2026-03-05 18:00:53,Sheet1,Canceled,Multivariate,Ridge,0.53817,20.10794,0.43793,46.18
2026-03-05 18:13:54,Sheet1,Canceled,Univariate,Baseline_SMA,0.59166,22.56190,0.35046,40.83
2026-03-05 18:13:54,Sheet1,Canceled,Multivariate,Baseline_SMA,0.59166,22.56190,0.35046,40.83
2026-03-05 18:14:01,Sheet1,Canceled,Univariate,TBATS,0.76846,29.30394,0.70773,23.15
2026-03-05 18:14:02,Sheet1,Canceled,Univariate,Prophet,0.64801,24.71082,0.67947,35.20
2026-03-05 18:14:03,Sheet1,Canceled,Univariate,LightGBM,0.61526,23.46197,0.48726,38.47
2026-03-05 18:14:05,Sheet1,Canceled,Univariate,HistGB,0.68747,26.21561,0.67122,31.25
2026-03-05 18:14:05,Sheet1,Canceled,Univariate,ExpSmoothing,0.61513,23.45678,0.53869,38.49
2026-03-05 18:14:06,Sheet1,Canceled,Univariate,SARIMAX,0.62966,24.01099,0.62534,37.03
2026-03-05 18:14:06,Sheet1,Canceled,Multivariate,LightGBM,0.73757,27.55818,0.84158,26.24
2026-03-05 18:14:07,Sheet1,Canceled,Multivariate,XGBoost,0.79876,29.84462,0.91376,20.12
2026-03-05 18:14:08,Sheet1,Canceled,Multivariate,HistGB,0.78370,29.28181,0.89056,21.63
2026-03-05 18:14:08,Sheet1,Canceled,Multivariate,ExtraTrees,0.57403,21.44768,0.50887,42.60
2026-03-05 18:14:08,Sheet1,Canceled,Multivariate,Ridge,0.52986,19.79739,0.43990,47.01
2026-03-05 18:14:09,Sheet1,Canceled,Multivariate,Huber,0.53283,19.90831,0.44821,46.72
2026-03-05 18:14:09,Sheet1,Canceled,Multivariate,Ridge,0.52986,19.79739,0.43990,47.01
2026-03-05 19:08:20,Sheet1,cups_sold,Univariate,Baseline_SMA,0.14004,40.51429,0.15723,86.00
2026-03-05 19:08:20,Sheet1,cups_sold,Multivariate,Baseline_SMA,0.14004,40.51429,0.15723,86.00
2026-03-05 19:08:29,Sheet1,cups_sold,Univariate,Prophet,0.11203,32.41138,0.12312,88.80
2026-03-05 19:08:32,Sheet1,cups_sold,Univariate,LightGBM,0.14275,41.29866,0.13721,85.72
2026-03-05 19:08:40,Sheet1,cups_sold,Univariate,HistGB,0.13564,39.23995,0.13047,86.44
2026-03-05 19:08:40,Sheet1,cups_sold,Univariate,ExpSmoothing,0.17201,49.76373,0.16250,82.80
2026-03-05 19:08:43,Sheet1,cups_sold,Univariate,SARIMAX,0.09108,26.34943,0.09788,90.89
2026-03-05 19:08:45,Sheet1,cups_sold,Multivariate,LightGBM,0.04891,14.15052,0.05096,95.11
2026-03-05 19:08:50,Sheet1,cups_sold,Multivariate,XGBoost,0.04731,13.68776,0.04991,95.27
2026-03-05 19:08:52,Sheet1,cups_sold,Multivariate,HistGB,0.04466,12.91882,0.04691,95.53
2026-03-05 19:08:52,Sheet1,cups_sold,Multivariate,ExtraTrees,0.04634,13.40499,0.04762,95.37
2026-03-05 19:08:52,Sheet1,cups_sold,Multivariate,Ridge,0.04668,13.50560,0.04679,95.33
2026-03-05 19:08:54,Sheet1,cups_sold,Multivariate,Huber,0.04810,13.91522,0.04806,95.19
2026-03-05 19:08:57,Sheet1,cups_sold,Multivariate,HistGB,0.04466,12.91882,0.04691,95.53
2026-03-05 19:15:31,Sheet1,Canceled,Univariate,Baseline_SMA,0.59166,22.56190,0.35046,40.83
2026-03-05 19:15:31,Sheet1,Canceled,Multivariate,Baseline_SMA,0.59166,22.56190,0.35046,40.83
2026-03-05 19:15:39,Sheet1,Canceled,Univariate,TBATS,0.76846,29.30394,0.70773,23.15
2026-03-05 19:15:39,Sheet1,Canceled,Univariate,Prophet,0.64801,24.71082,0.67947,35.20
2026-03-05 19:15:40,Sheet1,Canceled,Univariate,LightGBM,0.61526,23.46197,0.48726,38.47
2026-03-05 19:15:44,Sheet1,Canceled,Univariate,HistGB,0.68747,26.21561,0.67122,31.25
2026-03-05 19:15:44,Sheet1,Canceled,Univariate,ExpSmoothing,0.61513,23.45678,0.53869,38.49
2026-03-05 19:15:45,Sheet1,Canceled,Univariate,SARIMAX,0.62966,24.01099,0.62534,37.03
2026-03-05 19:15:45,Sheet1,Canceled,Multivariate,LightGBM,0.77441,28.93460,0.88907,22.56
2026-03-05 19:15:46,Sheet1,Canceled,Multivariate,XGBoost,0.77988,29.13927,0.91068,22.01
2026-03-05 19:15:47,Sheet1,Canceled,Multivariate,HistGB,0.73979,27.64133,0.81198,26.02
2026-03-05 19:15:48,Sheet1,Canceled,Multivariate,ExtraTrees,0.53642,20.04278,0.46016,46.36
2026-03-05 19:15:48,Sheet1,Canceled,Multivariate,Ridge,0.52986,19.79739,0.43990,47.01
2026-03-05 19:15:48,Sheet1,Canceled,Multivariate,Huber,0.53283,19.90831,0.44821,46.72
2026-03-05 19:15:48,Sheet1,Canceled,Multivariate,Ridge,0.52986,19.79739,0.43990,47.01
2026-03-05 19:58:02,Sheet1,Canceled,Univariate,Baseline_SMA,0.59166,22.56190,0.35046,40.83
2026-03-05 19:58:02,Sheet1,Canceled,Multivariate,Baseline_SMA,0.59166,22.56190,0.35046,40.83
2026-03-05 19:58:10,Sheet1,Canceled,Univariate,TBATS,0.76846,29.30394,0.70773,23.15
2026-03-05 19:58:10,Sheet1,Canceled,Univariate,Prophet,0.64801,24.71082,0.67947,35.20
2026-03-05 19:58:11,Sheet1,Canceled,Univariate,LightGBM,0.61526,23.46197,0.48726,38.47
2026-03-05 19:58:14,Sheet1,Canceled,Univariate,HistGB,0.68747,26.21561,0.67122,31.25
2026-03-05 19:58:15,Sheet1,Canceled,Univariate,ExpSmoothing,0.61513,23.45678,0.53869,38.49
2026-03-05 19:58:15,Sheet1,Canceled,Univariate,SARIMAX,0.62966,24.01099,0.62534,37.03
2026-03-05 19:58:15,Sheet1,Canceled,Multivariate,LightGBM,0.75491,28.20630,0.85458,24.51
2026-03-05 19:58:17,Sheet1,Canceled,Multivariate,XGBoost,0.79600,29.74144,0.90375,20.40
2026-03-05 19:58:18,Sheet1,Canceled,Multivariate,HistGB,0.75472,28.19890,0.84901,24.53
2026-03-05 19:58:18,Sheet1,Canceled,Multivariate,ExtraTrees,0.54068,20.20174,0.46133,45.93
2026-03-05 19:58:18,Sheet1,Canceled,Multivariate,Ridge,0.52986,19.79739,0.43990,47.01
2026-03-05 19:58:18,Sheet1,Canceled,Multivariate,Huber,0.53283,19.90831,0.44821,46.72
2026-03-05 19:58:19,Sheet1,Canceled,Multivariate,Ridge,0.52986,19.79739,0.43990,47.01
2026-03-05 20:00:33,Sheet1,Canceled,Univariate,Baseline_SMA,0.59166,22.56190,0.35046,40.83
2026-03-05 20:00:33,Sheet1,Canceled,Multivariate,Baseline_SMA,0.59166,22.56190,0.35046,40.83
2026-03-05 20:00:43,Sheet1,Canceled,Univariate,TBATS,0.76846,29.30394,0.70773,23.15
2026-03-05 20:00:43,Sheet1,Canceled,Univariate,Prophet,0.64801,24.71082,0.67947,35.20
2026-03-05 20:00:44,Sheet1,Canceled,Univariate,LightGBM,0.61526,23.46197,0.48726,38.47
2026-03-05 20:00:50,Sheet1,Canceled,Univariate,HistGB,0.68747,26.21561,0.67122,31.25
2026-03-05 20:00:50,Sheet1,Canceled,Univariate,ExpSmoothing,0.61513,23.45678,0.53869,38.49
2026-03-05 20:00:50,Sheet1,Canceled,Univariate,SARIMAX,0.62966,24.01099,0.62534,37.03
2026-03-05 20:00:50,Sheet1,Canceled,Multivariate,LightGBM,0.77929,29.11722,0.90289,22.07
2026-03-05 20:00:51,Sheet1,Canceled,Multivariate,XGBoost,0.80987,30.25982,0.92167,19.01
2026-03-05 20:00:52,Sheet1,Canceled,Multivariate,HistGB,0.76253,28.49102,0.81871,23.75
2026-03-05 20:00:52,Sheet1,Canceled,Multivariate,ExtraTrees,0.54294,20.28637,0.47024,45.71
2026-03-05 20:00:52,Sheet1,Canceled,Multivariate,Ridge,0.52986,19.79739,0.43990,47.01
2026-03-05 20:00:52,Sheet1,Canceled,Multivariate,Huber,0.53283,19.90831,0.44821,46.72
2026-03-05 20:00:53,Sheet1,Canceled,Multivariate,Ridge,0.52986,19.79739,0.43990,47.01
2026-03-05 20:01:45,Sheet1,Canceled,Univariate,Baseline_SMA,0.59166,22.56190,0.35046,40.83
2026-03-05 20:01:45,Sheet1,Canceled,Multivariate,Baseline_SMA,0.59166,22.56190,0.35046,40.83
2026-03-05 20:01:56,Sheet1,Canceled,Univariate,TBATS,0.76846,29.30394,0.70773,23.15
2026-03-05 20:01:56,Sheet1,Canceled,Univariate,Prophet,0.64801,24.71082,0.67947,35.20
2026-03-05 20:01:58,Sheet1,Canceled,Univariate,LightGBM,0.61526,23.46197,0.48726,38.47
2026-03-05 20:02:03,Sheet1,Canceled,Univariate,HistGB,0.68747,26.21561,0.67122,31.25
2026-03-05 20:02:03,Sheet1,Canceled,Univariate,ExpSmoothing,0.61513,23.45678,0.53869,38.49
2026-03-05 20:02:04,Sheet1,Canceled,Univariate,SARIMAX,0.62966,24.01099,0.62534,37.03
2026-03-05 20:02:04,Sheet1,Canceled,Multivariate,LightGBM,0.49562,18.51835,0.54327,50.44
2026-03-05 20:03:09,Sheet1,Canceled,Multivariate,XGBoost,0.69526,25.97749,0.91712,30.47
2026-03-05 20:03:11,Sheet1,Canceled,Multivariate,HistGB,0.46490,17.37036,0.49056,53.51
2026-03-05 20:03:11,Sheet1,Canceled,Multivariate,ExtraTrees,0.43794,16.36314,0.42190,56.21
2026-03-05 20:03:11,Sheet1,Canceled,Multivariate,Ridge,0.44114,16.48273,0.38447,55.89
2026-03-05 20:03:12,Sheet1,Canceled,Multivariate,Huber,0.42654,15.93701,0.45224,57.35
2026-03-05 20:03:13,Sheet1,Canceled,Multivariate,Huber,0.42654,15.93701,0.45224,57.35
2026-03-05 20:13:22,Sheet1,Canceled,Univariate,Baseline_SMA,0.59166,22.56190,0.35046,40.83
2026-03-05 20:13:22,Sheet1,Canceled,Multivariate,Baseline_SMA,0.59166,22.56190,0.35046,40.83
2026-03-05 20:13:32,Sheet1,Canceled,Univariate,TBATS,0.76846,29.30394,0.70773,23.15
2026-03-05 20:13:33,Sheet1,Canceled,Univariate,Prophet,0.64801,24.71082,0.67947,35.20
2026-03-05 20:13:34,Sheet1,Canceled,Univariate,LightGBM,0.61526,23.46197,0.48726,38.47
2026-03-05 20:13:39,Sheet1,Canceled,Univariate,HistGB,0.68747,26.21561,0.67122,31.25
2026-03-05 20:13:40,Sheet1,Canceled,Univariate,ExpSmoothing,0.61513,23.45678,0.53869,38.49
2026-03-05 20:13:40,Sheet1,Canceled,Univariate,SARIMAX,0.62966,24.01099,0.62534,37.03
2026-03-05 20:13:40,Sheet1,Canceled,Multivariate,LightGBM,0.52476,19.60696,0.58681,47.52
2026-03-05 20:13:49,Sheet1,Canceled,Multivariate,XGBoost,0.62236,23.25380,0.85115,37.76
2026-03-05 20:13:50,Sheet1,Canceled,Multivariate,HistGB,0.46064,17.21135,0.50046,53.94
2026-03-05 20:13:50,Sheet1,Canceled,Multivariate,ExtraTrees,0.41081,15.34933,0.38423,58.92
2026-03-05 20:13:50,Sheet1,Canceled,Multivariate,Ridge,0.44114,16.48273,0.38447,55.89
2026-03-05 20:13:51,Sheet1,Canceled,Multivariate,Huber,0.42654,15.93701,0.45224,57.35
2026-03-05 20:13:54,Sheet1,Canceled,Multivariate,ExtraTrees,0.41081,15.34933,0.38423,58.92
2026-03-05 20:18:22,Sheet1,Canceled,Univariate,Baseline_SMA,0.59166,22.56190,0.35046,40.83
2026-03-05 20:18:22,Sheet1,Canceled,Multivariate,Baseline_SMA,0.59166,22.56190,0.35046,40.83
2026-03-05 20:18:33,Sheet1,Canceled,Univariate,TBATS,0.76846,29.30394,0.70773,23.15
2026-03-05 20:18:33,Sheet1,Canceled,Univariate,Prophet,0.64801,24.71082,0.67947,35.20
2026-03-05 20:18:34,Sheet1,Canceled,Univariate,LightGBM,0.61526,23.46197,0.48726,38.47
2026-03-05 20:18:40,Sheet1,Canceled,Univariate,HistGB,0.68747,26.21561,0.67122,31.25
2026-03-05 20:18:40,Sheet1,Canceled,Univariate,ExpSmoothing,0.61513,23.45678,0.53869,38.49
2026-03-05 20:18:40,Sheet1,Canceled,Univariate,SARIMAX,0.62966,24.01099,0.62534,37.03
2026-03-05 20:18:41,Sheet1,Canceled,Multivariate,LightGBM,0.50324,18.80275,0.57282,49.68
2026-03-05 20:18:57,Sheet1,Canceled,Multivariate,XGBoost,0.48577,18.15010,0.65179,51.42
2026-03-05 20:18:59,Sheet1,Canceled,Multivariate,HistGB,0.49648,18.55023,0.54794,50.35
2026-03-05 20:18:59,Sheet1,Canceled,Multivariate,ExtraTrees,0.44179,16.50677,0.42288,55.82
2026-03-05 20:18:59,Sheet1,Canceled,Multivariate,Ridge,0.44114,16.48273,0.38447,55.89
2026-03-05 20:18:59,Sheet1,Canceled,Multivariate,Huber,0.42654,15.93701,0.45224,57.35
2026-03-05 20:19:01,Sheet1,Canceled,Multivariate,Huber,0.42654,15.93701,0.45224,57.35
2026-03-05 20:21:17,Sheet1,sum of units,Univariate,Baseline_SMA,0.24251,61.71905,0.31142,75.75
2026-03-05 20:21:17,Sheet1,sum of units,Multivariate,Baseline_SMA,0.24251,61.71905,0.31142,75.75
2026-03-05 20:21:23,Sheet1,sum of units,Univariate,Prophet,0.24082,61.28907,0.30016,75.92
2026-03-05 20:21:52,Sheet1,sum of units,Univariate,LightGBM,0.26589,67.66787,0.27702,73.41
2026-03-05 20:21:59,Sheet1,sum of units,Univariate,HistGB,0.28038,71.35688,0.29351,71.96
2026-03-05 20:21:59,Sheet1,sum of units,Univariate,ExpSmoothing,0.27657,70.38704,0.37578,72.34
2026-03-05 20:22:01,Sheet1,sum of units,Univariate,SARIMAX,0.25190,64.10885,0.32348,74.81
2026-03-05 20:23:04,Sheet1,Canceled,Univariate,Baseline_SMA,0.59166,22.56190,0.35046,40.83
2026-03-05 20:23:04,Sheet1,Canceled,Multivariate,Baseline_SMA,0.59166,22.56190,0.35046,40.83
2026-03-05 20:23:21,Sheet1,Canceled,Univariate,TBATS,0.76846,29.30394,0.70773,23.15
2026-03-05 20:23:21,Sheet1,Canceled,Univariate,Prophet,0.64801,24.71082,0.67947,35.20
2026-03-05 20:23:24,Sheet1,Canceled,Univariate,LightGBM,0.61526,23.46197,0.48726,38.47
2026-03-05 20:23:32,Sheet1,Canceled,Univariate,HistGB,0.68747,26.21561,0.67122,31.25
2026-03-05 20:23:32,Sheet1,Canceled,Univariate,ExpSmoothing,0.61513,23.45678,0.53869,38.49
2026-03-05 20:23:33,Sheet1,Canceled,Univariate,SARIMAX,0.62966,24.01099,0.62534,37.03
2026-03-05 20:23:33,Sheet1,Canceled,Multivariate,LightGBM,0.51508,19.24541,0.61118,48.49
2026-03-05 20:24:30,Sheet1,Canceled,Multivariate,XGBoost,0.56652,21.16739,0.71318,43.35
2026-03-05 20:24:33,Sheet1,Canceled,Multivariate,HistGB,0.51326,19.17716,0.57811,48.67
2026-03-05 20:24:33,Sheet1,Canceled,Multivariate,ExtraTrees,0.43392,16.21299,0.40835,56.61
2026-03-05 20:24:33,Sheet1,Canceled,Multivariate,Ridge,0.44114,16.48273,0.38447,55.89
2026-03-05 20:24:33,Sheet1,Canceled,Multivariate,Huber,0.42654,15.93701,0.45224,57.35
2026-03-05 20:24:35,Sheet1,Canceled,Multivariate,Huber,0.42654,15.93701,0.45224,57.35
2026-03-05 20:30:59,Sheet1,Canceled,Univariate,Baseline_SMA,0.59166,22.56190,0.35046,40.83
2026-03-05 20:30:59,Sheet1,Canceled,Multivariate,Baseline_SMA,0.59166,22.56190,0.35046,40.83
2026-03-05 20:31:14,Sheet1,Canceled,Univariate,TBATS,0.76846,29.30394,0.70773,23.15
2026-03-05 20:31:14,Sheet1,Canceled,Univariate,Prophet,0.64801,24.71082,0.67947,35.20
2026-03-05 20:31:16,Sheet1,Canceled,Univariate,LightGBM,0.61526,23.46197,0.48726,38.47
2026-03-05 20:31:22,Sheet1,Canceled,Univariate,HistGB,0.68747,26.21561,0.67122,31.25
2026-03-05 20:31:22,Sheet1,Canceled,Univariate,ExpSmoothing,0.61513,23.45678,0.53869,38.49
2026-03-05 20:31:23,Sheet1,Canceled,Univariate,SARIMAX,0.62966,24.01099,0.62534,37.03
2026-03-05 20:31:23,Sheet1,Canceled,Multivariate,LightGBM,0.45493,16.99796,0.45425,54.51
2026-03-05 20:32:01,Sheet1,Canceled,Multivariate,XGBoost,0.39827,14.88069,0.45571,60.17
2026-03-05 20:32:08,Sheet1,Canceled,Multivariate,HistGB,0.50697,18.94241,0.51105,49.30
2026-03-05 20:32:08,Sheet1,Canceled,Multivariate,ExtraTrees,0.45237,16.90216,0.40879,54.76
2026-03-05 20:32:08,Sheet1,Canceled,Multivariate,Ridge,0.45864,17.13657,0.38660,54.14
2026-03-05 20:32:09,Sheet1,Canceled,Multivariate,Huber,0.45887,17.14505,0.44544,54.11
2026-03-05 20:32:57,Sheet1,Canceled,Multivariate,XGBoost,0.39827,14.88069,0.45571,60.17
2026-03-05 20:41:08,Sheet1,sum of units,Univariate,Baseline_SMA,0.24251,61.71905,0.31142,75.75
2026-03-05 20:41:08,Sheet1,sum of units,Multivariate,Baseline_SMA,0.24251,61.71905,0.31142,75.75
2026-03-05 20:41:18,Sheet1,sum of units,Univariate,Prophet,0.24082,61.28907,0.30016,75.92
2026-03-05 20:42:08,Sheet1,sum of units,Univariate,LightGBM,0.26589,67.66787,0.27702,73.41
2026-03-05 20:42:15,Sheet1,sum of units,Univariate,HistGB,0.28038,71.35688,0.29351,71.96
2026-03-05 20:42:15,Sheet1,sum of units,Univariate,ExpSmoothing,0.27657,70.38704,0.37578,72.34
2026-03-05 20:42:17,Sheet1,sum of units,Univariate,SARIMAX,0.25190,64.10885,0.32348,74.81
2026-03-05 20:46:13,Sheet1,sum of units,Univariate,Baseline_SMA,0.24251,61.71905,0.31142,75.75
2026-03-05 20:46:13,Sheet1,sum of units,Multivariate,Baseline_SMA,0.24251,61.71905,0.31142,75.75
2026-03-05 20:46:26,Sheet1,sum of units,Univariate,Prophet,0.24082,61.28907,0.30016,75.92
2026-03-05 20:47:16,Sheet1,sum of units,Univariate,LightGBM,0.26589,67.66787,0.27702,73.41
2026-03-05 20:47:50,Sheet1,sum of units,Univariate,HistGB,0.28038,71.35688,0.29351,71.96
2026-03-05 20:47:50,Sheet1,sum of units,Univariate,ExpSmoothing,0.27657,70.38704,0.37578,72.34
2026-03-05 20:47:53,Sheet1,sum of units,Univariate,SARIMAX,0.25190,64.10885,0.32348,74.81
2026-03-05 20:51:14,Sheet1,Canceled,Univariate,Baseline_SMA,0.59166,22.56190,0.35046,40.83
2026-03-05 20:51:14,Sheet1,Canceled,Multivariate,Baseline_SMA,0.59166,22.56190,0.35046,40.83
2026-03-05 20:51:32,Sheet1,Canceled,Univariate,TBATS,0.76846,29.30394,0.70773,23.15
2026-03-05 20:51:33,Sheet1,Canceled,Univariate,Prophet,0.64801,24.71082,0.67947,35.20
2026-03-05 20:51:34,Sheet1,Canceled,Univariate,LightGBM,0.61526,23.46197,0.48726,38.47
2026-03-05 20:51:43,Sheet1,Canceled,Univariate,HistGB,0.68747,26.21561,0.67122,31.25
2026-03-05 20:51:43,Sheet1,Canceled,Univariate,ExpSmoothing,0.61513,23.45678,0.53869,38.49
2026-03-05 20:51:44,Sheet1,Canceled,Univariate,SARIMAX,0.62966,24.01099,0.62534,37.03
2026-03-05 20:51:44,Sheet1,Canceled,Multivariate,LightGBM,0.48355,18.06713,0.54189,51.65
2026-03-05 20:52:57,Sheet1,Canceled,Multivariate,XGBoost,0.50051,18.70091,0.67196,49.95
2026-03-05 20:53:01,Sheet1,Canceled,Multivariate,HistGB,0.45433,16.97544,0.49773,54.57
2026-03-05 20:53:02,Sheet1,Canceled,Multivariate,ExtraTrees,0.42342,15.82058,0.38877,57.66
2026-03-05 20:53:02,Sheet1,Canceled,Multivariate,Ridge,0.44114,16.48273,0.38447,55.89
2026-03-05 20:53:02,Sheet1,Canceled,Multivariate,Huber,0.42654,15.93701,0.45224,57.35
2026-03-05 20:53:08,Sheet1,Canceled,Multivariate,ExtraTrees,0.42342,15.82058,0.38877,57.66
2026-03-05 21:12:13,Sheet1,Daily_Sales,Univariate,Baseline_SMA,0.19287,175.84595,0.17456,80.71
2026-03-05 21:12:13,Sheet1,Daily_Sales,Multivariate,Baseline_SMA,0.19287,175.84595,0.17456,80.71
2026-03-05 21:12:18,Sheet1,Daily_Sales,Univariate,Prophet,0.49690,453.04795,0.49856,50.31
2026-03-05 21:12:20,Sheet1,Daily_Sales,Univariate,LightGBM,0.19499,177.78673,0.19658,80.50
2026-03-05 21:12:28,Sheet1,Daily_Sales,Univariate,HistGB,0.21017,191.62501,0.21186,78.98
2026-03-05 21:12:29,Sheet1,Daily_Sales,Univariate,ExpSmoothing,0.07309,66.64011,0.07563,92.69
2026-03-05 21:12:30,Sheet1,Daily_Sales,Univariate,SARIMAX,0.14949,136.30042,0.14406,85.05
2026-03-05 21:16:07,Sheet1,Daily_Sales,Univariate,Baseline_SMA,0.19287,175.84595,0.17456,80.71
2026-03-05 21:16:07,Sheet1,Daily_Sales,Multivariate,Baseline_SMA,0.19287,175.84595,0.17456,80.71
2026-03-05 21:16:17,Sheet1,Daily_Sales,Univariate,Prophet,0.49690,453.04795,0.49856,50.31
2026-03-05 21:16:58,Sheet1,Daily_Sales,Univariate,LightGBM,0.19499,177.78673,0.19658,80.50
2026-03-05 21:19:00,Sheet1,Daily_Sales,Univariate,HistGB,0.21017,191.62501,0.21186,78.98
2026-03-05 21:19:00,Sheet1,Daily_Sales,Univariate,ExpSmoothing,0.07309,66.64011,0.07563,92.69
2026-03-05 21:19:02,Sheet1,Daily_Sales,Univariate,SARIMAX,0.14949,136.30042,0.14406,85.05
2026-03-05 21:19:02,Sheet1,Daily_Sales,Multivariate,LightGBM,0.08758,79.85218,0.08943,91.24
2026-03-05 21:19:10,Sheet1,Daily_Sales,Multivariate,XGBoost,0.08552,77.97121,0.08459,91.45
2026-03-05 21:19:13,Sheet1,Daily_Sales,Multivariate,HistGB,0.08986,81.93155,0.08977,91.01
2026-03-05 21:19:13,Sheet1,Daily_Sales,Multivariate,ExtraTrees,0.10832,98.76118,0.10498,89.17
2026-03-05 21:19:13,Sheet1,Daily_Sales,Multivariate,Ridge,0.04898,44.66163,0.04816,95.10
2026-03-05 21:19:15,Sheet1,Daily_Sales,Multivariate,Huber,0.04876,44.45440,0.04796,95.12
2026-03-05 21:19:20,Sheet1,Daily_Sales,Multivariate,Huber,0.04876,44.45440,0.04796,95.12
2026-03-05 21:24:41,Sheet1,Daily_Sales,Univariate,Baseline_SMA,0.19287,175.84595,0.17456,80.71
2026-03-05 21:24:41,Sheet1,Daily_Sales,Multivariate,Baseline_SMA,0.19287,175.84595,0.17456,80.71
2026-03-05 21:24:55,Sheet1,Daily_Sales,Univariate,Prophet,0.49690,453.04795,0.49856,50.31
2026-03-05 21:25:30,Sheet1,Daily_Sales,Univariate,LightGBM,0.19499,177.78673,0.19658,80.50
2026-03-05 21:32:13,Sheet1,Daily_Sales,Univariate,Baseline_SMA,0.19287,175.84595,0.17456,80.71
2026-03-05 21:32:13,Sheet1,Daily_Sales,Multivariate,Baseline_SMA,0.19287,175.84595,0.17456,80.71
2026-03-05 21:32:22,Sheet1,Daily_Sales,Univariate,Prophet,0.49690,453.04795,0.49856,50.31
2026-03-05 21:32:48,Sheet1,Daily_Sales,Univariate,LightGBM,0.19499,177.78673,0.19658,80.50
2026-03-05 21:33:07,Sheet1,Daily_Sales,Univariate,HistGB,0.21017,191.62501,0.21186,78.98
2026-03-05 21:33:07,Sheet1,Daily_Sales,Univariate,ExpSmoothing,0.07309,66.64011,0.07563,92.69
2026-03-05 21:33:08,Sheet1,Daily_Sales,Univariate,SARIMAX,0.14949,136.30042,0.14406,85.05
2026-03-05 21:33:09,Sheet1,Daily_Sales,Multivariate,LightGBM,0.08855,80.73953,0.08911,91.14
2026-03-05 21:33:24,Sheet1,Daily_Sales,Multivariate,XGBoost,0.08186,74.63732,0.08274,91.81
2026-03-05 21:36:22,Sheet1,Daily_Sales,Multivariate,HistGB,0.08728,79.57940,0.08959,91.27
2026-03-05 21:36:22,Sheet1,Daily_Sales,Multivariate,ExtraTrees,0.10354,94.40112,0.09984,89.65
2026-03-05 21:36:22,Sheet1,Daily_Sales,Multivariate,Ridge,0.04898,44.66163,0.04816,95.10
2026-03-05 21:36:28,Sheet1,Daily_Sales,Multivariate,Huber,0.04876,44.45688,0.04796,95.12
2026-03-05 21:36:43,Sheet1,Daily_Sales,Multivariate,Huber,0.04876,44.45688,0.04796,95.12
2026-03-05 21:51:05,Sheet1,Canceled,Univariate,Baseline_SMA,0.59166,22.56190,0.35046,40.83
2026-03-05 21:51:05,Sheet1,Canceled,Multivariate,Baseline_SMA,0.59166,22.56190,0.35046,40.83
2026-03-05 21:51:17,Sheet1,Canceled,Univariate,TBATS,0.76846,29.30394,0.70773,23.15
2026-03-05 21:51:17,Sheet1,Canceled,Univariate,Prophet,0.64801,24.71082,0.67947,35.20
2026-03-05 21:51:19,Sheet1,Canceled,Univariate,LightGBM,0.61526,23.46197,0.48726,38.47
2026-03-05 21:51:26,Sheet1,Canceled,Univariate,HistGB,0.68747,26.21561,0.67122,31.25
2026-03-05 21:51:26,Sheet1,Canceled,Univariate,ExpSmoothing,0.61513,23.45678,0.53869,38.49
2026-03-05 21:51:27,Sheet1,Canceled,Univariate,SARIMAX,0.62966,24.01099,0.62534,37.03
2026-03-05 21:51:27,Sheet1,Canceled,Multivariate,LightGBM,0.47734,17.83502,0.48981,52.27
2026-03-05 21:51:54,Sheet1,Canceled,Multivariate,XGBoost,0.47856,17.88073,0.51867,52.14
2026-03-05 21:51:55,Sheet1,Canceled,Multivariate,HistGB,0.46948,17.54145,0.46380,53.05
2026-03-05 21:51:56,Sheet1,Canceled,Multivariate,ExtraTrees,0.45859,17.13454,0.42565,54.14
2026-03-05 21:51:56,Sheet1,Canceled,Multivariate,Ridge,0.45864,17.13657,0.38660,54.14
2026-03-05 21:51:56,Sheet1,Canceled,Multivariate,Huber,0.45887,17.14505,0.44544,54.11
2026-03-05 21:52:01,Sheet1,Canceled,Multivariate,ExtraTrees,0.45859,17.13454,0.42565,54.14
2026-03-05 21:55:56,Sheet1,Daily_Sales,Univariate,Baseline_SMA,0.19287,175.84595,0.17456,80.71
2026-03-05 21:55:56,Sheet1,Daily_Sales,Multivariate,Baseline_SMA,0.19287,175.84595,0.17456,80.71
2026-03-05 21:56:00,Sheet1,Daily_Sales,Univariate,Prophet,0.49690,453.04795,0.49856,50.31
2026-03-05 21:56:05,Sheet1,Daily_Sales,Univariate,LightGBM,0.19499,177.78673,0.19658,80.50
2026-03-05 21:56:15,Sheet1,Daily_Sales,Univariate,HistGB,0.21017,191.62501,0.21186,78.98
2026-03-05 21:56:15,Sheet1,Daily_Sales,Univariate,ExpSmoothing,0.07309,66.64011,0.07563,92.69
2026-03-05 21:56:17,Sheet1,Daily_Sales,Univariate,SARIMAX,0.14949,136.30042,0.14406,85.05
2026-03-05 21:56:20,Sheet1,Daily_Sales,Multivariate,LightGBM,0.08633,78.70786,0.08750,91.37
2026-03-05 21:58:35,Sheet1,Daily_Sales,Multivariate,XGBoost,0.08364,76.25561,0.08391,91.64
2026-03-05 22:02:17,Sheet1,Daily_Sales,Multivariate,HistGB,0.08628,78.66403,0.08698,91.37
2026-03-05 22:02:17,Sheet1,Daily_Sales,Multivariate,ExtraTrees,0.10746,97.97586,0.10478,89.25
2026-03-05 22:02:17,Sheet1,Daily_Sales,Multivariate,Ridge,0.04898,44.66163,0.04816,95.10
2026-03-05 22:02:29,Sheet1,Daily_Sales,Multivariate,Huber,0.04875,44.45249,0.04795,95.12
2026-03-05 22:02:55,Sheet1,Daily_Sales,Multivariate,Huber,0.04875,44.45249,0.04795,95.12
